symbol,ts,open,high,low,close,volume
RELIANCE,2024-06-10 09:15:00,2899.59,2899.82,2898.61,2898.70,5389
RELIANCE,2024-06-10 09:16:00,2897.73,2898.60,2896.37,2896.85,1704
RELIANCE,2024-06-10 09:17:00,2896.71,2896.81,2896.57,2896.67,7773
RELIANCE,2024-06-10 09:18:00,2896.86,2898.28,2895.91,2897.29,1506
RELIANCE,2024-06-10 09:19:00,2897.50,2898.10,2896.04,2896.14,8032
RELIANCE,2024-06-10 09:20:00,2895.27,2895.90,2894.46,2895.28,5589
RELIANCE,2024-06-10 09:21:00,2896.08,2896.35,2895.21,2895.94,4050
RELIANCE,2024-06-10 09:22:00,2894.98,2896.05,2894.13,2895.32,5066
RELIANCE,2024-06-10 09:23:00,2895.79,2896.43,2895.32,2895.97,4712
RELIANCE,2024-06-10 09:24:00,2895.66,2896.03,2895.39,2895.89,1670
RELIANCE,2024-06-10 09:25:00,2896.10,2896.89,2894.79,2896.32,3358
RELIANCE,2024-06-10 09:26:00,2896.61,2896.72,2895.84,2895.99,3802
RELIANCE,2024-06-10 09:27:00,2895.16,2895.89,2895.10,2895.63,7263
RELIANCE,2024-06-10 09:28:00,2895.80,2896.98,2894.57,2895.39,3868
RELIANCE,2024-06-10 09:29:00,2895.65,2896.52,2894.97,2896.27,8738
RELIANCE,2024-06-10 09:30:00,2895.73,2896.78,2895.63,2896.47,3536
RELIANCE,2024-06-10 09:31:00,2896.86,2898.35,2895.63,2896.40,4160
RELIANCE,2024-06-10 09:32:00,2897.37,2897.89,2895.96,2896.65,6004
RELIANCE,2024-06-10 09:33:00,2895.74,2895.83,2894.59,2894.75,3028
RELIANCE,2024-06-10 09:34:00,2894.52,2895.90,2893.78,2894.13,4290
RELIANCE,2024-06-10 09:35:00,2894.28,2895.61,2893.05,2895.26,3280
RELIANCE,2024-06-10 09:36:00,2895.79,2897.27,2894.77,2895.72,2890
RELIANCE,2024-06-10 09:37:00,2894.89,2895.15,2894.54,2894.68,4972
RELIANCE,2024-06-10 09:38:00,2895.52,2895.79,2895.10,2895.20,5379
RELIANCE,2024-06-10 09:39:00,2894.90,2895.75,2893.47,2895.04,5222
RELIANCE,2024-06-10 09:40:00,2896.17,2897.15,2895.06,2896.01,8135
RELIANCE,2024-06-10 09:41:00,2896.72,2898.03,2895.52,2896.50,4268
RELIANCE,2024-06-10 09:42:00,2896.27,2896.99,2895.67,2895.92,2710
RELIANCE,2024-06-10 09:43:00,2895.80,2895.96,2894.90,2895.01,5643
RELIANCE,2024-06-10 09:44:00,2894.18,2894.33,2893.63,2893.65,8162
RELIANCE,2024-06-10 09:45:00,2892.96,2893.52,2892.01,2893.45,5933
RELIANCE,2024-06-10 09:46:00,2893.14,2893.32,2891.87,2893.31,4817
RELIANCE,2024-06-10 09:47:00,2893.29,2893.76,2893.07,2893.59,7064
RELIANCE,2024-06-10 09:48:00,2893.04,2894.28,2892.80,2892.83,8790
RELIANCE,2024-06-10 09:49:00,2893.96,2894.50,2892.92,2894.36,7210
RELIANCE,2024-06-10 09:50:00,2894.45,2895.92,2893.16,2895.08,3139
RELIANCE,2024-06-10 09:51:00,2895.15,2896.51,2894.62,2895.04,5436
RELIANCE,2024-06-10 09:52:00,2895.75,2896.24,2895.42,2896.09,7212
RELIANCE,2024-06-10 09:53:00,2896.98,2898.19,2895.75,2897.56,2857
RELIANCE,2024-06-10 09:54:00,2896.85,2897.59,2895.75,2897.57,7472
RELIANCE,2024-06-10 09:55:00,2897.05,2897.44,2896.01,2897.38,4663
RELIANCE,2024-06-10 09:56:00,2898.16,2899.24,2897.64,2899.20,1659
RELIANCE,2024-06-10 09:57:00,2898.54,2898.88,2898.24,2898.37,6112
RELIANCE,2024-06-10 09:58:00,2899.58,2900.50,2899.58,2900.42,3818
RELIANCE,2024-06-10 09:59:00,2901.18,2901.31,2900.19,2901.21,7408
RELIANCE,2024-06-10 10:00:00,2901.75,2902.05,2900.42,2901.13,6208
RELIANCE,2024-06-10 10:01:00,2900.74,2901.94,2899.28,2900.33,4288
RELIANCE,2024-06-10 10:02:00,2900.95,2901.08,2900.71,2901.08,1225
RELIANCE,2024-06-10 10:03:00,2900.25,2901.61,2899.04,2899.42,7770
RELIANCE,2024-06-10 10:04:00,2899.68,2900.39,2898.27,2898.60,5491
RELIANCE,2024-06-10 10:05:00,2897.72,2897.74,2896.26,2897.22,5313
RELIANCE,2024-06-10 10:06:00,2897.86,2898.07,2896.38,2896.71,8159
RELIANCE,2024-06-10 10:07:00,2896.03,2896.41,2895.59,2895.79,5804
RELIANCE,2024-06-10 10:08:00,2895.39,2896.21,2894.14,2894.27,7061
RELIANCE,2024-06-10 10:09:00,2893.94,2894.63,2893.06,2894.48,4445
RELIANCE,2024-06-10 10:10:00,2895.31,2896.63,2895.11,2895.34,5182
RELIANCE,2024-06-10 10:11:00,2894.19,2894.85,2893.92,2893.92,7546
RELIANCE,2024-06-10 10:12:00,2893.09,2893.30,2892.16,2892.30,1505
RELIANCE,2024-06-10 10:13:00,2891.90,2892.68,2891.07,2892.33,1869
RELIANCE,2024-06-10 10:14:00,2893.29,2893.38,2893.00,2893.02,1800
RELIANCE,2024-06-10 10:15:00,2893.06,2893.90,2891.92,2893.73,4631
RELIANCE,2024-06-10 10:16:00,2893.33,2894.79,2892.42,2892.89,3270
RELIANCE,2024-06-10 10:17:00,2892.80,2893.60,2892.08,2893.51,6727
RELIANCE,2024-06-10 10:18:00,2893.59,2894.90,2892.20,2894.69,8313
RELIANCE,2024-06-10 10:19:00,2895.80,2897.06,2895.59,2895.77,4621
RELIANCE,2024-06-10 10:20:00,2895.34,2896.35,2894.70,2895.05,3480
RELIANCE,2024-06-10 10:21:00,2895.77,2897.12,2895.54,2896.67,6408
RELIANCE,2024-06-10 10:22:00,2896.37,2896.75,2896.16,2896.44,7116
RELIANCE,2024-06-10 10:23:00,2897.57,2898.17,2896.84,2898.16,7819
RELIANCE,2024-06-10 10:24:00,2897.51,2898.57,2896.02,2897.05,4451
RELIANCE,2024-06-10 10:25:00,2896.33,2896.81,2895.25,2895.28,5538
RELIANCE,2024-06-10 10:26:00,2895.20,2896.25,2894.62,2895.46,3420
RELIANCE,2024-06-10 10:27:00,2895.52,2895.62,2894.04,2895.29,8960
RELIANCE,2024-06-10 10:28:00,2896.24,2896.37,2895.83,2896.32,2487
RELIANCE,2024-06-10 10:29:00,2895.78,2895.97,2895.15,2895.90,7709
RELIANCE,2024-06-10 10:30:00,2897.02,2897.63,2896.22,2896.95,5051
RELIANCE,2024-06-10 10:31:00,2897.47,2897.60,2897.38,2897.53,4484
RELIANCE,2024-06-10 10:32:00,2898.52,2898.92,2898.49,2898.53,3134
RELIANCE,2024-06-10 10:33:00,2897.54,2898.82,2897.44,2898.63,4717
RELIANCE,2024-06-10 10:34:00,2897.46,2898.95,2896.83,2898.77,6092
RELIANCE,2024-06-10 10:35:00,2897.89,2898.68,2897.53,2897.66,2322
RELIANCE,2024-06-10 10:36:00,2897.10,2897.37,2895.70,2896.75,5350
RELIANCE,2024-06-10 10:37:00,2897.41,2897.84,2896.66,2896.87,3842
RELIANCE,2024-06-10 10:38:00,2897.64,2899.13,2897.58,2897.61,5142
RELIANCE,2024-06-10 10:39:00,2897.76,2898.04,2897.05,2897.98,1870
RELIANCE,2024-06-10 10:40:00,2898.39,2899.37,2897.41,2898.48,8280
RELIANCE,2024-06-10 10:41:00,2898.24,2899.00,2897.21,2898.97,3807
RELIANCE,2024-06-10 10:42:00,2898.26,2899.58,2897.17,2897.51,3847
RELIANCE,2024-06-10 10:43:00,2898.72,2899.98,2898.70,2899.50,8207
RELIANCE,2024-06-10 10:44:00,2898.93,2899.17,2898.80,2899.11,8131
RELIANCE,2024-06-10 10:45:00,2899.15,2900.61,2898.25,2899.88,1370
RELIANCE,2024-06-10 10:46:00,2899.81,2900.05,2899.14,2899.38,8878
RELIANCE,2024-06-10 10:47:00,2898.99,2900.47,2898.50,2898.57,8228
RELIANCE,2024-06-10 10:48:00,2898.13,2898.66,2898.13,2898.33,4888
RELIANCE,2024-06-10 10:49:00,2897.81,2898.79,2897.44,2898.49,1744
RELIANCE,2024-06-10 10:50:00,2897.94,2898.07,2897.34,2897.37,1184
RELIANCE,2024-06-10 10:51:00,2896.90,2897.84,2896.77,2897.79,7989
RELIANCE,2024-06-10 10:52:00,2898.43,2899.42,2897.36,2899.17,4190
RELIANCE,2024-06-10 10:53:00,2899.84,2900.92,2899.10,2899.62,6068
RELIANCE,2024-06-10 10:54:00,2900.00,2900.07,2898.75,2899.93,6139
RELIANCE,2024-06-10 10:55:00,2899.78,2900.83,2899.02,2900.67,7167
RELIANCE,2024-06-10 10:56:00,2900.71,2901.96,2899.50,2901.53,5784
RELIANCE,2024-06-10 10:57:00,2902.29,2903.36,2900.86,2902.47,1697
RELIANCE,2024-06-10 10:58:00,2901.35,2901.55,2900.81,2900.89,7847
RELIANCE,2024-06-10 10:59:00,2900.80,2900.88,2900.77,2900.83,3003
RELIANCE,2024-06-10 11:00:00,2900.83,2900.83,2899.63,2900.53,5120
RELIANCE,2024-06-10 11:01:00,2901.53,2901.67,2900.74,2901.43,4881
RELIANCE,2024-06-10 11:02:00,2900.85,2900.96,2900.45,2900.82,2681
RELIANCE,2024-06-10 11:03:00,2900.19,2901.16,2899.50,2900.90,1628
RELIANCE,2024-06-10 11:04:00,2900.87,2901.90,2899.72,2901.07,6265
RELIANCE,2024-06-10 11:05:00,2900.36,2901.26,2899.86,2900.77,6676
RELIANCE,2024-06-10 11:06:00,2900.32,2901.17,2900.30,2900.35,3201
RELIANCE,2024-06-10 11:07:00,2901.53,2901.68,2901.20,2901.44,6807
RELIANCE,2024-06-10 11:08:00,2901.51,2902.21,2900.81,2900.98,8320
RELIANCE,2024-06-10 11:09:00,2901.13,2901.60,2901.00,2901.28,3372
RELIANCE,2024-06-10 11:10:00,2901.20,2902.43,2899.75,2900.95,3200
RELIANCE,2024-06-10 11:11:00,2900.70,2902.07,2899.30,2899.51,1739
RELIANCE,2024-06-10 11:12:00,2898.66,2899.45,2897.23,2897.52,7719
RELIANCE,2024-06-10 11:13:00,2897.87,2898.29,2897.70,2897.92,5078
RELIANCE,2024-06-10 11:14:00,2898.92,2899.65,2898.88,2898.88,5027
RELIANCE,2024-06-10 11:15:00,2899.35,2899.96,2898.26,2898.97,4081
RELIANCE,2024-06-10 11:16:00,2898.54,2899.80,2898.54,2899.49,7873
RELIANCE,2024-06-10 11:17:00,2899.27,2900.68,2898.98,2899.00,7061
RELIANCE,2024-06-10 11:18:00,2898.51,2899.07,2897.92,2899.07,5826
RELIANCE,2024-06-10 11:19:00,2898.06,2899.45,2896.93,2899.08,3298
RELIANCE,2024-06-10 11:20:00,2898.13,2899.38,2897.70,2899.27,3042
RELIANCE,2024-06-10 11:21:00,2900.45,2901.10,2899.98,2900.85,7431
RELIANCE,2024-06-10 11:22:00,2901.99,2903.32,2900.77,2902.38,8482
RELIANCE,2024-06-10 11:23:00,2903.33,2904.16,2903.02,2903.11,8646
RELIANCE,2024-06-10 11:24:00,2903.70,2904.38,2902.57,2903.74,3344
RELIANCE,2024-06-10 11:25:00,2903.73,2905.10,2902.90,2903.28,4398
RELIANCE,2024-06-10 11:26:00,2902.92,2903.37,2901.81,2903.33,3131
RELIANCE,2024-06-10 11:27:00,2903.13,2903.49,2902.41,2903.13,1980
RELIANCE,2024-06-10 11:28:00,2902.34,2902.58,2902.03,2902.53,5072
RELIANCE,2024-06-10 11:29:00,2902.68,2903.36,2902.18,2903.08,4501
RELIANCE,2024-06-10 11:30:00,2902.22,2902.51,2902.08,2902.23,1746
RELIANCE,2024-06-10 11:31:00,2901.81,2902.36,2900.60,2900.96,1164
RELIANCE,2024-06-10 11:32:00,2901.60,2902.22,2900.98,2901.63,4087
RELIANCE,2024-06-10 11:33:00,2901.09,2902.22,2900.34,2901.42,3950
RELIANCE,2024-06-10 11:34:00,2900.53,2901.29,2899.59,2901.06,2769
RELIANCE,2024-06-10 11:35:00,2900.09,2901.44,2899.51,2900.76,4537
RELIANCE,2024-06-10 11:36:00,2901.90,2903.17,2900.59,2900.65,1264
RELIANCE,2024-06-10 11:37:00,2900.49,2901.64,2899.28,2901.57,5012
RELIANCE,2024-06-10 11:38:00,2900.37,2900.96,2898.98,2900.61,8007
RELIANCE,2024-06-10 11:39:00,2900.56,2901.23,2899.39,2899.80,2245
RELIANCE,2024-06-10 11:40:00,2899.88,2900.90,2898.47,2900.22,6303
RELIANCE,2024-06-10 11:41:00,2901.09,2902.43,2900.96,2902.10,1011
RELIANCE,2024-06-10 11:42:00,2902.82,2903.17,2901.44,2902.56,3488
RELIANCE,2024-06-10 11:43:00,2903.72,2904.66,2902.93,2903.69,7257
RELIANCE,2024-06-10 11:44:00,2902.76,2902.87,2901.97,2902.49,4179
RELIANCE,2024-06-10 11:45:00,2901.93,2903.12,2901.93,2902.57,4773
RELIANCE,2024-06-10 11:46:00,2902.05,2902.52,2900.79,2901.21,5311
RELIANCE,2024-06-10 11:47:00,2900.59,2900.96,2899.15,2900.43,3518
RELIANCE,2024-06-10 11:48:00,2899.37,2899.66,2898.04,2899.09,1664
RELIANCE,2024-06-10 11:49:00,2898.52,2899.52,2897.13,2897.67,1279
RELIANCE,2024-06-10 11:50:00,2898.17,2899.25,2897.63,2898.27,1055
RELIANCE,2024-06-10 11:51:00,2899.02,2900.13,2898.26,2898.64,8945
RELIANCE,2024-06-10 11:52:00,2897.93,2899.08,2897.64,2898.31,3171
RELIANCE,2024-06-10 11:53:00,2898.97,2899.41,2897.54,2898.47,2534
RELIANCE,2024-06-10 11:54:00,2899.47,2900.20,2898.10,2898.22,5872
RELIANCE,2024-06-10 11:55:00,2897.38,2897.97,2897.06,2897.95,2162
RELIANCE,2024-06-10 11:56:00,2897.77,2898.83,2897.49,2898.09,6832
RELIANCE,2024-06-10 11:57:00,2899.05,2900.15,2897.55,2899.97,3697
RELIANCE,2024-06-10 11:58:00,2899.24,2900.22,2898.45,2899.28,3554
RELIANCE,2024-06-10 11:59:00,2899.71,2900.28,2899.15,2899.52,2386
RELIANCE,2024-06-10 12:00:00,2898.59,2898.71,2898.47,2898.57,8251
RELIANCE,2024-06-10 12:01:00,2897.67,2899.12,2897.36,2897.99,7730
RELIANCE,2024-06-10 12:02:00,2897.55,2898.76,2897.42,2898.37,2603
RELIANCE,2024-06-10 12:03:00,2898.08,2899.46,2897.79,2898.40,8348
RELIANCE,2024-06-10 12:04:00,2898.36,2899.31,2897.99,2898.82,4315
RELIANCE,2024-06-10 12:05:00,2897.72,2897.77,2897.63,2897.76,3105
RELIANCE,2024-06-10 12:06:00,2897.04,2897.13,2896.13,2896.49,3744
RELIANCE,2024-06-10 12:07:00,2897.64,2898.57,2897.25,2898.20,3592
RELIANCE,2024-06-10 12:08:00,2899.26,2899.71,2898.18,2899.09,7599
RELIANCE,2024-06-10 12:09:00,2899.44,2900.85,2899.40,2899.74,4892
RELIANCE,2024-06-10 12:10:00,2900.29,2900.99,2899.13,2900.60,8483
RELIANCE,2024-06-10 12:11:00,2900.45,2901.19,2899.06,2899.45,7574
RELIANCE,2024-06-10 12:12:00,2900.53,2900.98,2899.49,2899.72,2934
RELIANCE,2024-06-10 12:13:00,2899.32,2899.80,2898.78,2899.58,1647
RELIANCE,2024-06-10 12:14:00,2899.63,2900.22,2899.39,2899.73,6321
RELIANCE,2024-06-10 12:15:00,2898.61,2899.44,2898.12,2899.41,8237
RELIANCE,2024-06-10 12:16:00,2898.47,2898.58,2897.53,2897.75,4449
RELIANCE,2024-06-10 12:17:00,2897.77,2898.83,2897.10,2897.51,4414
RELIANCE,2024-06-10 12:18:00,2897.44,2898.78,2897.09,2898.00,7339
RELIANCE,2024-06-10 12:19:00,2898.43,2898.61,2897.17,2897.59,5643
RELIANCE,2024-06-10 12:20:00,2897.05,2897.43,2896.66,2897.00,2521
RELIANCE,2024-06-10 12:21:00,2896.40,2896.63,2895.07,2895.97,3673
RELIANCE,2024-06-10 12:22:00,2894.93,2895.31,2894.56,2894.95,6321
RELIANCE,2024-06-10 12:23:00,2895.73,2896.71,2894.24,2894.49,4889
RELIANCE,2024-06-10 12:24:00,2895.45,2895.80,2894.78,2895.16,8183
RELIANCE,2024-06-10 12:25:00,2894.68,2894.86,2894.40,2894.85,5777
RELIANCE,2024-06-10 12:26:00,2894.13,2894.24,2893.36,2893.52,5940
RELIANCE,2024-06-10 12:27:00,2892.96,2894.13,2891.54,2891.81,5883
RELIANCE,2024-06-10 12:28:00,2892.35,2892.87,2892.29,2892.49,1361
RELIANCE,2024-06-10 12:29:00,2891.79,2892.17,2890.89,2891.72,2666
RELIANCE,2024-06-10 12:30:00,2892.52,2893.75,2891.91,2892.59,6087
RELIANCE,2024-06-10 12:31:00,2892.15,2892.46,2890.96,2891.78,1518
RELIANCE,2024-06-10 12:32:00,2891.58,2892.77,2890.58,2890.92,5374
RELIANCE,2024-06-10 12:33:00,2889.94,2890.19,2888.90,2889.43,3320
RELIANCE,2024-06-10 12:34:00,2889.87,2890.50,2889.79,2890.32,8239
RELIANCE,2024-06-10 12:35:00,2890.00,2890.62,2888.70,2890.61,3980
RELIANCE,2024-06-10 12:36:00,2890.99,2891.58,2890.38,2891.51,4556
RELIANCE,2024-06-10 12:37:00,2892.52,2893.16,2891.29,2892.05,8232
RELIANCE,2024-06-10 12:38:00,2891.74,2892.90,2891.55,2891.62,2167
RELIANCE,2024-06-10 12:39:00,2891.99,2893.35,2891.86,2892.79,4037
RELIANCE,2024-06-10 12:40:00,2893.40,2893.66,2892.88,2893.01,2407
RELIANCE,2024-06-10 12:41:00,2894.08,2894.24,2893.34,2894.06,8920
RELIANCE,2024-06-10 12:42:00,2894.83,2895.28,2893.57,2893.64,8477
RELIANCE,2024-06-10 12:43:00,2893.62,2893.70,2892.23,2892.80,8407
RELIANCE,2024-06-10 12:44:00,2893.35,2894.38,2892.01,2893.53,8017
RELIANCE,2024-06-10 12:45:00,2892.87,2893.48,2891.60,2893.16,2498
RELIANCE,2024-06-10 12:46:00,2893.35,2893.41,2891.94,2892.17,3942
RELIANCE,2024-06-10 12:47:00,2891.27,2891.64,2890.18,2891.49,1336
RELIANCE,2024-06-10 12:48:00,2892.46,2893.72,2891.45,2892.97,3655
RELIANCE,2024-06-10 12:49:00,2892.06,2892.96,2891.23,2892.31,3508
RELIANCE,2024-06-10 12:50:00,2892.70,2893.16,2892.33,2892.65,4010
RELIANCE,2024-06-10 12:51:00,2892.54,2893.20,2892.50,2892.93,5009
RELIANCE,2024-06-10 12:52:00,2892.87,2893.54,2891.94,2893.25,7852
RELIANCE,2024-06-10 12:53:00,2892.49,2893.20,2892.33,2892.44,4527
RELIANCE,2024-06-10 12:54:00,2892.14,2893.34,2891.38,2892.67,1333
RELIANCE,2024-06-10 12:55:00,2893.03,2893.15,2891.93,2892.88,5190
RELIANCE,2024-06-10 12:56:00,2891.88,2893.01,2890.54,2892.15,7424
RELIANCE,2024-06-10 12:57:00,2891.28,2892.57,2889.79,2891.83,7676
RELIANCE,2024-06-10 12:58:00,2890.90,2891.10,2889.57,2890.01,7643
RELIANCE,2024-06-10 12:59:00,2891.05,2891.30,2889.87,2891.20,1536
RELIANCE,2024-06-10 13:00:00,2892.04,2892.96,2891.66,2892.08,6026
RELIANCE,2024-06-10 13:01:00,2891.55,2892.77,2891.33,2892.05,8535
RELIANCE,2024-06-10 13:02:00,2892.03,2892.92,2891.11,2891.54,4049
RELIANCE,2024-06-10 13:03:00,2890.43,2890.70,2890.19,2890.67,6567
RELIANCE,2024-06-10 13:04:00,2890.27,2890.84,2889.08,2889.55,7293
RELIANCE,2024-06-10 13:05:00,2889.65,2890.60,2889.11,2890.41,5548
RELIANCE,2024-06-10 13:06:00,2890.49,2891.52,2889.15,2889.75,5388
RELIANCE,2024-06-10 13:07:00,2890.09,2890.68,2888.89,2889.36,4022
RELIANCE,2024-06-10 13:08:00,2889.57,2890.11,2888.42,2889.17,2447
RELIANCE,2024-06-10 13:09:00,2889.48,2890.92,2889.04,2890.01,3540
RELIANCE,2024-06-10 13:10:00,2890.38,2891.86,2889.50,2891.07,3561
RELIANCE,2024-06-10 13:11:00,2891.67,2892.79,2891.34,2891.76,6125
RELIANCE,2024-06-10 13:12:00,2891.62,2892.39,2890.28,2890.56,2861
RELIANCE,2024-06-10 13:13:00,2890.86,2890.93,2890.78,2890.87,3488
RELIANCE,2024-06-10 13:14:00,2889.93,2890.47,2889.59,2890.10,5825
RELIANCE,2024-06-10 13:15:00,2889.23,2889.78,2887.99,2888.27,1115
RELIANCE,2024-06-10 13:16:00,2889.36,2889.73,2889.14,2889.20,6228
RELIANCE,2024-06-10 13:17:00,2888.35,2889.35,2887.95,2889.09,8922
RELIANCE,2024-06-10 13:18:00,2887.92,2888.89,2887.08,2887.71,6288
RELIANCE,2024-06-10 13:19:00,2887.93,2888.83,2887.15,2887.98,2352
RELIANCE,2024-06-10 13:20:00,2888.99,2889.06,2888.19,2888.54,2946
RELIANCE,2024-06-10 13:21:00,2887.73,2889.10,2887.57,2888.51,6380
RELIANCE,2024-06-10 13:22:00,2889.62,2889.83,2889.32,2889.63,5152
RELIANCE,2024-06-10 13:23:00,2890.02,2890.64,2889.10,2889.88,1522
RELIANCE,2024-06-10 13:24:00,2889.42,2889.49,2888.09,2889.19,6860
RELIANCE,2024-06-10 13:25:00,2889.31,2889.87,2888.66,2889.76,1659
RELIANCE,2024-06-10 13:26:00,2890.38,2891.06,2890.04,2890.15,2902
RELIANCE,2024-06-10 13:27:00,2890.53,2890.71,2889.19,2890.60,8723
RELIANCE,2024-06-10 13:28:00,2891.47,2892.54,2891.07,2891.88,4572
RELIANCE,2024-06-10 13:29:00,2892.36,2893.74,2890.90,2891.74,8606
RELIANCE,2024-06-10 13:30:00,2892.90,2893.23,2891.58,2891.61,3132
RELIANCE,2024-06-10 13:31:00,2892.63,2893.89,2892.33,2892.58,8495
RELIANCE,2024-06-10 13:32:00,2892.18,2893.50,2891.69,2892.12,8434
RELIANCE,2024-06-10 13:33:00,2893.01,2894.39,2891.54,2893.94,5393
RELIANCE,2024-06-10 13:34:00,2893.89,2895.15,2892.84,2894.82,4581
RELIANCE,2024-06-10 13:35:00,2895.96,2896.31,2894.63,2895.96,4207
RELIANCE,2024-06-10 13:36:00,2896.29,2896.41,2894.92,2895.14,1220
RELIANCE,2024-06-10 13:37:00,2894.21,2895.14,2893.97,2895.11,6740
RELIANCE,2024-06-10 13:38:00,2893.98,2894.04,2892.94,2893.64,6709
RELIANCE,2024-06-10 13:39:00,2892.61,2892.68,2891.33,2892.36,2632
RELIANCE,2024-06-10 13:40:00,2893.16,2894.39,2891.82,2891.99,8108
RELIANCE,2024-06-10 13:41:00,2892.64,2893.71,2892.06,2892.47,2664
RELIANCE,2024-06-10 13:42:00,2891.54,2891.59,2890.27,2891.34,6195
RELIANCE,2024-06-10 13:43:00,2890.35,2891.48,2889.40,2890.39,2086
RELIANCE,2024-06-10 13:44:00,2889.43,2890.57,2889.12,2889.58,4471
RELIANCE,2024-06-10 13:45:00,2889.02,2889.55,2887.62,2887.71,7224
RELIANCE,2024-06-10 13:46:00,2887.41,2887.89,2885.96,2886.93,7974
RELIANCE,2024-06-10 13:47:00,2886.43,2887.55,2885.25,2885.32,5248
RELIANCE,2024-06-10 13:48:00,2886.01,2886.53,2884.95,2885.80,2774
RELIANCE,2024-06-10 13:49:00,2886.35,2887.59,2885.49,2886.09,4572
RELIANCE,2024-06-10 13:50:00,2884.89,2885.19,2883.75,2885.16,1035
RELIANCE,2024-06-10 13:51:00,2884.81,2884.95,2883.77,2884.74,8922
RELIANCE,2024-06-10 13:52:00,2884.75,2885.27,2883.50,2883.96,8732
RELIANCE,2024-06-10 13:53:00,2883.15,2884.37,2881.74,2882.35,2358
RELIANCE,2024-06-10 13:54:00,2881.42,2882.37,2881.30,2882.14,6711
RELIANCE,2024-06-10 13:55:00,2882.32,2882.48,2881.83,2881.89,8606
RELIANCE,2024-06-10 13:56:00,2881.66,2883.00,2881.53,2882.84,1206
RELIANCE,2024-06-10 13:57:00,2882.55,2883.00,2881.91,2882.50,2401
RELIANCE,2024-06-10 13:58:00,2882.23,2883.56,2881.88,2882.65,5354
RELIANCE,2024-06-10 13:59:00,2882.91,2883.94,2882.00,2882.07,5764
RELIANCE,2024-06-10 14:00:00,2881.67,2881.90,2880.41,2881.40,7078
RELIANCE,2024-06-10 14:01:00,2880.99,2881.68,2879.96,2880.40,2892
RELIANCE,2024-06-10 14:02:00,2879.51,2880.20,2878.18,2878.66,2569
RELIANCE,2024-06-10 14:03:00,2878.12,2879.25,2876.88,2878.34,6925
RELIANCE,2024-06-10 14:04:00,2877.52,2877.89,2877.03,2877.48,2318
RELIANCE,2024-06-10 14:05:00,2876.86,2878.29,2876.47,2878.21,1833
RELIANCE,2024-06-10 14:06:00,2877.41,2878.40,2877.12,2877.31,2215
RELIANCE,2024-06-10 14:07:00,2878.06,2879.16,2877.41,2877.75,6226
RELIANCE,2024-06-10 14:08:00,2878.78,2879.20,2877.45,2878.26,1103
RELIANCE,2024-06-10 14:09:00,2878.04,2879.23,2877.00,2878.12,6180
RELIANCE,2024-06-10 14:10:00,2877.65,2877.68,2877.26,2877.57,1045
RELIANCE,2024-06-10 14:11:00,2878.19,2879.55,2877.54,2878.69,7136
RELIANCE,2024-06-10 14:12:00,2879.08,2880.35,2878.08,2879.56,8189
RELIANCE,2024-06-10 14:13:00,2880.26,2881.31,2878.98,2880.56,6255
RELIANCE,2024-06-10 14:14:00,2879.66,2880.31,2879.27,2880.00,8329
RELIANCE,2024-06-10 14:15:00,2879.83,2881.00,2878.76,2880.17,3048
RELIANCE,2024-06-10 14:16:00,2881.05,2881.77,2881.02,2881.66,5245
RELIANCE,2024-06-10 14:17:00,2882.11,2883.51,2881.84,2882.93,7374
RELIANCE,2024-06-10 14:18:00,2881.76,2883.01,2880.40,2880.68,3058
RELIANCE,2024-06-10 14:19:00,2880.81,2881.05,2879.64,2880.97,5253
RELIANCE,2024-06-10 14:20:00,2880.62,2881.89,2879.93,2880.33,4897
RELIANCE,2024-06-10 14:21:00,2880.38,2881.34,2879.14,2880.29,4361
RELIANCE,2024-06-10 14:22:00,2880.91,2881.60,2879.42,2879.82,5208
RELIANCE,2024-06-10 14:23:00,2880.49,2880.67,2879.01,2879.60,1463
RELIANCE,2024-06-10 14:24:00,2879.02,2879.59,2878.93,2878.98,8499
RELIANCE,2024-06-10 14:25:00,2878.81,2879.86,2878.28,2878.70,2838
RELIANCE,2024-06-10 14:26:00,2878.24,2878.84,2876.81,2878.78,7565
RELIANCE,2024-06-10 14:27:00,2879.93,2880.62,2879.68,2880.55,1564
RELIANCE,2024-06-10 14:28:00,2881.33,2882.28,2880.63,2881.56,2851
RELIANCE,2024-06-10 14:29:00,2882.36,2882.58,2881.36,2882.37,7514
RELIANCE,2024-06-10 14:30:00,2883.17,2883.87,2882.73,2883.36,2025
RELIANCE,2024-06-10 14:31:00,2884.07,2884.77,2882.89,2883.32,6768
RELIANCE,2024-06-10 14:32:00,2883.04,2883.42,2882.40,2882.59,1022
RELIANCE,2024-06-10 14:33:00,2883.36,2884.56,2882.82,2883.96,3624
RELIANCE,2024-06-10 14:34:00,2883.93,2884.57,2882.97,2884.02,3969
RELIANCE,2024-06-10 14:35:00,2883.19,2883.64,2882.61,2882.70,5625
RELIANCE,2024-06-10 14:36:00,2883.72,2884.90,2883.51,2884.67,6186
RELIANCE,2024-06-10 14:37:00,2884.90,2885.89,2884.59,2884.68,3400
RELIANCE,2024-06-10 14:38:00,2884.09,2884.24,2883.88,2883.96,7359
RELIANCE,2024-06-10 14:39:00,2883.87,2885.05,2883.56,2884.16,5378
RELIANCE,2024-06-10 14:40:00,2883.37,2884.71,2882.46,2884.22,6476
RELIANCE,2024-06-10 14:41:00,2885.23,2886.05,2884.28,2884.81,5050
RELIANCE,2024-06-10 14:42:00,2885.31,2886.11,2884.20,2885.04,8230
RELIANCE,2024-06-10 14:43:00,2884.13,2884.31,2883.50,2884.17,4876
RELIANCE,2024-06-10 14:44:00,2884.18,2884.27,2883.48,2883.59,5025
RELIANCE,2024-06-10 14:45:00,2882.99,2883.24,2882.09,2882.93,2313
RELIANCE,2024-06-10 14:46:00,2883.79,2884.49,2882.95,2883.97,7885
RELIANCE,2024-06-10 14:47:00,2883.91,2884.55,2882.41,2883.86,2478
RELIANCE,2024-06-10 14:48:00,2884.22,2885.17,2884.18,2884.78,6591
RELIANCE,2024-06-10 14:49:00,2885.38,2886.88,2884.17,2884.42,4966
RELIANCE,2024-06-10 14:50:00,2884.41,2885.76,2884.36,2885.37,6122
RELIANCE,2024-06-10 14:51:00,2884.48,2884.62,2883.49,2883.88,7377
RELIANCE,2024-06-10 14:52:00,2883.97,2885.13,2883.65,2884.29,4460
RELIANCE,2024-06-10 14:53:00,2883.71,2883.79,2883.28,2883.46,5044
RELIANCE,2024-06-10 14:54:00,2883.25,2884.01,2882.84,2883.43,8987
RELIANCE,2024-06-10 14:55:00,2882.73,2883.47,2882.55,2882.73,6842
RELIANCE,2024-06-10 14:56:00,2882.26,2883.14,2881.31,2882.75,1328
RELIANCE,2024-06-10 14:57:00,2882.53,2883.36,2881.92,2882.75,4264
RELIANCE,2024-06-10 14:58:00,2882.29,2882.30,2882.01,2882.28,5986
RELIANCE,2024-06-10 14:59:00,2882.96,2883.05,2882.21,2882.67,4080
RELIANCE,2024-06-10 15:00:00,2882.98,2883.92,2881.94,2883.12,6578
RELIANCE,2024-06-10 15:01:00,2882.12,2882.18,2881.17,2881.80,2424
RELIANCE,2024-06-10 15:02:00,2880.85,2881.12,2880.79,2881.05,8488
RELIANCE,2024-06-10 15:03:00,2882.13,2882.15,2880.82,2881.00,3534
RELIANCE,2024-06-10 15:04:00,2881.18,2881.57,2880.73,2881.08,3608
RELIANCE,2024-06-10 15:05:00,2879.93,2880.78,2879.06,2880.63,5077
RELIANCE,2024-06-10 15:06:00,2880.82,2880.88,2880.64,2880.83,5713
RELIANCE,2024-06-10 15:07:00,2881.33,2881.94,2881.23,2881.71,5864
RELIANCE,2024-06-10 15:08:00,2881.96,2883.37,2880.49,2881.86,4378
RELIANCE,2024-06-10 15:09:00,2882.00,2882.12,2881.29,2882.03,6135
RELIANCE,2024-06-10 15:10:00,2880.87,2880.88,2879.84,2879.97,8916
RELIANCE,2024-06-10 15:11:00,2880.87,2881.20,2880.69,2880.93,3256
RELIANCE,2024-06-10 15:12:00,2881.49,2881.85,2880.39,2880.66,1410
RELIANCE,2024-06-10 15:13:00,2880.36,2881.48,2879.32,2879.63,7220
RELIANCE,2024-06-10 15:14:00,2878.64,2879.58,2877.58,2878.50,8637
RELIANCE,2024-06-10 15:15:00,2879.48,2880.85,2879.40,2879.45,1496
RELIANCE,2024-06-10 15:16:00,2878.29,2879.27,2877.06,2877.24,3548
RELIANCE,2024-06-10 15:17:00,2876.81,2877.71,2875.37,2877.32,5988
RELIANCE,2024-06-10 15:18:00,2876.27,2876.82,2875.41,2876.03,6544
RELIANCE,2024-06-10 15:19:00,2875.24,2876.69,2875.06,2876.61,2343
RELIANCE,2024-06-10 15:20:00,2876.95,2877.58,2876.37,2877.32,8740
RELIANCE,2024-06-10 15:21:00,2876.79,2877.92,2876.29,2876.75,6094
RELIANCE,2024-06-10 15:22:00,2877.94,2878.99,2876.70,2877.46,5962
RELIANCE,2024-06-10 15:23:00,2878.04,2878.06,2877.81,2878.02,5789
RELIANCE,2024-06-10 15:24:00,2877.87,2879.20,2877.30,2878.60,5929
RELIANCE,2024-06-10 15:25:00,2879.29,2879.64,2878.61,2879.32,3633
RELIANCE,2024-06-10 15:26:00,2878.76,2879.39,2877.88,2879.11,8269
RELIANCE,2024-06-10 15:27:00,2879.83,2880.26,2879.62,2880.19,5685
RELIANCE,2024-06-10 15:28:00,2879.35,2880.81,2878.15,2879.61,7365
RELIANCE,2024-06-10 15:29:00,2880.65,2881.17,2880.52,2880.88,7532
RELIANCE,2024-06-11 09:15:00,2880.62,2881.80,2879.54,2881.76,3535
RELIANCE,2024-06-11 09:16:00,2882.05,2883.07,2881.35,2881.71,3086
RELIANCE,2024-06-11 09:17:00,2881.95,2881.96,2881.37,2881.69,5392
RELIANCE,2024-06-11 09:18:00,2882.47,2883.63,2882.12,2883.00,8347
RELIANCE,2024-06-11 09:19:00,2882.44,2883.69,2881.96,2882.84,2653
RELIANCE,2024-06-11 09:20:00,2882.10,2882.39,2881.83,2882.22,3972
RELIANCE,2024-06-11 09:21:00,2882.44,2882.98,2881.27,2882.74,3017
RELIANCE,2024-06-11 09:22:00,2881.65,2883.15,2881.09,2881.31,6183
RELIANCE,2024-06-11 09:23:00,2881.25,2881.37,2880.78,2880.80,3298
RELIANCE,2024-06-11 09:24:00,2880.87,2880.90,2880.82,2880.90,8094
RELIANCE,2024-06-11 09:25:00,2881.09,2881.97,2880.77,2881.88,3292
RELIANCE,2024-06-11 09:26:00,2881.72,2883.14,2880.57,2882.67,8892
RELIANCE,2024-06-11 09:27:00,2881.79,2883.06,2881.28,2883.05,4098
RELIANCE,2024-06-11 09:28:00,2882.05,2882.13,2881.21,2882.01,4754
RELIANCE,2024-06-11 09:29:00,2882.00,2883.27,2880.66,2882.91,6241
RELIANCE,2024-06-11 09:30:00,2882.68,2882.86,2881.24,2881.66,5624
RELIANCE,2024-06-11 09:31:00,2881.03,2881.16,2879.65,2880.41,2496
RELIANCE,2024-06-11 09:32:00,2880.31,2880.55,2878.86,2880.54,2816
RELIANCE,2024-06-11 09:33:00,2879.76,2881.17,2878.35,2878.52,5528
RELIANCE,2024-06-11 09:34:00,2879.54,2880.80,2879.47,2880.52,6813
RELIANCE,2024-06-11 09:35:00,2881.13,2882.27,2880.40,2880.59,3602
RELIANCE,2024-06-11 09:36:00,2881.24,2882.65,2880.22,2880.95,5845
RELIANCE,2024-06-11 09:37:00,2880.83,2881.81,2880.12,2880.75,4195
RELIANCE,2024-06-11 09:38:00,2879.85,2880.57,2879.60,2879.83,2172
RELIANCE,2024-06-11 09:39:00,2880.87,2882.21,2880.17,2882.03,7544
RELIANCE,2024-06-11 09:40:00,2880.92,2882.31,2880.59,2882.20,8100
RELIANCE,2024-06-11 09:41:00,2881.91,2883.03,2880.74,2882.93,8585
RELIANCE,2024-06-11 09:42:00,2884.01,2885.27,2883.07,2884.07,3783
RELIANCE,2024-06-11 09:43:00,2883.66,2884.01,2883.49,2883.68,3719
RELIANCE,2024-06-11 09:44:00,2883.02,2883.11,2881.95,2882.59,2185
RELIANCE,2024-06-11 09:45:00,2882.47,2882.69,2881.84,2882.05,1208
RELIANCE,2024-06-11 09:46:00,2881.51,2882.77,2881.01,2881.31,5022
RELIANCE,2024-06-11 09:47:00,2880.38,2881.06,2879.66,2879.87,5206
RELIANCE,2024-06-11 09:48:00,2878.81,2880.15,2877.81,2878.30,4911
RELIANCE,2024-06-11 09:49:00,2879.15,2879.33,2878.02,2879.29,4539
RELIANCE,2024-06-11 09:50:00,2880.52,2882.02,2879.13,2879.41,3370
RELIANCE,2024-06-11 09:51:00,2879.23,2879.47,2877.98,2879.44,2182
RELIANCE,2024-06-11 09:52:00,2880.64,2880.66,2879.43,2879.85,2148
RELIANCE,2024-06-11 09:53:00,2879.74,2880.92,2878.32,2879.06,3949
RELIANCE,2024-06-11 09:54:00,2878.93,2880.30,2878.60,2879.57,2131
RELIANCE,2024-06-11 09:55:00,2880.44,2881.22,2880.09,2880.29,5920
RELIANCE,2024-06-11 09:56:00,2879.28,2879.41,2878.37,2878.89,3243
RELIANCE,2024-06-11 09:57:00,2878.12,2878.33,2877.12,2877.88,2574
RELIANCE,2024-06-11 09:58:00,2878.11,2878.41,2878.01,2878.30,4343
RELIANCE,2024-06-11 09:59:00,2879.16,2880.53,2878.38,2879.13,3308
RELIANCE,2024-06-11 10:00:00,2879.99,2881.29,2879.25,2879.28,8456
RELIANCE,2024-06-11 10:01:00,2879.95,2880.15,2878.95,2879.25,5613
RELIANCE,2024-06-11 10:02:00,2880.09,2880.64,2879.84,2880.14,5873
RELIANCE,2024-06-11 10:03:00,2881.04,2881.57,2879.64,2881.51,1584
RELIANCE,2024-06-11 10:04:00,2880.61,2881.68,2879.39,2881.37,3629
RELIANCE,2024-06-11 10:05:00,2882.08,2883.38,2881.22,2883.16,3388
RELIANCE,2024-06-11 10:06:00,2884.10,2885.53,2883.36,2884.47,5345
RELIANCE,2024-06-11 10:07:00,2885.24,2885.44,2884.87,2884.92,6071
RELIANCE,2024-06-11 10:08:00,2884.17,2884.32,2883.79,2884.22,1246
RELIANCE,2024-06-11 10:09:00,2883.07,2884.46,2881.96,2882.61,7859
RELIANCE,2024-06-11 10:10:00,2882.88,2883.74,2882.10,2883.25,1842
RELIANCE,2024-06-11 10:11:00,2882.91,2883.05,2882.64,2882.75,4808
RELIANCE,2024-06-11 10:12:00,2882.76,2883.51,2882.34,2882.48,4323
RELIANCE,2024-06-11 10:13:00,2883.45,2884.26,2883.11,2883.37,6478
RELIANCE,2024-06-11 10:14:00,2883.57,2884.69,2883.32,2884.45,8680
RELIANCE,2024-06-11 10:15:00,2884.81,2885.85,2883.91,2885.08,1296
RELIANCE,2024-06-11 10:16:00,2884.85,2886.26,2883.68,2884.55,2969
RELIANCE,2024-06-11 10:17:00,2885.40,2886.47,2884.14,2885.46,8477
RELIANCE,2024-06-11 10:18:00,2885.05,2885.65,2884.21,2884.68,2201
RELIANCE,2024-06-11 10:19:00,2885.83,2887.23,2885.46,2886.21,6182
RELIANCE,2024-06-11 10:20:00,2885.04,2885.20,2884.76,2884.90,2644
RELIANCE,2024-06-11 10:21:00,2884.94,2884.97,2884.73,2884.96,7361
RELIANCE,2024-06-11 10:22:00,2886.20,2886.88,2886.13,2886.87,8973
RELIANCE,2024-06-11 10:23:00,2887.84,2887.89,2886.88,2887.15,6557
RELIANCE,2024-06-11 10:24:00,2887.48,2888.42,2886.27,2886.35,1823
RELIANCE,2024-06-11 10:25:00,2885.76,2886.54,2885.11,2886.47,3355
RELIANCE,2024-06-11 10:26:00,2885.55,2886.07,2885.30,2885.35,8856
RELIANCE,2024-06-11 10:27:00,2886.49,2887.26,2886.09,2886.64,5373
RELIANCE,2024-06-11 10:28:00,2887.72,2888.38,2886.95,2888.22,8500
RELIANCE,2024-06-11 10:29:00,2888.02,2888.45,2887.65,2887.72,5475
RELIANCE,2024-06-11 10:30:00,2887.22,2887.90,2886.18,2886.56,4167
RELIANCE,2024-06-11 10:31:00,2885.85,2886.92,2885.16,2886.12,6020
RELIANCE,2024-06-11 10:32:00,2886.09,2887.32,2886.04,2886.47,2546
RELIANCE,2024-06-11 10:33:00,2886.53,2887.10,2885.65,2885.67,3888
RELIANCE,2024-06-11 10:34:00,2884.87,2886.30,2884.38,2885.00,3211
RELIANCE,2024-06-11 10:35:00,2884.50,2885.98,2884.06,2885.54,2298
RELIANCE,2024-06-11 10:36:00,2885.69,2886.60,2885.17,2886.11,5235
RELIANCE,2024-06-11 10:37:00,2885.86,2886.52,2884.76,2884.95,2844
RELIANCE,2024-06-11 10:38:00,2886.17,2887.19,2884.77,2885.78,6474
RELIANCE,2024-06-11 10:39:00,2885.44,2886.45,2884.52,2886.16,7727
RELIANCE,2024-06-11 10:40:00,2887.02,2887.16,2885.74,2887.05,4893
RELIANCE,2024-06-11 10:41:00,2886.51,2887.46,2885.56,2886.90,4383
RELIANCE,2024-06-11 10:42:00,2887.83,2887.84,2886.68,2887.36,5078
RELIANCE,2024-06-11 10:43:00,2887.13,2888.62,2886.91,2888.36,3288
RELIANCE,2024-06-11 10:44:00,2889.30,2890.21,2888.73,2889.40,4751
RELIANCE,2024-06-11 10:45:00,2888.91,2889.44,2888.38,2888.94,5877
RELIANCE,2024-06-11 10:46:00,2888.68,2889.16,2887.50,2888.91,5092
RELIANCE,2024-06-11 10:47:00,2888.64,2889.09,2887.83,2888.84,4568
RELIANCE,2024-06-11 10:48:00,2889.05,2889.92,2888.92,2889.84,3653
RELIANCE,2024-06-11 10:49:00,2891.01,2891.92,2890.65,2891.06,8963
RELIANCE,2024-06-11 10:50:00,2890.90,2892.27,2890.88,2890.95,5627
RELIANCE,2024-06-11 10:51:00,2891.94,2892.39,2891.14,2891.53,6078
RELIANCE,2024-06-11 10:52:00,2892.78,2893.56,2892.00,2893.07,4190
RELIANCE,2024-06-11 10:53:00,2893.01,2893.07,2892.00,2892.48,1085
RELIANCE,2024-06-11 10:54:00,2892.94,2893.73,2892.79,2893.14,4284
RELIANCE,2024-06-11 10:55:00,2893.53,2894.92,2893.30,2893.60,4450
RELIANCE,2024-06-11 10:56:00,2893.59,2894.25,2892.65,2894.24,3812
RELIANCE,2024-06-11 10:57:00,2894.73,2895.85,2894.59,2895.05,4003
RELIANCE,2024-06-11 10:58:00,2896.25,2897.49,2895.48,2895.70,8327
RELIANCE,2024-06-11 10:59:00,2895.22,2895.74,2893.82,2894.80,8956
RELIANCE,2024-06-11 11:00:00,2894.63,2894.86,2894.20,2894.54,5136
RELIANCE,2024-06-11 11:01:00,2895.53,2896.15,2895.44,2895.84,1873
RELIANCE,2024-06-11 11:02:00,2895.51,2897.00,2894.56,2894.66,4370
RELIANCE,2024-06-11 11:03:00,2893.49,2893.49,2892.42,2893.01,8512
RELIANCE,2024-06-11 11:04:00,2892.56,2893.82,2891.68,2893.11,2610
RELIANCE,2024-06-11 11:05:00,2892.34,2893.49,2891.49,2893.23,8336
RELIANCE,2024-06-11 11:06:00,2893.33,2894.83,2892.47,2893.44,1995
RELIANCE,2024-06-11 11:07:00,2892.60,2893.38,2891.84,2891.88,1623
RELIANCE,2024-06-11 11:08:00,2891.10,2891.88,2889.87,2891.10,7607
RELIANCE,2024-06-11 11:09:00,2891.86,2892.84,2890.83,2891.99,2179
RELIANCE,2024-06-11 11:10:00,2892.54,2893.07,2892.29,2892.50,1814
RELIANCE,2024-06-11 11:11:00,2893.41,2894.83,2893.32,2893.61,6111
RELIANCE,2024-06-11 11:12:00,2893.35,2893.43,2892.01,2892.84,8861
RELIANCE,2024-06-11 11:13:00,2891.75,2891.83,2891.39,2891.49,2305
RELIANCE,2024-06-11 11:14:00,2892.57,2893.85,2892.10,2893.67,7683
RELIANCE,2024-06-11 11:15:00,2893.59,2894.22,2893.21,2894.11,8780
RELIANCE,2024-06-11 11:16:00,2893.08,2894.10,2892.07,2893.26,4387
RELIANCE,2024-06-11 11:17:00,2892.82,2894.13,2892.09,2893.71,2993
RELIANCE,2024-06-11 11:18:00,2892.72,2892.97,2892.15,2892.16,8227
RELIANCE,2024-06-11 11:19:00,2891.67,2892.51,2891.50,2892.04,4158
RELIANCE,2024-06-11 11:20:00,2891.66,2892.64,2890.22,2891.24,8479
RELIANCE,2024-06-11 11:21:00,2890.90,2891.27,2890.61,2890.80,2942
RELIANCE,2024-06-11 11:22:00,2890.67,2891.09,2890.63,2891.00,2980
RELIANCE,2024-06-11 11:23:00,2891.53,2891.67,2891.13,2891.58,2046
RELIANCE,2024-06-11 11:24:00,2891.74,2892.44,2890.55,2891.00,4013
RELIANCE,2024-06-11 11:25:00,2890.66,2891.74,2890.09,2891.67,2704
RELIANCE,2024-06-11 11:26:00,2891.20,2891.91,2890.89,2891.77,6532
RELIANCE,2024-06-11 11:27:00,2890.89,2891.95,2890.50,2891.80,5813
RELIANCE,2024-06-11 11:28:00,2893.03,2893.83,2892.42,2893.14,2028
RELIANCE,2024-06-11 11:29:00,2894.08,2894.26,2893.31,2893.83,3215
RELIANCE,2024-06-11 11:30:00,2894.43,2895.58,2894.39,2895.24,2188
RELIANCE,2024-06-11 11:31:00,2894.80,2895.38,2894.67,2894.80,7971
RELIANCE,2024-06-11 11:32:00,2894.17,2894.45,2892.83,2892.94,8486
RELIANCE,2024-06-11 11:33:00,2892.63,2893.38,2892.18,2892.26,3549
RELIANCE,2024-06-11 11:34:00,2891.28,2891.71,2890.05,2890.71,3915
RELIANCE,2024-06-11 11:35:00,2890.50,2891.86,2889.34,2891.56,8055
RELIANCE,2024-06-11 11:36:00,2892.47,2893.88,2892.21,2892.82,7548
RELIANCE,2024-06-11 11:37:00,2893.25,2893.78,2892.63,2893.39,6728
RELIANCE,2024-06-11 11:38:00,2893.32,2894.82,2892.72,2894.62,1800
RELIANCE,2024-06-11 11:39:00,2893.87,2894.04,2892.50,2893.63,6837
RELIANCE,2024-06-11 11:40:00,2894.09,2894.70,2893.18,2893.83,7201
RELIANCE,2024-06-11 11:41:00,2893.37,2893.94,2893.31,2893.51,6229
RELIANCE,2024-06-11 11:42:00,2894.62,2895.47,2894.28,2894.87,5266
RELIANCE,2024-06-11 11:43:00,2894.29,2894.94,2893.26,2893.85,1007
RELIANCE,2024-06-11 11:44:00,2892.92,2894.07,2891.94,2893.86,8168
RELIANCE,2024-06-11 11:45:00,2894.75,2895.66,2894.68,2894.92,1910
RELIANCE,2024-06-11 11:46:00,2893.81,2894.29,2892.64,2893.21,8484
RELIANCE,2024-06-11 11:47:00,2892.22,2893.26,2891.63,2892.85,7789
RELIANCE,2024-06-11 11:48:00,2892.19,2892.98,2891.67,2892.91,4625
RELIANCE,2024-06-11 11:49:00,2893.99,2895.03,2892.88,2894.66,6145
RELIANCE,2024-06-11 11:50:00,2894.99,2895.75,2893.98,2894.34,6514
RELIANCE,2024-06-11 11:51:00,2894.39,2895.78,2894.20,2895.40,1357
RELIANCE,2024-06-11 11:52:00,2896.53,2897.77,2895.69,2896.05,2340
RELIANCE,2024-06-11 11:53:00,2897.23,2898.19,2896.41,2896.85,1486
RELIANCE,2024-06-11 11:54:00,2896.06,2896.58,2895.92,2896.34,2123
RELIANCE,2024-06-11 11:55:00,2895.47,2896.53,2894.46,2894.95,2980
RELIANCE,2024-06-11 11:56:00,2893.76,2894.80,2893.56,2894.35,6718
RELIANCE,2024-06-11 11:57:00,2893.88,2895.21,2893.67,2894.54,3732
RELIANCE,2024-06-11 11:58:00,2894.88,2895.06,2894.24,2895.01,6546
RELIANCE,2024-06-11 11:59:00,2895.44,2896.34,2894.75,2895.97,7808
RELIANCE,2024-06-11 12:00:00,2895.28,2896.32,2895.26,2895.78,1355
RELIANCE,2024-06-11 12:01:00,2894.73,2895.15,2894.43,2894.94,4670
RELIANCE,2024-06-11 12:02:00,2896.10,2896.34,2895.43,2895.95,3371
RELIANCE,2024-06-11 12:03:00,2895.16,2895.27,2895.14,2895.27,7147
RELIANCE,2024-06-11 12:04:00,2895.26,2896.38,2894.76,2895.96,3166
RELIANCE,2024-06-11 12:05:00,2895.03,2895.76,2894.38,2894.64,5448
RELIANCE,2024-06-11 12:06:00,2894.23,2894.77,2894.09,2894.28,6024
RELIANCE,2024-06-11 12:07:00,2895.37,2896.35,2894.99,2895.32,2135
RELIANCE,2024-06-11 12:08:00,2895.95,2895.99,2895.36,2895.45,4013
RELIANCE,2024-06-11 12:09:00,2894.71,2895.67,2893.44,2895.51,2380
RELIANCE,2024-06-11 12:10:00,2894.56,2895.64,2894.09,2895.05,4107
RELIANCE,2024-06-11 12:11:00,2894.30,2895.54,2893.82,2894.45,5514
RELIANCE,2024-06-11 12:12:00,2895.50,2896.76,2895.12,2895.21,1878
RELIANCE,2024-06-11 12:13:00,2895.40,2896.34,2894.17,2895.70,8415
RELIANCE,2024-06-11 12:14:00,2894.62,2894.94,2893.99,2894.68,3454
RELIANCE,2024-06-11 12:15:00,2894.96,2895.90,2894.75,2895.01,2132
RELIANCE,2024-06-11 12:16:00,2894.90,2896.35,2894.77,2894.83,4600
RELIANCE,2024-06-11 12:17:00,2894.80,2895.13,2894.24,2894.27,6003
RELIANCE,2024-06-11 12:18:00,2895.17,2896.35,2894.53,2895.05,6420
RELIANCE,2024-06-11 12:19:00,2893.99,2895.06,2892.65,2892.80,1072
RELIANCE,2024-06-11 12:20:00,2893.23,2894.47,2891.87,2892.30,3422
RELIANCE,2024-06-11 12:21:00,2891.11,2892.32,2890.10,2891.36,4840
RELIANCE,2024-06-11 12:22:00,2890.37,2890.86,2889.68,2890.83,8444
RELIANCE,2024-06-11 12:23:00,2891.16,2891.39,2890.56,2891.07,1667
RELIANCE,2024-06-11 12:24:00,2891.86,2891.95,2890.85,2891.52,3433
RELIANCE,2024-06-11 12:25:00,2891.70,2892.33,2891.15,2891.92,2121
RELIANCE,2024-06-11 12:26:00,2891.45,2891.97,2890.12,2890.17,2547
RELIANCE,2024-06-11 12:27:00,2889.52,2890.63,2888.48,2888.80,5743
RELIANCE,2024-06-11 12:28:00,2888.51,2889.38,2887.89,2888.68,5626
RELIANCE,2024-06-11 12:29:00,2888.56,2888.95,2888.22,2888.93,2661
RELIANCE,2024-06-11 12:30:00,2889.07,2889.24,2887.78,2888.15,1777
RELIANCE,2024-06-11 12:31:00,2887.41,2888.42,2886.35,2886.82,4753
RELIANCE,2024-06-11 12:32:00,2886.18,2887.04,2886.01,2886.54,5820
RELIANCE,2024-06-11 12:33:00,2886.73,2888.01,2885.71,2887.55,2100
RELIANCE,2024-06-11 12:34:00,2888.47,2889.30,2887.40,2888.84,1938
RELIANCE,2024-06-11 12:35:00,2889.18,2890.62,2888.41,2889.43,6619
RELIANCE,2024-06-11 12:36:00,2889.19,2889.45,2887.75,2888.71,7348
RELIANCE,2024-06-11 12:37:00,2887.74,2888.30,2886.81,2887.41,1386
RELIANCE,2024-06-11 12:38:00,2887.12,2887.14,2886.23,2886.42,3457
RELIANCE,2024-06-11 12:39:00,2885.52,2885.72,2884.16,2884.30,8144
RELIANCE,2024-06-11 12:40:00,2883.59,2883.76,2882.50,2882.95,4006
RELIANCE,2024-06-11 12:41:00,2883.58,2884.09,2882.43,2883.56,7763
RELIANCE,2024-06-11 12:42:00,2882.99,2883.35,2882.22,2882.81,3924
RELIANCE,2024-06-11 12:43:00,2883.38,2883.45,2882.47,2882.57,5496
RELIANCE,2024-06-11 12:44:00,2882.17,2883.07,2882.12,2882.98,2986
RELIANCE,2024-06-11 12:45:00,2882.40,2882.69,2881.73,2882.53,5762
RELIANCE,2024-06-11 12:46:00,2882.41,2883.60,2881.68,2881.82,3116
RELIANCE,2024-06-11 12:47:00,2881.07,2881.90,2880.63,2881.50,4119
RELIANCE,2024-06-11 12:48:00,2882.35,2883.23,2881.97,2883.23,7237
RELIANCE,2024-06-11 12:49:00,2884.01,2885.43,2883.99,2884.48,2236
RELIANCE,2024-06-11 12:50:00,2884.47,2885.20,2884.42,2885.07,1611
RELIANCE,2024-06-11 12:51:00,2884.32,2885.55,2883.30,2884.18,4897
RELIANCE,2024-06-11 12:52:00,2885.35,2886.39,2884.68,2885.07,8847
RELIANCE,2024-06-11 12:53:00,2885.37,2885.48,2884.88,2885.01,8323
RELIANCE,2024-06-11 12:54:00,2884.13,2885.07,2883.81,2884.84,6957
RELIANCE,2024-06-11 12:55:00,2884.79,2885.66,2884.21,2884.72,1049
RELIANCE,2024-06-11 12:56:00,2884.34,2885.07,2884.00,2884.27,8178
RELIANCE,2024-06-11 12:57:00,2885.49,2885.56,2885.27,2885.46,3233
RELIANCE,2024-06-11 12:58:00,2885.20,2885.30,2883.71,2884.28,5698
RELIANCE,2024-06-11 12:59:00,2884.37,2885.81,2882.88,2882.98,5592
RELIANCE,2024-06-11 13:00:00,2883.99,2884.13,2883.69,2883.88,5683
RELIANCE,2024-06-11 13:01:00,2884.23,2884.77,2883.81,2884.57,8150
RELIANCE,2024-06-11 13:02:00,2885.32,2885.53,2885.21,2885.52,3797
RELIANCE,2024-06-11 13:03:00,2886.13,2886.89,2885.18,2885.78,5511
RELIANCE,2024-06-11 13:04:00,2886.33,2886.83,2885.27,2886.32,8238
RELIANCE,2024-06-11 13:05:00,2887.54,2888.26,2886.99,2887.30,2923
RELIANCE,2024-06-11 13:06:00,2888.54,2888.77,2888.23,2888.71,6500
RELIANCE,2024-06-11 13:07:00,2888.62,2889.29,2887.77,2888.23,2383
RELIANCE,2024-06-11 13:08:00,2888.47,2888.69,2887.39,2887.72,5684
RELIANCE,2024-06-11 13:09:00,2887.87,2889.28,2887.36,2889.13,5778
RELIANCE,2024-06-11 13:10:00,2890.20,2891.08,2889.74,2890.21,4832
RELIANCE,2024-06-11 13:11:00,2889.88,2891.04,2889.24,2890.80,1554
RELIANCE,2024-06-11 13:12:00,2891.65,2892.13,2891.39,2892.05,5476
RELIANCE,2024-06-11 13:13:00,2890.91,2891.16,2890.51,2890.97,2788
RELIANCE,2024-06-11 13:14:00,2889.89,2890.56,2888.55,2889.12,5111
RELIANCE,2024-06-11 13:15:00,2889.51,2889.81,2888.41,2889.76,5923
RELIANCE,2024-06-11 13:16:00,2888.68,2888.79,2887.46,2888.23,6890
RELIANCE,2024-06-11 13:17:00,2887.36,2887.64,2886.55,2887.50,6241
RELIANCE,2024-06-11 13:18:00,2887.09,2887.13,2886.61,2887.06,1221
RELIANCE,2024-06-11 13:19:00,2887.45,2888.06,2886.43,2886.98,1470
RELIANCE,2024-06-11 13:20:00,2887.90,2889.09,2887.77,2888.58,7356
RELIANCE,2024-06-11 13:21:00,2888.59,2889.49,2888.20,2888.80,1111
RELIANCE,2024-06-11 13:22:00,2887.66,2888.14,2886.68,2887.14,4400
RELIANCE,2024-06-11 13:23:00,2887.44,2888.53,2886.95,2887.10,2279
RELIANCE,2024-06-11 13:24:00,2886.42,2887.21,2885.16,2885.89,3963
RELIANCE,2024-06-11 13:25:00,2885.73,2886.54,2884.85,2885.79,6385
RELIANCE,2024-06-11 13:26:00,2886.99,2887.85,2886.64,2887.39,7663
RELIANCE,2024-06-11 13:27:00,2887.93,2889.07,2886.77,2887.48,7329
RELIANCE,2024-06-11 13:28:00,2887.63,2888.69,2886.79,2887.48,5338
RELIANCE,2024-06-11 13:29:00,2888.59,2888.79,2888.58,2888.68,6368
RELIANCE,2024-06-11 13:30:00,2889.46,2890.93,2889.23,2890.30,4283
RELIANCE,2024-06-11 13:31:00,2890.95,2891.08,2890.91,2890.93,1492
RELIANCE,2024-06-11 13:32:00,2891.06,2891.37,2889.89,2890.27,5964
RELIANCE,2024-06-11 13:33:00,2889.97,2890.19,2889.70,2890.06,8548
RELIANCE,2024-06-11 13:34:00,2890.77,2891.56,2890.24,2891.18,4617
RELIANCE,2024-06-11 13:35:00,2892.39,2893.14,2891.44,2892.03,7557
RELIANCE,2024-06-11 13:36:00,2891.78,2892.10,2890.60,2890.64,6406
RELIANCE,2024-06-11 13:37:00,2891.24,2891.34,2890.27,2890.70,8078
RELIANCE,2024-06-11 13:38:00,2890.36,2890.70,2889.80,2890.62,4076
RELIANCE,2024-06-11 13:39:00,2891.74,2892.68,2891.40,2891.72,3148
RELIANCE,2024-06-11 13:40:00,2892.26,2892.62,2891.73,2892.02,4486
RELIANCE,2024-06-11 13:41:00,2892.39,2892.84,2890.90,2891.32,5665
RELIANCE,2024-06-11 13:42:00,2892.06,2892.78,2890.66,2892.29,8817
RELIANCE,2024-06-11 13:43:00,2892.93,2894.16,2892.51,2893.06,4977
RELIANCE,2024-06-11 13:44:00,2894.00,2894.37,2893.52,2894.04,8838
RELIANCE,2024-06-11 13:45:00,2893.95,2894.82,2892.63,2893.09,8238
RELIANCE,2024-06-11 13:46:00,2893.69,2893.76,2892.53,2893.07,4561
RELIANCE,2024-06-11 13:47:00,2893.99,2895.48,2893.54,2893.59,1913
RELIANCE,2024-06-11 13:48:00,2892.76,2894.13,2892.56,2893.04,5117
RELIANCE,2024-06-11 13:49:00,2893.64,2893.79,2893.39,2893.66,1739
RELIANCE,2024-06-11 13:50:00,2893.47,2894.43,2892.47,2893.25,3749
RELIANCE,2024-06-11 13:51:00,2894.45,2894.50,2894.10,2894.42,6648
RELIANCE,2024-06-11 13:52:00,2893.26,2893.46,2892.37,2893.00,6721
RELIANCE,2024-06-11 13:53:00,2892.06,2892.09,2890.57,2891.05,8197
RELIANCE,2024-06-11 13:54:00,2890.12,2891.56,2888.66,2890.18,1021
RELIANCE,2024-06-11 13:55:00,2889.42,2890.45,2889.20,2890.12,5101
RELIANCE,2024-06-11 13:56:00,2891.35,2892.14,2890.09,2892.05,1633
RELIANCE,2024-06-11 13:57:00,2891.71,2892.03,2890.26,2891.82,6991
RELIANCE,2024-06-11 13:58:00,2890.80,2891.86,2890.78,2891.07,8916
RELIANCE,2024-06-11 13:59:00,2889.98,2890.74,2889.37,2890.13,3970
RELIANCE,2024-06-11 14:00:00,2889.58,2890.07,2889.52,2889.77,3311
RELIANCE,2024-06-11 14:01:00,2889.91,2890.95,2888.44,2890.63,6879
RELIANCE,2024-06-11 14:02:00,2890.09,2890.72,2889.28,2889.83,2238
RELIANCE,2024-06-11 14:03:00,2889.58,2890.16,2888.97,2889.14,6201
RELIANCE,2024-06-11 14:04:00,2887.95,2888.86,2886.56,2887.15,6004
RELIANCE,2024-06-11 14:05:00,2887.74,2889.23,2886.50,2888.31,1711
RELIANCE,2024-06-11 14:06:00,2889.18,2890.36,2887.82,2887.95,6686
RELIANCE,2024-06-11 14:07:00,2888.12,2889.15,2887.46,2888.59,4731
RELIANCE,2024-06-11 14:08:00,2889.77,2889.77,2888.65,2889.61,5178
RELIANCE,2024-06-11 14:09:00,2889.25,2890.07,2888.68,2889.83,7482
RELIANCE,2024-06-11 14:10:00,2890.45,2891.02,2889.38,2890.03,5311
RELIANCE,2024-06-11 14:11:00,2889.48,2890.47,2888.24,2888.40,7531
RELIANCE,2024-06-11 14:12:00,2888.53,2888.86,2887.61,2887.94,8444
RELIANCE,2024-06-11 14:13:00,2888.80,2890.09,2888.28,2889.35,5675
RELIANCE,2024-06-11 14:14:00,2888.69,2888.90,2887.30,2888.15,5292
RELIANCE,2024-06-11 14:15:00,2887.45,2887.70,2886.90,2887.44,2248
RELIANCE,2024-06-11 14:16:00,2888.25,2888.94,2887.29,2888.66,8323
RELIANCE,2024-06-11 14:17:00,2889.06,2890.43,2888.58,2889.25,8074
RELIANCE,2024-06-11 14:18:00,2890.05,2890.23,2889.82,2889.92,1842
RELIANCE,2024-06-11 14:19:00,2889.61,2890.60,2888.83,2889.37,6425
RELIANCE,2024-06-11 14:20:00,2888.39,2888.98,2886.89,2888.34,4680
RELIANCE,2024-06-11 14:21:00,2888.69,2889.79,2888.43,2889.13,1048
RELIANCE,2024-06-11 14:22:00,2889.60,2890.15,2888.82,2889.14,4037
RELIANCE,2024-06-11 14:23:00,2889.22,2890.42,2888.84,2889.72,1006
RELIANCE,2024-06-11 14:24:00,2889.92,2890.01,2889.65,2889.91,3249
RELIANCE,2024-06-11 14:25:00,2890.96,2891.34,2890.56,2890.90,5302
RELIANCE,2024-06-11 14:26:00,2891.26,2892.55,2890.96,2891.63,7490
RELIANCE,2024-06-11 14:27:00,2891.14,2892.31,2889.76,2891.59,4077
RELIANCE,2024-06-11 14:28:00,2891.29,2892.36,2890.85,2891.47,6309
RELIANCE,2024-06-11 14:29:00,2891.76,2892.15,2891.40,2892.04,2060
RELIANCE,2024-06-11 14:30:00,2893.11,2893.40,2891.65,2892.90,4050
RELIANCE,2024-06-11 14:31:00,2891.86,2892.16,2890.57,2890.70,4649
RELIANCE,2024-06-11 14:32:00,2890.43,2891.22,2889.69,2891.07,7201
RELIANCE,2024-06-11 14:33:00,2891.81,2891.97,2890.96,2891.90,6742
RELIANCE,2024-06-11 14:34:00,2892.76,2893.38,2892.05,2893.23,4603
RELIANCE,2024-06-11 14:35:00,2893.00,2893.20,2891.87,2891.88,2903
RELIANCE,2024-06-11 14:36:00,2892.49,2893.09,2892.43,2892.88,5537
RELIANCE,2024-06-11 14:37:00,2892.49,2893.07,2891.80,2891.91,7945
RELIANCE,2024-06-11 14:38:00,2890.90,2892.13,2890.75,2890.87,7171
RELIANCE,2024-06-11 14:39:00,2890.20,2890.88,2888.96,2889.34,3749
RELIANCE,2024-06-11 14:40:00,2889.32,2889.40,2888.28,2888.75,5783
RELIANCE,2024-06-11 14:41:00,2887.89,2888.50,2887.81,2888.24,3625
RELIANCE,2024-06-11 14:42:00,2887.86,2888.64,2887.85,2888.63,3250
RELIANCE,2024-06-11 14:43:00,2888.70,2888.83,2888.12,2888.59,3447
RELIANCE,2024-06-11 14:44:00,2888.75,2889.52,2888.12,2888.19,3494
RELIANCE,2024-06-11 14:45:00,2887.60,2888.17,2886.95,2887.61,3498
RELIANCE,2024-06-11 14:46:00,2886.90,2886.98,2886.09,2886.42,4802
RELIANCE,2024-06-11 14:47:00,2886.83,2887.89,2886.62,2887.80,3799
RELIANCE,2024-06-11 14:48:00,2887.09,2888.47,2886.26,2886.37,3574
RELIANCE,2024-06-11 14:49:00,2885.19,2885.29,2883.76,2885.02,1289
RELIANCE,2024-06-11 14:50:00,2884.49,2885.68,2884.05,2885.21,7573
RELIANCE,2024-06-11 14:51:00,2886.39,2887.31,2885.78,2886.89,2670
RELIANCE,2024-06-11 14:52:00,2887.84,2887.93,2887.19,2887.66,1401
RELIANCE,2024-06-11 14:53:00,2886.80,2888.12,2885.58,2886.84,1116
RELIANCE,2024-06-11 14:54:00,2887.90,2888.74,2886.70,2887.72,6520
RELIANCE,2024-06-11 14:55:00,2888.29,2889.41,2887.09,2888.33,2302
RELIANCE,2024-06-11 14:56:00,2887.49,2888.87,2887.18,2887.35,1780
RELIANCE,2024-06-11 14:57:00,2886.64,2886.78,2886.56,2886.61,7828
RELIANCE,2024-06-11 14:58:00,2886.04,2887.40,2885.01,2885.38,1464
RELIANCE,2024-06-11 14:59:00,2886.44,2886.64,2886.20,2886.40,7210
RELIANCE,2024-06-11 15:00:00,2885.77,2886.64,2885.29,2886.05,2261
RELIANCE,2024-06-11 15:01:00,2885.61,2886.00,2884.79,2885.05,8745
RELIANCE,2024-06-11 15:02:00,2885.81,2887.28,2885.22,2885.29,4112
RELIANCE,2024-06-11 15:03:00,2884.47,2884.91,2883.49,2884.48,2623
RELIANCE,2024-06-11 15:04:00,2884.42,2885.51,2883.78,2884.95,1936
RELIANCE,2024-06-11 15:05:00,2883.85,2884.38,2882.86,2883.18,6374
RELIANCE,2024-06-11 15:06:00,2884.28,2885.07,2883.84,2884.27,7147
RELIANCE,2024-06-11 15:07:00,2884.98,2886.31,2883.61,2884.15,3293
RELIANCE,2024-06-11 15:08:00,2885.07,2885.97,2884.26,2884.41,2144
RELIANCE,2024-06-11 15:09:00,2884.36,2885.51,2883.21,2885.29,5741
RELIANCE,2024-06-11 15:10:00,2886.36,2886.41,2885.46,2886.38,3820
RELIANCE,2024-06-11 15:11:00,2885.66,2885.89,2885.21,2885.33,3869
RELIANCE,2024-06-11 15:12:00,2885.23,2885.60,2884.12,2884.38,7453
RELIANCE,2024-06-11 15:13:00,2885.22,2886.43,2884.13,2885.18,7119
RELIANCE,2024-06-11 15:14:00,2885.33,2886.51,2884.44,2885.40,1276
RELIANCE,2024-06-11 15:15:00,2884.30,2885.17,2883.68,2884.72,4402
RELIANCE,2024-06-11 15:16:00,2884.94,2885.47,2884.38,2885.10,2342
RELIANCE,2024-06-11 15:17:00,2884.78,2885.77,2884.64,2884.65,6281
RELIANCE,2024-06-11 15:18:00,2885.59,2886.31,2885.37,2885.46,8201
RELIANCE,2024-06-11 15:19:00,2884.84,2885.07,2884.43,2884.78,3656
RELIANCE,2024-06-11 15:20:00,2884.73,2884.98,2883.93,2884.46,4005
RELIANCE,2024-06-11 15:21:00,2885.59,2886.02,2884.76,2886.00,8441
RELIANCE,2024-06-11 15:22:00,2885.39,2886.70,2884.64,2886.47,1123
RELIANCE,2024-06-11 15:23:00,2885.53,2885.61,2884.34,2885.23,2727
RELIANCE,2024-06-11 15:24:00,2885.72,2886.06,2884.59,2884.82,3164
RELIANCE,2024-06-11 15:25:00,2886.07,2886.71,2885.13,2885.30,5667
RELIANCE,2024-06-11 15:26:00,2886.28,2886.41,2885.41,2885.64,5876
RELIANCE,2024-06-11 15:27:00,2886.34,2887.11,2885.11,2886.75,1598
RELIANCE,2024-06-11 15:28:00,2887.02,2888.49,2886.96,2887.91,6667
RELIANCE,2024-06-11 15:29:00,2887.14,2887.60,2887.01,2887.46,5848
RELIANCE,2024-06-12 09:15:00,2888.52,2888.54,2887.11,2887.70,4335
RELIANCE,2024-06-12 09:16:00,2886.58,2887.76,2886.36,2887.08,2369
RELIANCE,2024-06-12 09:17:00,2886.25,2886.77,2886.04,2886.18,2799
RELIANCE,2024-06-12 09:18:00,2886.66,2887.72,2886.56,2886.56,8214
RELIANCE,2024-06-12 09:19:00,2886.54,2887.29,2885.37,2887.11,7155
RELIANCE,2024-06-12 09:20:00,2887.39,2887.48,2886.09,2886.16,3995
RELIANCE,2024-06-12 09:21:00,2886.89,2887.03,2885.81,2886.24,2328
RELIANCE,2024-06-12 09:22:00,2887.01,2887.75,2885.85,2886.79,3124
RELIANCE,2024-06-12 09:23:00,2887.62,2889.03,2886.26,2888.32,7819
RELIANCE,2024-06-12 09:24:00,2889.05,2890.07,2888.80,2889.29,6240
RELIANCE,2024-06-12 09:25:00,2890.01,2891.32,2889.56,2891.25,5355
RELIANCE,2024-06-12 09:26:00,2891.66,2892.61,2891.56,2892.38,7572
RELIANCE,2024-06-12 09:27:00,2891.80,2893.06,2891.45,2891.77,4751
RELIANCE,2024-06-12 09:28:00,2891.95,2893.27,2891.09,2893.12,8287
RELIANCE,2024-06-12 09:29:00,2893.66,2894.25,2892.48,2893.88,6593
RELIANCE,2024-06-12 09:30:00,2894.58,2895.09,2894.01,2895.03,2870
RELIANCE,2024-06-12 09:31:00,2895.43,2896.68,2894.92,2895.97,7850
RELIANCE,2024-06-12 09:32:00,2895.82,2896.28,2895.37,2895.92,8790
RELIANCE,2024-06-12 09:33:00,2894.99,2896.21,2894.36,2895.48,4747
RELIANCE,2024-06-12 09:34:00,2894.64,2895.46,2894.52,2894.89,4816
RELIANCE,2024-06-12 09:35:00,2895.21,2895.65,2895.08,2895.23,6744
RELIANCE,2024-06-12 09:36:00,2896.21,2896.82,2895.40,2895.74,2772
RELIANCE,2024-06-12 09:37:00,2896.21,2896.27,2894.98,2895.22,3223
RELIANCE,2024-06-12 09:38:00,2894.84,2895.07,2894.59,2894.76,7683
RELIANCE,2024-06-12 09:39:00,2895.06,2896.40,2894.47,2895.43,8829
RELIANCE,2024-06-12 09:40:00,2896.38,2897.57,2895.47,2897.27,8931
RELIANCE,2024-06-12 09:41:00,2896.47,2897.26,2896.47,2896.61,8741
RELIANCE,2024-06-12 09:42:00,2896.01,2896.86,2895.02,2896.38,6539
RELIANCE,2024-06-12 09:43:00,2895.43,2896.26,2894.14,2895.23,4085
RELIANCE,2024-06-12 09:44:00,2894.36,2895.49,2893.98,2894.61,5212
RELIANCE,2024-06-12 09:45:00,2894.94,2895.61,2893.50,2894.26,6416
RELIANCE,2024-06-12 09:46:00,2894.80,2895.83,2893.39,2895.36,1488
RELIANCE,2024-06-12 09:47:00,2896.38,2897.13,2895.83,2897.10,1466
RELIANCE,2024-06-12 09:48:00,2898.04,2899.37,2897.86,2898.43,3548
RELIANCE,2024-06-12 09:49:00,2899.07,2900.41,2897.98,2899.80,1287
RELIANCE,2024-06-12 09:50:00,2900.92,2901.64,2900.91,2901.59,3223
RELIANCE,2024-06-12 09:51:00,2900.74,2901.62,2899.87,2899.95,4213
RELIANCE,2024-06-12 09:52:00,2899.18,2900.06,2897.71,2899.18,2980
RELIANCE,2024-06-12 09:53:00,2898.69,2899.51,2898.06,2899.48,6314
RELIANCE,2024-06-12 09:54:00,2898.49,2899.92,2897.53,2898.71,8983
RELIANCE,2024-06-12 09:55:00,2899.25,2900.29,2898.83,2899.07,5711
RELIANCE,2024-06-12 09:56:00,2899.08,2899.15,2898.28,2899.06,2644
RELIANCE,2024-06-12 09:57:00,2899.12,2900.44,2898.88,2900.03,2398
RELIANCE,2024-06-12 09:58:00,2900.50,2901.86,2899.62,2901.80,7365
RELIANCE,2024-06-12 09:59:00,2902.97,2904.41,2902.69,2903.22,8730
RELIANCE,2024-06-12 10:00:00,2903.18,2904.11,2901.79,2902.73,6583
RELIANCE,2024-06-12 10:01:00,2902.17,2902.76,2901.59,2902.72,3186
RELIANCE,2024-06-12 10:02:00,2901.80,2903.19,2900.87,2902.03,4344
RELIANCE,2024-06-12 10:03:00,2902.39,2903.56,2901.92,2902.17,7201
RELIANCE,2024-06-12 10:04:00,2902.28,2903.27,2901.01,2901.94,1626
RELIANCE,2024-06-12 10:05:00,2901.41,2901.95,2900.03,2901.05,3362
RELIANCE,2024-06-12 10:06:00,2901.94,2902.12,2901.27,2901.28,5359
RELIANCE,2024-06-12 10:07:00,2902.11,2902.96,2901.58,2902.88,3175
RELIANCE,2024-06-12 10:08:00,2904.08,2905.41,2902.77,2903.02,5937
RELIANCE,2024-06-12 10:09:00,2903.48,2904.10,2902.27,2902.47,3514
RELIANCE,2024-06-12 10:10:00,2901.68,2901.94,2900.60,2901.59,1965
RELIANCE,2024-06-12 10:11:00,2902.29,2902.88,2900.88,2902.36,3799
RELIANCE,2024-06-12 10:12:00,2902.14,2902.89,2901.63,2902.72,6834
RELIANCE,2024-06-12 10:13:00,2903.66,2904.46,2902.88,2903.94,8385
RELIANCE,2024-06-12 10:14:00,2903.45,2903.77,2902.43,2903.67,1547
RELIANCE,2024-06-12 10:15:00,2903.70,2904.98,2902.70,2904.02,4306
RELIANCE,2024-06-12 10:16:00,2903.34,2904.43,2902.16,2903.70,7987
RELIANCE,2024-06-12 10:17:00,2904.55,2904.78,2903.54,2904.48,5100
RELIANCE,2024-06-12 10:18:00,2903.59,2904.01,2903.54,2904.00,8620
RELIANCE,2024-06-12 10:19:00,2904.39,2905.71,2904.19,2905.26,6765
RELIANCE,2024-06-12 10:20:00,2905.00,2906.34,2903.93,2905.79,5954
RELIANCE,2024-06-12 10:21:00,2906.61,2907.02,2906.29,2906.45,1768
RELIANCE,2024-06-12 10:22:00,2906.13,2906.98,2904.80,2904.97,1191
RELIANCE,2024-06-12 10:23:00,2905.48,2905.59,2904.22,2904.67,1028
RELIANCE,2024-06-12 10:24:00,2904.59,2905.74,2903.92,2904.84,4651
RELIANCE,2024-06-12 10:25:00,2905.09,2905.98,2905.04,2905.55,4830
RELIANCE,2024-06-12 10:26:00,2904.62,2904.96,2903.68,2904.12,3711
RELIANCE,2024-06-12 10:27:00,2904.22,2904.57,2903.39,2904.36,3307
RELIANCE,2024-06-12 10:28:00,2905.22,2906.43,2904.41,2904.47,7374
RELIANCE,2024-06-12 10:29:00,2903.69,2904.91,2903.29,2903.90,8819
RELIANCE,2024-06-12 10:30:00,2904.24,2905.33,2903.36,2904.15,5195
RELIANCE,2024-06-12 10:31:00,2905.29,2905.90,2904.29,2905.71,1448
RELIANCE,2024-06-12 10:32:00,2906.48,2907.92,2905.99,2907.89,1584
RELIANCE,2024-06-12 10:33:00,2908.26,2909.12,2907.61,2909.07,8212
RELIANCE,2024-06-12 10:34:00,2909.61,2910.29,2909.10,2909.33,4300
RELIANCE,2024-06-12 10:35:00,2908.54,2909.68,2908.43,2909.55,1135
RELIANCE,2024-06-12 10:36:00,2909.42,2909.72,2908.36,2908.63,3175
RELIANCE,2024-06-12 10:37:00,2907.92,2909.05,2906.66,2907.37,7440
RELIANCE,2024-06-12 10:38:00,2908.49,2909.87,2907.41,2909.18,1513
RELIANCE,2024-06-12 10:39:00,2908.85,2909.48,2907.60,2908.81,7122
RELIANCE,2024-06-12 10:40:00,2909.15,2909.55,2908.62,2908.77,6179
RELIANCE,2024-06-12 10:41:00,2908.34,2908.87,2908.18,2908.69,6663
RELIANCE,2024-06-12 10:42:00,2908.36,2909.71,2907.15,2908.31,1836
RELIANCE,2024-06-12 10:43:00,2907.95,2909.24,2907.40,2909.03,4981
RELIANCE,2024-06-12 10:44:00,2910.26,2911.63,2909.07,2910.29,7733
RELIANCE,2024-06-12 10:45:00,2911.48,2912.75,2910.69,2911.21,4185
RELIANCE,2024-06-12 10:46:00,2910.52,2910.90,2910.49,2910.86,6818
RELIANCE,2024-06-12 10:47:00,2910.34,2911.56,2909.56,2911.11,6945
RELIANCE,2024-06-12 10:48:00,2910.85,2912.07,2909.59,2909.92,1105
RELIANCE,2024-06-12 10:49:00,2908.99,2910.08,2908.19,2908.24,7661
RELIANCE,2024-06-12 10:50:00,2909.07,2910.25,2908.37,2908.45,8282
RELIANCE,2024-06-12 10:51:00,2908.65,2910.02,2907.36,2908.26,5584
RELIANCE,2024-06-12 10:52:00,2909.23,2909.96,2908.27,2908.62,2994
RELIANCE,2024-06-12 10:53:00,2907.92,2908.45,2906.60,2906.78,8189
RELIANCE,2024-06-12 10:54:00,2905.89,2906.19,2905.21,2905.78,6213
RELIANCE,2024-06-12 10:55:00,2906.26,2907.63,2905.12,2906.55,6891
RELIANCE,2024-06-12 10:56:00,2905.48,2906.19,2904.88,2905.76,6846
RELIANCE,2024-06-12 10:57:00,2906.99,2908.07,2906.29,2907.86,5963
RELIANCE,2024-06-12 10:58:00,2907.01,2908.37,2906.11,2906.25,2954
RELIANCE,2024-06-12 10:59:00,2907.01,2908.34,2907.00,2907.76,7104
RELIANCE,2024-06-12 11:00:00,2908.58,2909.53,2907.47,2907.55,1768
RELIANCE,2024-06-12 11:01:00,2908.57,2908.87,2908.57,2908.71,4293
RELIANCE,2024-06-12 11:02:00,2908.10,2909.50,2907.77,2908.93,8621
RELIANCE,2024-06-12 11:03:00,2909.09,2909.96,2908.47,2908.53,4833
RELIANCE,2024-06-12 11:04:00,2907.37,2908.51,2907.21,2908.48,6816
RELIANCE,2024-06-12 11:05:00,2907.52,2907.73,2906.73,2907.35,3648
RELIANCE,2024-06-12 11:06:00,2906.41,2907.59,2905.08,2907.38,1018
RELIANCE,2024-06-12 11:07:00,2906.36,2906.40,2905.39,2905.48,5600
RELIANCE,2024-06-12 11:08:00,2905.80,2906.69,2904.60,2904.76,1444
RELIANCE,2024-06-12 11:09:00,2905.18,2906.10,2904.49,2905.57,5586
RELIANCE,2024-06-12 11:10:00,2906.20,2906.24,2904.96,2906.00,4751
RELIANCE,2024-06-12 11:11:00,2905.31,2906.37,2904.21,2905.66,1904
RELIANCE,2024-06-12 11:12:00,2905.96,2906.09,2905.18,2905.80,1719
RELIANCE,2024-06-12 11:13:00,2906.39,2907.66,2905.12,2905.38,4011
RELIANCE,2024-06-12 11:14:00,2904.85,2905.31,2904.41,2904.85,5720
RELIANCE,2024-06-12 11:15:00,2906.05,2907.20,2906.04,2906.13,1931
RELIANCE,2024-06-12 11:16:00,2906.60,2907.75,2906.28,2906.85,4337
RELIANCE,2024-06-12 11:17:00,2907.91,2908.77,2907.59,2908.49,7160
RELIANCE,2024-06-12 11:18:00,2909.24,2910.61,2907.98,2909.86,1250
RELIANCE,2024-06-12 11:19:00,2910.30,2910.50,2908.93,2910.19,1449
RELIANCE,2024-06-12 11:20:00,2909.43,2910.84,2908.77,2910.23,3069
RELIANCE,2024-06-12 11:21:00,2910.96,2912.23,2910.92,2911.42,2328
RELIANCE,2024-06-12 11:22:00,2911.31,2912.78,2910.33,2912.61,7245
RELIANCE,2024-06-12 11:23:00,2912.94,2914.07,2911.81,2912.55,7583
RELIANCE,2024-06-12 11:24:00,2911.96,2912.58,2911.93,2912.08,8260
RELIANCE,2024-06-12 11:25:00,2911.75,2912.97,2911.75,2912.69,2956
RELIANCE,2024-06-12 11:26:00,2913.67,2914.86,2912.87,2913.08,7762
RELIANCE,2024-06-12 11:27:00,2913.97,2914.61,2913.46,2913.53,1998
RELIANCE,2024-06-12 11:28:00,2914.70,2914.94,2913.90,2914.58,5410
RELIANCE,2024-06-12 11:29:00,2913.98,2915.36,2912.58,2914.02,7360
RELIANCE,2024-06-12 11:30:00,2915.19,2915.32,2914.87,2915.00,8426
RELIANCE,2024-06-12 11:31:00,2915.97,2917.04,2915.32,2915.52,8763
RELIANCE,2024-06-12 11:32:00,2914.75,2915.41,2913.72,2914.89,7111
RELIANCE,2024-06-12 11:33:00,2914.39,2914.98,2913.88,2914.94,1751
RELIANCE,2024-06-12 11:34:00,2915.43,2915.74,2915.04,2915.72,6269
RELIANCE,2024-06-12 11:35:00,2916.33,2916.54,2916.23,2916.25,4204
RELIANCE,2024-06-12 11:36:00,2915.79,2915.89,2915.69,2915.69,3961
RELIANCE,2024-06-12 11:37:00,2914.67,2915.51,2913.59,2914.83,5180
RELIANCE,2024-06-12 11:38:00,2915.31,2915.72,2914.16,2914.44,1819
RELIANCE,2024-06-12 11:39:00,2913.86,2914.45,2912.81,2913.09,6966
RELIANCE,2024-06-12 11:40:00,2914.04,2915.33,2913.35,2913.99,2687
RELIANCE,2024-06-12 11:41:00,2912.87,2914.11,2912.53,2913.88,7577
RELIANCE,2024-06-12 11:42:00,2913.54,2914.04,2912.60,2913.82,1595
RELIANCE,2024-06-12 11:43:00,2914.84,2915.08,2913.85,2914.57,6416
RELIANCE,2024-06-12 11:44:00,2914.01,2914.08,2913.29,2913.95,1468
RELIANCE,2024-06-12 11:45:00,2913.69,2914.67,2912.84,2913.25,1530
RELIANCE,2024-06-12 11:46:00,2912.77,2913.17,2911.37,2913.05,3911
RELIANCE,2024-06-12 11:47:00,2912.74,2913.82,2912.53,2913.55,3061
RELIANCE,2024-06-12 11:48:00,2913.26,2913.51,2912.27,2913.35,8448
RELIANCE,2024-06-12 11:49:00,2914.10,2914.53,2913.53,2914.29,2834
RELIANCE,2024-06-12 11:50:00,2914.68,2916.01,2913.54,2915.65,2973
RELIANCE,2024-06-12 11:51:00,2916.02,2916.73,2914.72,2914.82,6436
RELIANCE,2024-06-12 11:52:00,2914.54,2915.09,2914.12,2914.58,4993
RELIANCE,2024-06-12 11:53:00,2913.66,2914.35,2912.59,2912.75,1964
RELIANCE,2024-06-12 11:54:00,2912.74,2914.12,2911.38,2912.55,1497
RELIANCE,2024-06-12 11:55:00,2911.64,2911.74,2911.10,2911.40,8672
RELIANCE,2024-06-12 11:56:00,2911.03,2911.12,2910.27,2910.68,2768
RELIANCE,2024-06-12 11:57:00,2910.86,2912.17,2909.42,2911.78,1901
RELIANCE,2024-06-12 11:58:00,2910.73,2911.38,2910.65,2911.03,5181
RELIANCE,2024-06-12 11:59:00,2911.95,2912.27,2911.83,2911.95,8570
RELIANCE,2024-06-12 12:00:00,2913.07,2914.25,2912.87,2913.98,6169
RELIANCE,2024-06-12 12:01:00,2913.56,2913.87,2912.57,2913.04,1980
RELIANCE,2024-06-12 12:02:00,2913.56,2914.27,2913.17,2913.73,6140
RELIANCE,2024-06-12 12:03:00,2914.13,2914.90,2914.09,2914.47,7065
RELIANCE,2024-06-12 12:04:00,2913.35,2914.32,2912.19,2913.61,2141
RELIANCE,2024-06-12 12:05:00,2914.01,2914.23,2912.80,2914.15,7065
RELIANCE,2024-06-12 12:06:00,2913.05,2914.34,2912.07,2913.55,6732
RELIANCE,2024-06-12 12:07:00,2912.91,2913.81,2911.56,2911.74,2777
RELIANCE,2024-06-12 12:08:00,2912.62,2913.05,2911.16,2912.75,3494
RELIANCE,2024-06-12 12:09:00,2913.38,2914.25,2911.97,2912.89,6563
RELIANCE,2024-06-12 12:10:00,2912.09,2912.63,2911.36,2911.44,4061
RELIANCE,2024-06-12 12:11:00,2911.49,2912.91,2910.75,2912.89,6089
RELIANCE,2024-06-12 12:12:00,2913.91,2914.20,2913.20,2913.51,7425
RELIANCE,2024-06-12 12:13:00,2913.43,2913.77,2911.99,2912.56,4333
RELIANCE,2024-06-12 12:14:00,2911.79,2912.41,2910.73,2911.69,7308
RELIANCE,2024-06-12 12:15:00,2910.89,2912.13,2910.89,2911.64,3112
RELIANCE,2024-06-12 12:16:00,2911.93,2912.64,2911.11,2911.70,3138
RELIANCE,2024-06-12 12:17:00,2911.09,2911.27,2909.65,2909.89,2122
RELIANCE,2024-06-12 12:18:00,2911.14,2911.34,2910.66,2911.17,2374
RELIANCE,2024-06-12 12:19:00,2910.54,2910.79,2909.66,2910.17,4349
RELIANCE,2024-06-12 12:20:00,2909.59,2910.45,2909.26,2909.44,7098
RELIANCE,2024-06-12 12:21:00,2908.90,2910.31,2908.29,2908.39,8493
RELIANCE,2024-06-12 12:22:00,2909.20,2910.65,2907.84,2908.04,7172
RELIANCE,2024-06-12 12:23:00,2909.21,2910.52,2908.58,2909.61,7953
RELIANCE,2024-06-12 12:24:00,2909.15,2910.14,2908.09,2909.29,4655
RELIANCE,2024-06-12 12:25:00,2908.69,2909.68,2907.81,2909.31,8362
RELIANCE,2024-06-12 12:26:00,2909.39,2910.23,2908.74,2909.62,3075
RELIANCE,2024-06-12 12:27:00,2909.82,2910.09,2908.78,2909.11,2937
RELIANCE,2024-06-12 12:28:00,2908.92,2910.35,2908.53,2910.03,6742
RELIANCE,2024-06-12 12:29:00,2910.65,2911.59,2909.94,2911.05,7550
RELIANCE,2024-06-12 12:30:00,2912.10,2912.77,2911.59,2912.49,8831
RELIANCE,2024-06-12 12:31:00,2912.88,2913.15,2911.44,2912.78,2907
RELIANCE,2024-06-12 12:32:00,2913.98,2914.11,2912.52,2913.38,4285
RELIANCE,2024-06-12 12:33:00,2914.54,2915.89,2914.19,2915.44,3946
RELIANCE,2024-06-12 12:34:00,2915.17,2915.91,2914.62,2915.91,6241
RELIANCE,2024-06-12 12:35:00,2915.24,2915.64,2915.19,2915.25,4327
RELIANCE,2024-06-12 12:36:00,2915.56,2916.53,2914.86,2915.62,3720
RELIANCE,2024-06-12 12:37:00,2915.83,2916.36,2914.77,2915.47,2437
RELIANCE,2024-06-12 12:38:00,2916.26,2917.30,2915.25,2916.85,4227
RELIANCE,2024-06-12 12:39:00,2916.56,2918.00,2915.41,2917.57,6259
RELIANCE,2024-06-12 12:40:00,2916.87,2917.24,2915.98,2916.95,4024
RELIANCE,2024-06-12 12:41:00,2917.63,2918.08,2917.25,2917.93,5924
RELIANCE,2024-06-12 12:42:00,2917.84,2918.84,2916.69,2916.79,8348
RELIANCE,2024-06-12 12:43:00,2915.63,2916.43,2914.54,2915.05,1573
RELIANCE,2024-06-12 12:44:00,2915.81,2917.07,2915.68,2916.03,2422
RELIANCE,2024-06-12 12:45:00,2915.39,2915.79,2914.32,2915.77,1158
RELIANCE,2024-06-12 12:46:00,2914.63,2914.75,2914.50,2914.55,4849
RELIANCE,2024-06-12 12:47:00,2914.17,2914.95,2913.69,2914.22,4922
RELIANCE,2024-06-12 12:48:00,2915.16,2915.66,2913.77,2914.27,3175
RELIANCE,2024-06-12 12:49:00,2913.29,2914.23,2912.25,2912.77,7485
RELIANCE,2024-06-12 12:50:00,2913.70,2914.19,2912.95,2913.12,5957
RELIANCE,2024-06-12 12:51:00,2914.20,2915.04,2914.12,2914.26,6674
RELIANCE,2024-06-12 12:52:00,2914.10,2914.54,2914.08,2914.22,1591
RELIANCE,2024-06-12 12:53:00,2914.98,2915.12,2914.10,2914.30,6797
RELIANCE,2024-06-12 12:54:00,2914.21,2914.91,2912.99,2914.19,7757
RELIANCE,2024-06-12 12:55:00,2914.62,2915.47,2914.41,2914.61,5771
RELIANCE,2024-06-12 12:56:00,2913.94,2915.20,2913.25,2914.71,5106
RELIANCE,2024-06-12 12:57:00,2914.55,2915.35,2913.46,2913.52,6933
RELIANCE,2024-06-12 12:58:00,2912.38,2913.15,2912.06,2912.84,4721
RELIANCE,2024-06-12 12:59:00,2913.15,2914.50,2912.84,2913.36,6427
RELIANCE,2024-06-12 13:00:00,2914.36,2914.56,2914.27,2914.40,3776
RELIANCE,2024-06-12 13:01:00,2915.23,2916.30,2913.79,2915.78,3536
RELIANCE,2024-06-12 13:02:00,2915.55,2916.33,2915.09,2916.05,3584
RELIANCE,2024-06-12 13:03:00,2915.07,2915.14,2914.30,2914.43,8632
RELIANCE,2024-06-12 13:04:00,2914.77,2915.14,2914.72,2914.85,7430
RELIANCE,2024-06-12 13:05:00,2914.89,2915.67,2914.35,2915.30,5335
RELIANCE,2024-06-12 13:06:00,2914.86,2914.97,2913.87,2914.56,4582
RELIANCE,2024-06-12 13:07:00,2914.54,2914.92,2913.54,2913.85,3607
RELIANCE,2024-06-12 13:08:00,2914.74,2916.15,2914.11,2915.55,5382
RELIANCE,2024-06-12 13:09:00,2915.44,2916.83,2914.04,2915.77,1859
RELIANCE,2024-06-12 13:10:00,2916.45,2916.58,2915.07,2915.27,8030
RELIANCE,2024-06-12 13:11:00,2916.47,2917.83,2916.28,2917.00,6073
RELIANCE,2024-06-12 13:12:00,2915.89,2916.88,2914.61,2916.11,3791
RELIANCE,2024-06-12 13:13:00,2915.98,2916.11,2915.39,2915.46,8893
RELIANCE,2024-06-12 13:14:00,2916.06,2916.11,2914.70,2915.65,5341
RELIANCE,2024-06-12 13:15:00,2914.71,2914.82,2914.46,2914.65,7824
RELIANCE,2024-06-12 13:16:00,2914.45,2914.81,2913.87,2914.63,6799
RELIANCE,2024-06-12 13:17:00,2914.26,2914.44,2913.90,2914.42,1958
RELIANCE,2024-06-12 13:18:00,2913.44,2914.85,2912.03,2914.06,4167
RELIANCE,2024-06-12 13:19:00,2914.02,2915.45,2913.11,2913.79,4811
RELIANCE,2024-06-12 13:20:00,2913.55,2913.85,2912.37,2913.48,8499
RELIANCE,2024-06-12 13:21:00,2914.63,2914.79,2913.41,2913.88,3030
RELIANCE,2024-06-12 13:22:00,2912.75,2913.52,2911.53,2912.91,8997
RELIANCE,2024-06-12 13:23:00,2913.80,2914.28,2913.54,2914.09,3798
RELIANCE,2024-06-12 13:24:00,2914.56,2915.55,2914.48,2914.48,2898
RELIANCE,2024-06-12 13:25:00,2914.69,2914.71,2913.54,2914.25,8367
RELIANCE,2024-06-12 13:26:00,2913.14,2914.64,2912.80,2913.38,8218
RELIANCE,2024-06-12 13:27:00,2912.83,2913.38,2912.27,2912.66,4098
RELIANCE,2024-06-12 13:28:00,2912.16,2913.57,2912.14,2913.11,7195
RELIANCE,2024-06-12 13:29:00,2913.47,2914.80,2912.34,2912.94,8533
RELIANCE,2024-06-12 13:30:00,2913.32,2913.40,2911.99,2912.23,2233
RELIANCE,2024-06-12 13:31:00,2913.02,2913.40,2912.04,2912.56,7878
RELIANCE,2024-06-12 13:32:00,2912.11,2912.47,2911.04,2912.00,1449
RELIANCE,2024-06-12 13:33:00,2911.65,2912.92,2910.38,2912.61,2139
RELIANCE,2024-06-12 13:34:00,2913.51,2914.94,2912.20,2913.69,8463
RELIANCE,2024-06-12 13:35:00,2912.61,2913.92,2911.79,2912.76,3779
RELIANCE,2024-06-12 13:36:00,2912.71,2913.40,2911.59,2913.11,6975
RELIANCE,2024-06-12 13:37:00,2912.74,2913.11,2912.59,2912.76,1212
RELIANCE,2024-06-12 13:38:00,2913.77,2913.81,2913.21,2913.58,5078
RELIANCE,2024-06-12 13:39:00,2914.20,2914.50,2913.51,2913.91,7573
RELIANCE,2024-06-12 13:40:00,2913.88,2914.45,2912.92,2914.28,5724
RELIANCE,2024-06-12 13:41:00,2914.23,2915.58,2913.13,2913.89,8159
RELIANCE,2024-06-12 13:42:00,2913.55,2914.92,2912.65,2914.91,8340
RELIANCE,2024-06-12 13:43:00,2914.98,2915.71,2914.36,2915.55,6452
RELIANCE,2024-06-12 13:44:00,2914.91,2915.22,2914.10,2915.14,6396
RELIANCE,2024-06-12 13:45:00,2915.64,2915.83,2914.27,2914.32,5840
RELIANCE,2024-06-12 13:46:00,2914.51,2914.55,2914.31,2914.55,2505
RELIANCE,2024-06-12 13:47:00,2914.63,2915.86,2913.45,2914.31,2821
RELIANCE,2024-06-12 13:48:00,2915.06,2915.97,2914.97,2915.34,8718
RELIANCE,2024-06-12 13:49:00,2916.57,2917.22,2916.00,2916.87,8616
RELIANCE,2024-06-12 13:50:00,2916.69,2917.18,2915.20,2916.22,8966
RELIANCE,2024-06-12 13:51:00,2915.48,2916.30,2914.73,2915.78,2173
RELIANCE,2024-06-12 13:52:00,2916.06,2916.63,2914.81,2916.45,2344
RELIANCE,2024-06-12 13:53:00,2915.70,2917.07,2914.87,2916.54,8114
RELIANCE,2024-06-12 13:54:00,2916.73,2916.81,2916.65,2916.73,8383
RELIANCE,2024-06-12 13:55:00,2916.76,2918.11,2915.41,2917.99,5184
RELIANCE,2024-06-12 13:56:00,2917.92,2918.15,2917.60,2917.68,4590
RELIANCE,2024-06-12 13:57:00,2918.45,2919.09,2917.55,2917.95,3261
RELIANCE,2024-06-12 13:58:00,2917.32,2917.64,2916.38,2916.45,7339
RELIANCE,2024-06-12 13:59:00,2915.26,2915.77,2914.18,2915.37,2941
RELIANCE,2024-06-12 14:00:00,2915.49,2915.84,2914.26,2914.63,2432
RELIANCE,2024-06-12 14:01:00,2915.65,2915.95,2914.77,2915.62,7137
RELIANCE,2024-06-12 14:02:00,2915.55,2916.44,2915.23,2916.24,4476
RELIANCE,2024-06-12 14:03:00,2917.31,2917.39,2915.89,2916.55,1707
RELIANCE,2024-06-12 14:04:00,2917.48,2918.83,2916.64,2917.55,3620
RELIANCE,2024-06-12 14:05:00,2917.48,2918.44,2915.98,2916.81,7279
RELIANCE,2024-06-12 14:06:00,2917.38,2918.87,2917.04,2918.63,3920
RELIANCE,2024-06-12 14:07:00,2918.94,2919.39,2918.70,2918.85,1696
RELIANCE,2024-06-12 14:08:00,2918.00,2918.88,2917.81,2918.13,4421
RELIANCE,2024-06-12 14:09:00,2918.11,2918.77,2916.65,2917.68,8739
RELIANCE,2024-06-12 14:10:00,2917.16,2917.94,2916.45,2917.21,5097
RELIANCE,2024-06-12 14:11:00,2916.42,2916.53,2915.37,2916.49,4304
RELIANCE,2024-06-12 14:12:00,2915.54,2916.64,2915.04,2916.17,7883
RELIANCE,2024-06-12 14:13:00,2915.93,2916.16,2914.63,2915.51,1052
RELIANCE,2024-06-12 14:14:00,2914.41,2915.59,2913.69,2914.66,6834
RELIANCE,2024-06-12 14:15:00,2915.71,2916.31,2915.06,2915.43,5540
RELIANCE,2024-06-12 14:16:00,2915.83,2916.95,2915.82,2916.60,6132
RELIANCE,2024-06-12 14:17:00,2916.30,2917.58,2915.11,2916.57,6548
RELIANCE,2024-06-12 14:18:00,2915.91,2917.11,2915.68,2916.47,6332
RELIANCE,2024-06-12 14:19:00,2915.72,2915.89,2914.37,2915.59,1219
RELIANCE,2024-06-12 14:20:00,2915.90,2917.11,2915.24,2915.75,5271
RELIANCE,2024-06-12 14:21:00,2916.74,2917.26,2915.94,2917.17,6236
RELIANCE,2024-06-12 14:22:00,2918.27,2918.44,2917.89,2918.23,5630
RELIANCE,2024-06-12 14:23:00,2918.96,2919.35,2918.40,2918.77,3972
RELIANCE,2024-06-12 14:24:00,2919.56,2920.50,2919.54,2920.40,3358
RELIANCE,2024-06-12 14:25:00,2921.21,2921.45,2920.18,2920.21,2582
RELIANCE,2024-06-12 14:26:00,2919.52,2920.63,2919.31,2919.72,2796
RELIANCE,2024-06-12 14:27:00,2918.66,2919.06,2917.56,2918.64,8457
RELIANCE,2024-06-12 14:28:00,2917.70,2917.92,2916.87,2917.89,7331
RELIANCE,2024-06-12 14:29:00,2918.96,2919.61,2918.67,2919.37,8033
RELIANCE,2024-06-12 14:30:00,2919.96,2920.59,2919.02,2920.13,2470
RELIANCE,2024-06-12 14:31:00,2920.39,2921.86,2920.33,2920.42,2017
RELIANCE,2024-06-12 14:32:00,2919.32,2919.81,2918.28,2918.54,4795
RELIANCE,2024-06-12 14:33:00,2917.74,2918.01,2916.83,2917.62,8942
RELIANCE,2024-06-12 14:34:00,2916.91,2917.09,2915.62,2916.10,4350
RELIANCE,2024-06-12 14:35:00,2915.52,2915.87,2914.06,2915.86,6782
RELIANCE,2024-06-12 14:36:00,2916.87,2917.12,2915.53,2916.79,6128
RELIANCE,2024-06-12 14:37:00,2917.40,2917.49,2916.60,2917.21,1274
RELIANCE,2024-06-12 14:38:00,2917.93,2918.75,2916.60,2916.63,4596
RELIANCE,2024-06-12 14:39:00,2917.59,2918.49,2917.08,2917.64,8727
RELIANCE,2024-06-12 14:40:00,2916.80,2916.87,2915.62,2916.27,5069
RELIANCE,2024-06-12 14:41:00,2915.50,2916.07,2914.46,2914.47,7570
RELIANCE,2024-06-12 14:42:00,2915.53,2916.58,2914.12,2916.20,3965
RELIANCE,2024-06-12 14:43:00,2916.01,2917.01,2915.16,2916.51,4348
RELIANCE,2024-06-12 14:44:00,2916.13,2916.85,2915.26,2916.82,2321
RELIANCE,2024-06-12 14:45:00,2916.40,2916.96,2916.00,2916.87,7489
RELIANCE,2024-06-12 14:46:00,2917.30,2918.22,2917.29,2917.83,3673
RELIANCE,2024-06-12 14:47:00,2917.41,2918.55,2917.02,2917.95,2298
RELIANCE,2024-06-12 14:48:00,2918.16,2918.98,2916.73,2918.66,1679
RELIANCE,2024-06-12 14:49:00,2918.67,2919.91,2918.60,2919.16,1676
RELIANCE,2024-06-12 14:50:00,2919.36,2920.72,2918.48,2919.44,8646
RELIANCE,2024-06-12 14:51:00,2918.25,2919.13,2918.05,2918.46,8180
RELIANCE,2024-06-12 14:52:00,2917.54,2918.85,2916.88,2918.31,3102
RELIANCE,2024-06-12 14:53:00,2917.31,2917.98,2916.76,2916.80,7834
RELIANCE,2024-06-12 14:54:00,2917.37,2917.69,2916.39,2916.75,4035
RELIANCE,2024-06-12 14:55:00,2916.05,2916.81,2915.30,2916.10,7298
RELIANCE,2024-06-12 14:56:00,2916.30,2917.51,2915.16,2916.23,8074
RELIANCE,2024-06-12 14:57:00,2915.81,2916.84,2914.76,2916.75,1379
RELIANCE,2024-06-12 14:58:00,2917.39,2917.61,2916.37,2916.44,8085
RELIANCE,2024-06-12 14:59:00,2916.57,2917.68,2916.37,2917.20,4084
RELIANCE,2024-06-12 15:00:00,2918.10,2918.49,2917.34,2917.85,1209
RELIANCE,2024-06-12 15:01:00,2916.86,2918.14,2915.52,2915.61,4805
RELIANCE,2024-06-12 15:02:00,2915.88,2917.19,2915.76,2916.18,7880
RELIANCE,2024-06-12 15:03:00,2917.27,2917.55,2917.07,2917.46,1983
RELIANCE,2024-06-12 15:04:00,2917.84,2919.10,2917.45,2917.72,8425
RELIANCE,2024-06-12 15:05:00,2918.80,2919.51,2917.62,2918.09,8476
RELIANCE,2024-06-12 15:06:00,2917.04,2917.28,2915.54,2916.07,7317
RELIANCE,2024-06-12 15:07:00,2915.02,2915.59,2914.08,2915.54,2738
RELIANCE,2024-06-12 15:08:00,2914.58,2915.95,2913.37,2915.13,7100
RELIANCE,2024-06-12 15:09:00,2914.87,2915.85,2914.15,2915.05,2605
RELIANCE,2024-06-12 15:10:00,2916.11,2916.35,2915.08,2915.78,4318
RELIANCE,2024-06-12 15:11:00,2916.76,2918.13,2915.41,2916.69,8644
RELIANCE,2024-06-12 15:12:00,2916.15,2916.70,2915.32,2916.37,5828
RELIANCE,2024-06-12 15:13:00,2915.97,2916.48,2915.83,2916.08,1919
RELIANCE,2024-06-12 15:14:00,2917.29,2917.50,2916.42,2917.46,4154
RELIANCE,2024-06-12 15:15:00,2917.68,2917.95,2916.52,2916.97,4754
RELIANCE,2024-06-12 15:16:00,2916.07,2916.50,2915.13,2915.90,8767
RELIANCE,2024-06-12 15:17:00,2917.00,2918.04,2916.28,2917.92,2620
RELIANCE,2024-06-12 15:18:00,2918.05,2919.34,2917.05,2917.88,5954
RELIANCE,2024-06-12 15:19:00,2917.15,2917.59,2916.09,2917.15,5805
RELIANCE,2024-06-12 15:20:00,2916.11,2916.12,2915.28,2915.45,5157
RELIANCE,2024-06-12 15:21:00,2915.87,2917.00,2915.51,2915.67,3348
RELIANCE,2024-06-12 15:22:00,2916.74,2918.23,2915.72,2917.51,1014
RELIANCE,2024-06-12 15:23:00,2916.96,2918.42,2916.83,2917.28,8333
RELIANCE,2024-06-12 15:24:00,2917.47,2917.48,2916.85,2917.42,5829
RELIANCE,2024-06-12 15:25:00,2917.53,2917.80,2916.67,2917.79,8423
RELIANCE,2024-06-12 15:26:00,2918.63,2918.78,2917.23,2917.64,8212
RELIANCE,2024-06-12 15:27:00,2918.25,2919.68,2917.24,2918.18,6713
RELIANCE,2024-06-12 15:28:00,2917.05,2917.94,2916.00,2916.82,7796
RELIANCE,2024-06-12 15:29:00,2917.45,2917.86,2917.23,2917.46,6421
RELIANCE,2024-06-13 09:15:00,2916.31,2916.35,2916.23,2916.28,5352
RELIANCE,2024-06-13 09:16:00,2916.68,2916.92,2915.59,2916.32,3940
RELIANCE,2024-06-13 09:17:00,2917.37,2917.93,2916.55,2916.77,2242
RELIANCE,2024-06-13 09:18:00,2915.94,2916.82,2914.74,2915.07,5118
RELIANCE,2024-06-13 09:19:00,2915.26,2915.40,2914.52,2914.93,7144
RELIANCE,2024-06-13 09:20:00,2913.77,2913.86,2913.14,2913.31,7199
RELIANCE,2024-06-13 09:21:00,2912.12,2913.46,2911.58,2913.03,7838
RELIANCE,2024-06-13 09:22:00,2913.00,2913.58,2912.50,2913.33,2821
RELIANCE,2024-06-13 09:23:00,2914.52,2916.01,2914.45,2915.99,2956
RELIANCE,2024-06-13 09:24:00,2917.05,2917.96,2916.78,2916.86,1673
RELIANCE,2024-06-13 09:25:00,2917.56,2918.69,2917.05,2917.18,7180
RELIANCE,2024-06-13 09:26:00,2916.74,2917.51,2915.34,2915.87,2267
RELIANCE,2024-06-13 09:27:00,2915.09,2915.74,2913.69,2913.91,5206
RELIANCE,2024-06-13 09:28:00,2913.76,2914.01,2913.69,2913.73,7942
RELIANCE,2024-06-13 09:29:00,2914.33,2915.44,2913.10,2914.95,3333
RELIANCE,2024-06-13 09:30:00,2914.99,2915.49,2914.84,2915.32,6871
RELIANCE,2024-06-13 09:31:00,2914.59,2915.20,2914.25,2914.45,3121
RELIANCE,2024-06-13 09:32:00,2914.87,2915.01,2913.52,2913.53,2824
RELIANCE,2024-06-13 09:33:00,2913.95,2914.10,2913.34,2913.75,3356
RELIANCE,2024-06-13 09:34:00,2914.98,2915.48,2914.58,2915.18,2823
RELIANCE,2024-06-13 09:35:00,2914.07,2914.69,2912.80,2912.93,1694
RELIANCE,2024-06-13 09:36:00,2911.90,2912.71,2910.41,2912.53,1818
RELIANCE,2024-06-13 09:37:00,2912.27,2913.29,2911.89,2912.03,8576
RELIANCE,2024-06-13 09:38:00,2912.04,2913.25,2911.60,2913.14,7672
RELIANCE,2024-06-13 09:39:00,2914.13,2914.32,2914.03,2914.16,6406
RELIANCE,2024-06-13 09:40:00,2914.64,2915.69,2913.77,2915.64,1370
RELIANCE,2024-06-13 09:41:00,2916.37,2917.56,2916.26,2917.30,2966
RELIANCE,2024-06-13 09:42:00,2916.23,2917.10,2915.15,2915.83,6697
RELIANCE,2024-06-13 09:43:00,2916.66,2917.27,2915.42,2915.72,4586
RELIANCE,2024-06-13 09:44:00,2915.59,2915.60,2915.45,2915.56,8083
RELIANCE,2024-06-13 09:45:00,2914.94,2916.30,2913.95,2914.56,1958
RELIANCE,2024-06-13 09:46:00,2913.64,2914.21,2912.63,2912.64,1346
RELIANCE,2024-06-13 09:47:00,2913.58,2913.71,2913.12,2913.47,7936
RELIANCE,2024-06-13 09:48:00,2914.50,2915.68,2913.20,2914.66,8940
RELIANCE,2024-06-13 09:49:00,2915.80,2916.98,2914.54,2915.84,3549
RELIANCE,2024-06-13 09:50:00,2915.91,2916.63,2915.40,2915.86,5181
RELIANCE,2024-06-13 09:51:00,2916.03,2917.51,2915.10,2916.69,2054
RELIANCE,2024-06-13 09:52:00,2916.72,2917.35,2915.72,2916.02,5356
RELIANCE,2024-06-13 09:53:00,2915.54,2915.72,2914.60,2915.10,4071
RELIANCE,2024-06-13 09:54:00,2915.17,2915.54,2913.78,2914.68,4073
RELIANCE,2024-06-13 09:55:00,2914.81,2915.25,2913.56,2913.61,3103
RELIANCE,2024-06-13 09:56:00,2913.59,2914.69,2913.27,2913.91,3932
RELIANCE,2024-06-13 09:57:00,2914.45,2915.13,2914.32,2914.61,6358
RELIANCE,2024-06-13 09:58:00,2913.92,2914.27,2912.74,2913.74,6539
RELIANCE,2024-06-13 09:59:00,2913.17,2913.72,2913.14,2913.46,3799
RELIANCE,2024-06-13 10:00:00,2913.14,2913.19,2911.70,2912.48,6490
RELIANCE,2024-06-13 10:01:00,2913.41,2913.87,2912.22,2912.78,4868
RELIANCE,2024-06-13 10:02:00,2911.85,2913.04,2910.74,2911.86,4025
RELIANCE,2024-06-13 10:03:00,2911.14,2912.48,2911.08,2911.26,3776
RELIANCE,2024-06-13 10:04:00,2912.14,2913.44,2911.48,2912.31,3572
RELIANCE,2024-06-13 10:05:00,2911.49,2912.45,2910.42,2911.14,1496
RELIANCE,2024-06-13 10:06:00,2912.20,2913.48,2911.70,2913.22,8296
RELIANCE,2024-06-13 10:07:00,2912.15,2912.79,2911.92,2912.60,5171
RELIANCE,2024-06-13 10:08:00,2911.69,2913.04,2911.03,2911.83,5876
RELIANCE,2024-06-13 10:09:00,2913.05,2914.53,2912.46,2912.84,7406
RELIANCE,2024-06-13 10:10:00,2911.67,2912.23,2910.53,2911.10,6567
RELIANCE,2024-06-13 10:11:00,2909.99,2911.06,2909.68,2910.48,5691
RELIANCE,2024-06-13 10:12:00,2910.78,2911.22,2910.48,2911.11,8448
RELIANCE,2024-06-13 10:13:00,2910.50,2911.21,2909.34,2910.99,1993
RELIANCE,2024-06-13 10:14:00,2909.88,2910.37,2908.91,2909.79,5178
RELIANCE,2024-06-13 10:15:00,2909.72,2910.08,2909.06,2910.07,8496
RELIANCE,2024-06-13 10:16:00,2909.76,2911.11,2909.59,2911.09,2969
RELIANCE,2024-06-13 10:17:00,2911.49,2912.12,2910.99,2911.26,6191
RELIANCE,2024-06-13 10:18:00,2910.15,2911.34,2908.93,2909.58,7358
RELIANCE,2024-06-13 10:19:00,2910.13,2910.83,2910.11,2910.59,4784
RELIANCE,2024-06-13 10:20:00,2909.95,2910.89,2908.78,2910.56,5492
RELIANCE,2024-06-13 10:21:00,2911.70,2911.94,2910.27,2911.90,7215
RELIANCE,2024-06-13 10:22:00,2912.54,2913.20,2911.05,2911.25,4783
RELIANCE,2024-06-13 10:23:00,2912.18,2913.22,2912.08,2913.11,2505
RELIANCE,2024-06-13 10:24:00,2912.81,2913.46,2912.05,2912.46,6750
RELIANCE,2024-06-13 10:25:00,2912.11,2912.66,2911.04,2911.20,5324
RELIANCE,2024-06-13 10:26:00,2911.21,2911.77,2909.92,2910.31,8189
RELIANCE,2024-06-13 10:27:00,2910.06,2911.33,2909.16,2910.37,3244
RELIANCE,2024-06-13 10:28:00,2909.87,2910.00,2908.44,2909.02,1937
RELIANCE,2024-06-13 10:29:00,2908.72,2910.20,2907.76,2908.10,6521
RELIANCE,2024-06-13 10:30:00,2908.97,2909.48,2908.34,2909.43,3956
RELIANCE,2024-06-13 10:31:00,2908.77,2908.78,2907.27,2907.57,5354
RELIANCE,2024-06-13 10:32:00,2907.46,2908.07,2907.11,2907.87,4745
RELIANCE,2024-06-13 10:33:00,2907.07,2908.45,2905.85,2906.00,4085
RELIANCE,2024-06-13 10:34:00,2905.34,2906.78,2904.32,2905.98,5071
RELIANCE,2024-06-13 10:35:00,2906.12,2907.32,2905.31,2905.45,2429
RELIANCE,2024-06-13 10:36:00,2905.95,2906.34,2904.98,2905.17,6022
RELIANCE,2024-06-13 10:37:00,2905.86,2906.85,2904.56,2905.23,5376
RELIANCE,2024-06-13 10:38:00,2904.36,2905.09,2903.44,2903.66,3528
RELIANCE,2024-06-13 10:39:00,2903.20,2903.50,2901.74,2903.13,8702
RELIANCE,2024-06-13 10:40:00,2903.33,2903.66,2902.67,2903.49,5642
RELIANCE,2024-06-13 10:41:00,2902.60,2903.88,2901.86,2902.97,2344
RELIANCE,2024-06-13 10:42:00,2903.78,2904.76,2903.62,2904.32,1271
RELIANCE,2024-06-13 10:43:00,2904.57,2905.60,2903.80,2904.07,7606
RELIANCE,2024-06-13 10:44:00,2904.94,2905.21,2903.70,2904.49,1129
RELIANCE,2024-06-13 10:45:00,2904.81,2905.15,2904.68,2905.07,4718
RELIANCE,2024-06-13 10:46:00,2905.18,2906.47,2904.88,2906.31,3775
RELIANCE,2024-06-13 10:47:00,2906.59,2906.79,2906.03,2906.72,1184
RELIANCE,2024-06-13 10:48:00,2907.05,2907.23,2906.81,2906.93,3283
RELIANCE,2024-06-13 10:49:00,2906.47,2907.57,2906.34,2906.59,8877
RELIANCE,2024-06-13 10:50:00,2906.47,2907.66,2906.05,2907.54,7641
RELIANCE,2024-06-13 10:51:00,2906.48,2906.91,2906.02,2906.86,6416
RELIANCE,2024-06-13 10:52:00,2907.01,2907.93,2905.72,2906.04,6728
RELIANCE,2024-06-13 10:53:00,2906.17,2906.74,2904.96,2906.44,8695
RELIANCE,2024-06-13 10:54:00,2907.58,2908.00,2906.46,2907.74,3029
RELIANCE,2024-06-13 10:55:00,2906.87,2907.33,2906.80,2906.85,4602
RELIANCE,2024-06-13 10:56:00,2907.99,2908.54,2907.23,2907.89,1217
RELIANCE,2024-06-13 10:57:00,2908.22,2909.37,2907.02,2908.68,4286
RELIANCE,2024-06-13 10:58:00,2907.99,2908.51,2906.89,2907.96,4326
RELIANCE,2024-06-13 10:59:00,2907.14,2908.29,2906.50,2906.83,8951
RELIANCE,2024-06-13 11:00:00,2906.87,2908.05,2906.57,2907.64,3894
RELIANCE,2024-06-13 11:01:00,2907.84,2909.19,2907.44,2908.05,1992
RELIANCE,2024-06-13 11:02:00,2908.03,2908.60,2907.16,2907.47,4582
RELIANCE,2024-06-13 11:03:00,2908.25,2909.56,2907.80,2909.20,2129
RELIANCE,2024-06-13 11:04:00,2909.35,2910.25,2908.41,2908.64,7367
RELIANCE,2024-06-13 11:05:00,2907.86,2908.87,2907.72,2908.84,4566
RELIANCE,2024-06-13 11:06:00,2909.64,2910.30,2908.63,2910.22,2549
RELIANCE,2024-06-13 11:07:00,2911.10,2911.33,2910.84,2911.28,3603
RELIANCE,2024-06-13 11:08:00,2910.62,2911.92,2910.04,2910.32,2498
RELIANCE,2024-06-13 11:09:00,2910.89,2912.15,2910.65,2911.53,2582
RELIANCE,2024-06-13 11:10:00,2911.41,2912.17,2910.15,2910.18,8618
RELIANCE,2024-06-13 11:11:00,2911.11,2911.78,2909.78,2911.07,1834
RELIANCE,2024-06-13 11:12:00,2911.19,2911.52,2910.02,2910.48,6954
RELIANCE,2024-06-13 11:13:00,2910.74,2912.15,2910.48,2911.06,1854
RELIANCE,2024-06-13 11:14:00,2911.04,2911.14,2910.07,2910.81,2256
RELIANCE,2024-06-13 11:15:00,2910.23,2911.45,2909.03,2909.17,5690
RELIANCE,2024-06-13 11:16:00,2910.10,2910.18,2909.73,2909.77,3069
RELIANCE,2024-06-13 11:17:00,2910.61,2911.00,2910.34,2910.34,8519
RELIANCE,2024-06-13 11:18:00,2910.27,2910.83,2909.09,2910.35,1934
RELIANCE,2024-06-13 11:19:00,2911.00,2912.30,2910.83,2911.93,4704
RELIANCE,2024-06-13 11:20:00,2912.44,2913.61,2910.95,2911.51,1300
RELIANCE,2024-06-13 11:21:00,2911.08,2911.66,2910.10,2910.93,2833
RELIANCE,2024-06-13 11:22:00,2910.50,2910.61,2909.08,2909.86,4610
RELIANCE,2024-06-13 11:23:00,2910.32,2911.20,2909.52,2910.79,3248
RELIANCE,2024-06-13 11:24:00,2910.03,2910.64,2908.69,2909.49,6414
RELIANCE,2024-06-13 11:25:00,2908.41,2908.73,2906.98,2908.56,5566
RELIANCE,2024-06-13 11:26:00,2908.61,2908.79,2907.58,2908.67,4529
RELIANCE,2024-06-13 11:27:00,2909.87,2909.89,2908.93,2909.54,7906
RELIANCE,2024-06-13 11:28:00,2908.81,2910.04,2907.50,2908.60,6206
RELIANCE,2024-06-13 11:29:00,2909.18,2909.49,2908.22,2909.05,6388
RELIANCE,2024-06-13 11:30:00,2908.58,2909.15,2907.50,2908.36,2896
RELIANCE,2024-06-13 11:31:00,2907.98,2908.17,2906.97,2907.31,7477
RELIANCE,2024-06-13 11:32:00,2906.83,2908.02,2905.80,2906.16,1751
RELIANCE,2024-06-13 11:33:00,2906.75,2906.85,2905.35,2905.39,6931
RELIANCE,2024-06-13 11:34:00,2906.44,2907.50,2905.52,2906.78,7061
RELIANCE,2024-06-13 11:35:00,2906.60,2906.78,2905.82,2906.11,8923
RELIANCE,2024-06-13 11:36:00,2906.00,2906.16,2904.61,2905.20,2637
RELIANCE,2024-06-13 11:37:00,2904.79,2905.76,2903.54,2904.41,7187
RELIANCE,2024-06-13 11:38:00,2904.57,2905.82,2903.69,2905.08,3150
RELIANCE,2024-06-13 11:39:00,2906.02,2906.32,2905.36,2906.09,3262
RELIANCE,2024-06-13 11:40:00,2905.78,2906.68,2905.52,2905.69,3234
RELIANCE,2024-06-13 11:41:00,2906.69,2907.05,2905.85,2906.35,1277
RELIANCE,2024-06-13 11:42:00,2906.65,2907.65,2905.47,2907.46,4603
RELIANCE,2024-06-13 11:43:00,2908.00,2908.09,2906.61,2906.77,3470
RELIANCE,2024-06-13 11:44:00,2906.81,2908.04,2905.59,2906.48,7540
RELIANCE,2024-06-13 11:45:00,2906.44,2906.46,2906.21,2906.27,1667
RELIANCE,2024-06-13 11:46:00,2907.07,2907.90,2906.16,2906.28,3372
RELIANCE,2024-06-13 11:47:00,2907.09,2907.72,2906.71,2906.95,7877
RELIANCE,2024-06-13 11:48:00,2908.11,2908.95,2906.65,2907.90,6376
RELIANCE,2024-06-13 11:49:00,2907.70,2908.60,2906.41,2906.63,1524
RELIANCE,2024-06-13 11:50:00,2906.83,2907.15,2905.57,2906.93,6551
RELIANCE,2024-06-13 11:51:00,2906.95,2907.23,2906.29,2906.55,5797
RELIANCE,2024-06-13 11:52:00,2906.15,2906.98,2905.19,2906.10,1771
RELIANCE,2024-06-13 11:53:00,2906.86,2907.60,2906.52,2906.64,5167
RELIANCE,2024-06-13 11:54:00,2907.48,2907.92,2907.02,2907.24,8485
RELIANCE,2024-06-13 11:55:00,2908.23,2908.64,2906.76,2908.44,4557
RELIANCE,2024-06-13 11:56:00,2909.55,2909.94,2908.33,2909.32,2671
RELIANCE,2024-06-13 11:57:00,2908.45,2909.27,2908.26,2909.08,1124
RELIANCE,2024-06-13 11:58:00,2908.07,2909.36,2907.81,2908.21,6047
RELIANCE,2024-06-13 11:59:00,2909.29,2909.89,2909.03,2909.59,3460
RELIANCE,2024-06-13 12:00:00,2910.01,2910.17,2909.30,2909.87,6630
RELIANCE,2024-06-13 12:01:00,2909.70,2911.04,2908.26,2909.35,6612
RELIANCE,2024-06-13 12:02:00,2909.19,2909.75,2908.15,2909.33,6326
RELIANCE,2024-06-13 12:03:00,2908.83,2909.82,2908.23,2908.86,4199
RELIANCE,2024-06-13 12:04:00,2909.99,2911.44,2908.82,2911.42,4814
RELIANCE,2024-06-13 12:05:00,2910.31,2910.43,2909.29,2909.38,5574
RELIANCE,2024-06-13 12:06:00,2910.48,2911.73,2909.16,2909.85,7450
RELIANCE,2024-06-13 12:07:00,2909.78,2910.28,2908.88,2910.26,8293
RELIANCE,2024-06-13 12:08:00,2911.12,2912.39,2910.12,2910.51,2275
RELIANCE,2024-06-13 12:09:00,2911.50,2912.30,2910.78,2912.09,5297
RELIANCE,2024-06-13 12:10:00,2911.27,2912.35,2910.93,2912.13,3695
RELIANCE,2024-06-13 12:11:00,2913.31,2913.74,2913.19,2913.30,8528
RELIANCE,2024-06-13 12:12:00,2912.13,2912.78,2911.56,2911.58,8057
RELIANCE,2024-06-13 12:13:00,2911.93,2913.11,2911.79,2913.04,4302
RELIANCE,2024-06-13 12:14:00,2912.46,2912.50,2912.31,2912.44,5767
RELIANCE,2024-06-13 12:15:00,2912.87,2913.01,2912.20,2912.37,1479
RELIANCE,2024-06-13 12:16:00,2912.08,2913.56,2910.75,2911.10,7948
RELIANCE,2024-06-13 12:17:00,2911.35,2912.29,2910.47,2912.08,4974
RELIANCE,2024-06-13 12:18:00,2912.23,2913.45,2912.00,2912.78,3177
RELIANCE,2024-06-13 12:19:00,2912.43,2912.67,2912.30,2912.66,7438
RELIANCE,2024-06-13 12:20:00,2913.37,2914.31,2912.47,2914.17,7655
RELIANCE,2024-06-13 12:21:00,2913.68,2914.70,2913.61,2914.16,5152
RELIANCE,2024-06-13 12:22:00,2913.21,2913.71,2912.15,2913.60,6289
RELIANCE,2024-06-13 12:23:00,2913.04,2913.45,2912.39,2912.95,4682
RELIANCE,2024-06-13 12:24:00,2912.88,2914.02,2912.40,2912.58,6076
RELIANCE,2024-06-13 12:25:00,2911.81,2911.98,2910.70,2911.57,6785
RELIANCE,2024-06-13 12:26:00,2910.68,2910.88,2909.94,2910.25,8777
RELIANCE,2024-06-13 12:27:00,2909.87,2910.96,2909.15,2909.23,7860
RELIANCE,2024-06-13 12:28:00,2908.45,2909.91,2908.19,2908.32,4707
RELIANCE,2024-06-13 12:29:00,2907.20,2908.53,2906.09,2907.32,1705
RELIANCE,2024-06-13 12:30:00,2907.13,2908.40,2905.96,2907.39,2948
RELIANCE,2024-06-13 12:31:00,2907.02,2907.97,2906.40,2906.49,8226
RELIANCE,2024-06-13 12:32:00,2906.53,2907.01,2905.62,2907.01,2659
RELIANCE,2024-06-13 12:33:00,2906.35,2907.83,2906.31,2907.59,7989
RELIANCE,2024-06-13 12:34:00,2907.43,2908.68,2906.38,2908.60,7856
RELIANCE,2024-06-13 12:35:00,2907.64,2908.21,2907.17,2908.17,6145
RELIANCE,2024-06-13 12:36:00,2907.61,2908.54,2907.51,2908.07,4076
RELIANCE,2024-06-13 12:37:00,2907.12,2907.27,2906.13,2906.70,4540
RELIANCE,2024-06-13 12:38:00,2907.46,2908.36,2907.29,2907.93,8135
RELIANCE,2024-06-13 12:39:00,2908.61,2909.88,2908.15,2909.20,4451
RELIANCE,2024-06-13 12:40:00,2909.63,2910.04,2908.25,2909.73,8332
RELIANCE,2024-06-13 12:41:00,2910.73,2911.26,2910.03,2910.16,6149
RELIANCE,2024-06-13 12:42:00,2910.83,2911.75,2910.33,2911.10,8604
RELIANCE,2024-06-13 12:43:00,2911.92,2912.52,2910.59,2912.13,6405
RELIANCE,2024-06-13 12:44:00,2911.00,2911.69,2910.17,2911.27,8935
RELIANCE,2024-06-13 12:45:00,2910.43,2911.53,2909.97,2911.38,1369
RELIANCE,2024-06-13 12:46:00,2911.91,2913.33,2911.89,2912.35,8179
RELIANCE,2024-06-13 12:47:00,2912.87,2914.02,2912.50,2913.88,2349
RELIANCE,2024-06-13 12:48:00,2914.64,2915.00,2914.07,2914.28,6773
RELIANCE,2024-06-13 12:49:00,2914.84,2916.31,2913.69,2915.30,2161
RELIANCE,2024-06-13 12:50:00,2916.44,2917.61,2915.01,2915.65,5227
RELIANCE,2024-06-13 12:51:00,2916.62,2918.05,2916.39,2917.13,7915
RELIANCE,2024-06-13 12:52:00,2917.30,2918.46,2915.90,2915.95,3217
RELIANCE,2024-06-13 12:53:00,2916.70,2916.78,2916.52,2916.74,1007
RELIANCE,2024-06-13 12:54:00,2916.51,2917.33,2915.12,2915.26,3699
RELIANCE,2024-06-13 12:55:00,2914.23,2914.80,2912.83,2913.90,1331
RELIANCE,2024-06-13 12:56:00,2914.12,2914.30,2912.92,2913.62,2172
RELIANCE,2024-06-13 12:57:00,2913.61,2914.87,2913.43,2914.71,2260
RELIANCE,2024-06-13 12:58:00,2915.50,2915.84,2915.50,2915.79,7767
RELIANCE,2024-06-13 12:59:00,2915.22,2916.57,2914.95,2915.66,5273
RELIANCE,2024-06-13 13:00:00,2916.50,2917.98,2916.01,2917.65,8544
RELIANCE,2024-06-13 13:01:00,2916.90,2917.96,2916.31,2916.55,6541
RELIANCE,2024-06-13 13:02:00,2916.74,2917.15,2916.36,2916.79,2108
RELIANCE,2024-06-13 13:03:00,2917.10,2917.66,2916.87,2917.42,1166
RELIANCE,2024-06-13 13:04:00,2917.87,2918.05,2916.70,2917.73,3509
RELIANCE,2024-06-13 13:05:00,2917.32,2918.43,2915.94,2917.63,7605
RELIANCE,2024-06-13 13:06:00,2918.43,2918.67,2918.27,2918.41,8207
RELIANCE,2024-06-13 13:07:00,2917.65,2917.96,2916.25,2916.26,8445
RELIANCE,2024-06-13 13:08:00,2916.70,2916.83,2916.33,2916.66,8156
RELIANCE,2024-06-13 13:09:00,2917.77,2918.71,2917.59,2918.03,2647
RELIANCE,2024-06-13 13:10:00,2917.42,2918.60,2916.35,2918.11,5355
RELIANCE,2024-06-13 13:11:00,2917.80,2919.08,2916.49,2916.66,4429
RELIANCE,2024-06-13 13:12:00,2916.15,2917.26,2915.83,2916.30,3313
RELIANCE,2024-06-13 13:13:00,2915.56,2916.87,2914.37,2915.13,6099
RELIANCE,2024-06-13 13:14:00,2916.19,2917.60,2915.52,2916.70,8065
RELIANCE,2024-06-13 13:15:00,2916.55,2917.29,2915.96,2916.27,6741
RELIANCE,2024-06-13 13:16:00,2916.95,2917.18,2916.30,2917.17,4941
RELIANCE,2024-06-13 13:17:00,2918.13,2919.38,2916.68,2917.61,6253
RELIANCE,2024-06-13 13:18:00,2916.71,2917.66,2915.60,2917.50,6407
RELIANCE,2024-06-13 13:19:00,2916.68,2917.30,2916.49,2916.75,7803
RELIANCE,2024-06-13 13:20:00,2916.70,2918.07,2915.34,2917.87,4915
RELIANCE,2024-06-13 13:21:00,2918.17,2919.10,2917.91,2918.21,5098
RELIANCE,2024-06-13 13:22:00,2919.15,2919.77,2917.66,2917.71,7945
RELIANCE,2024-06-13 13:23:00,2917.82,2918.57,2916.51,2918.31,4498
RELIANCE,2024-06-13 13:24:00,2918.95,2919.65,2918.33,2918.59,7554
RELIANCE,2024-06-13 13:25:00,2919.06,2919.20,2918.10,2919.19,3540
RELIANCE,2024-06-13 13:26:00,2918.91,2919.53,2918.05,2919.37,8742
RELIANCE,2024-06-13 13:27:00,2919.28,2919.93,2918.70,2918.98,3527
RELIANCE,2024-06-13 13:28:00,2919.05,2919.92,2918.38,2919.89,4388
RELIANCE,2024-06-13 13:29:00,2920.31,2921.17,2919.36,2919.79,6134
RELIANCE,2024-06-13 13:30:00,2920.04,2920.85,2919.40,2919.76,3583
RELIANCE,2024-06-13 13:31:00,2921.01,2922.11,2920.95,2921.53,5186
RELIANCE,2024-06-13 13:32:00,2920.84,2920.92,2920.60,2920.71,7410
RELIANCE,2024-06-13 13:33:00,2919.70,2920.02,2918.95,2919.27,8374
RELIANCE,2024-06-13 13:34:00,2919.39,2920.19,2919.33,2919.39,6468
RELIANCE,2024-06-13 13:35:00,2918.70,2918.84,2918.47,2918.67,7121
RELIANCE,2024-06-13 13:36:00,2918.21,2918.31,2917.38,2917.99,2838
RELIANCE,2024-06-13 13:37:00,2917.09,2917.21,2916.60,2917.13,4301
RELIANCE,2024-06-13 13:38:00,2917.46,2917.88,2916.79,2917.04,2523
RELIANCE,2024-06-13 13:39:00,2916.99,2917.23,2915.85,2917.16,8380
RELIANCE,2024-06-13 13:40:00,2916.81,2918.02,2915.92,2917.29,4217
RELIANCE,2024-06-13 13:41:00,2917.96,2918.06,2917.50,2917.70,3240
RELIANCE,2024-06-13 13:42:00,2917.80,2918.76,2917.65,2918.02,2889
RELIANCE,2024-06-13 13:43:00,2918.34,2918.82,2918.33,2918.67,4530
RELIANCE,2024-06-13 13:44:00,2919.39,2920.47,2918.94,2919.30,6769
RELIANCE,2024-06-13 13:45:00,2918.64,2918.95,2917.69,2918.40,4913
RELIANCE,2024-06-13 13:46:00,2918.60,2919.82,2917.12,2918.14,8089
RELIANCE,2024-06-13 13:47:00,2916.96,2918.28,2916.92,2917.66,4180
RELIANCE,2024-06-13 13:48:00,2918.00,2918.97,2917.25,2918.00,6314
RELIANCE,2024-06-13 13:49:00,2918.15,2919.28,2917.42,2917.49,7317
RELIANCE,2024-06-13 13:50:00,2918.47,2918.96,2917.30,2918.45,3393
RELIANCE,2024-06-13 13:51:00,2918.88,2920.03,2917.93,2918.86,7002
RELIANCE,2024-06-13 13:52:00,2919.19,2920.46,2918.76,2919.60,2505
RELIANCE,2024-06-13 13:53:00,2920.19,2920.49,2919.72,2919.98,1785
RELIANCE,2024-06-13 13:54:00,2919.51,2920.88,2919.22,2919.46,4390
RELIANCE,2024-06-13 13:55:00,2920.05,2920.23,2918.92,2919.11,1789
RELIANCE,2024-06-13 13:56:00,2918.65,2919.79,2918.03,2919.16,4727
RELIANCE,2024-06-13 13:57:00,2920.26,2920.69,2919.14,2920.22,5596
RELIANCE,2024-06-13 13:58:00,2919.86,2920.85,2918.40,2920.19,2820
RELIANCE,2024-06-13 13:59:00,2919.80,2920.28,2919.50,2919.84,8357
RELIANCE,2024-06-13 14:00:00,2919.48,2920.57,2918.51,2919.09,5201
RELIANCE,2024-06-13 14:01:00,2920.09,2920.50,2919.77,2919.86,4008
RELIANCE,2024-06-13 14:02:00,2919.50,2920.26,2918.86,2918.98,8573
RELIANCE,2024-06-13 14:03:00,2918.87,2919.33,2918.08,2919.05,6931
RELIANCE,2024-06-13 14:04:00,2917.95,2918.58,2917.02,2917.43,2487
RELIANCE,2024-06-13 14:05:00,2917.40,2917.89,2917.20,2917.81,5983
RELIANCE,2024-06-13 14:06:00,2918.30,2918.65,2917.93,2918.11,2614
RELIANCE,2024-06-13 14:07:00,2918.63,2918.99,2917.83,2918.80,3871
RELIANCE,2024-06-13 14:08:00,2919.71,2920.27,2919.62,2920.05,2889
RELIANCE,2024-06-13 14:09:00,2919.89,2921.36,2919.61,2920.85,1337
RELIANCE,2024-06-13 14:10:00,2919.86,2920.38,2919.13,2919.77,8274
RELIANCE,2024-06-13 14:11:00,2919.00,2920.19,2918.86,2919.69,8053
RELIANCE,2024-06-13 14:12:00,2919.41,2919.87,2918.54,2918.98,1647
RELIANCE,2024-06-13 14:13:00,2920.06,2920.57,2919.46,2920.52,3816
RELIANCE,2024-06-13 14:14:00,2919.37,2920.11,2918.64,2918.93,5117
RELIANCE,2024-06-13 14:15:00,2920.04,2920.22,2918.77,2919.89,7138
RELIANCE,2024-06-13 14:16:00,2919.24,2920.39,2918.73,2918.98,2560
RELIANCE,2024-06-13 14:17:00,2919.70,2920.78,2919.22,2920.29,4363
RELIANCE,2024-06-13 14:18:00,2919.35,2920.16,2918.90,2919.69,7599
RELIANCE,2024-06-13 14:19:00,2920.46,2921.17,2919.24,2919.82,5465
RELIANCE,2024-06-13 14:20:00,2920.66,2920.94,2920.39,2920.50,3820
RELIANCE,2024-06-13 14:21:00,2920.96,2921.60,2919.50,2921.49,8837
RELIANCE,2024-06-13 14:22:00,2921.93,2922.72,2920.66,2920.75,2035
RELIANCE,2024-06-13 14:23:00,2919.59,2920.98,2918.93,2920.15,7674
RELIANCE,2024-06-13 14:24:00,2919.57,2920.94,2918.95,2920.08,5327
RELIANCE,2024-06-13 14:25:00,2918.98,2919.19,2917.49,2918.75,2719
RELIANCE,2024-06-13 14:26:00,2918.15,2918.19,2917.20,2917.87,3208
RELIANCE,2024-06-13 14:27:00,2916.99,2917.61,2915.57,2915.58,4433
RELIANCE,2024-06-13 14:28:00,2916.09,2916.85,2914.61,2915.73,5788
RELIANCE,2024-06-13 14:29:00,2916.59,2917.69,2916.53,2917.34,5038
RELIANCE,2024-06-13 14:30:00,2918.03,2918.29,2916.86,2917.44,8177
RELIANCE,2024-06-13 14:31:00,2916.56,2917.87,2915.93,2916.45,2959
RELIANCE,2024-06-13 14:32:00,2915.53,2916.92,2914.98,2915.17,7970
RELIANCE,2024-06-13 14:33:00,2915.22,2915.99,2913.74,2914.22,1135
RELIANCE,2024-06-13 14:34:00,2913.25,2913.60,2912.91,2912.94,2485
RELIANCE,2024-06-13 14:35:00,2911.82,2913.20,2911.09,2912.94,6713
RELIANCE,2024-06-13 14:36:00,2913.89,2914.21,2913.28,2913.98,6185
RELIANCE,2024-06-13 14:37:00,2913.28,2914.11,2912.39,2913.72,2374
RELIANCE,2024-06-13 14:38:00,2912.62,2913.45,2912.31,2912.69,8411
RELIANCE,2024-06-13 14:39:00,2911.78,2912.10,2911.62,2911.97,7106
RELIANCE,2024-06-13 14:40:00,2911.59,2912.37,2910.17,2911.44,2215
RELIANCE,2024-06-13 14:41:00,2912.50,2913.47,2911.52,2912.67,5046
RELIANCE,2024-06-13 14:42:00,2912.88,2913.51,2912.80,2913.03,6146
RELIANCE,2024-06-13 14:43:00,2912.86,2913.51,2912.02,2912.56,4204
RELIANCE,2024-06-13 14:44:00,2911.72,2912.11,2911.27,2911.78,4609
RELIANCE,2024-06-13 14:45:00,2910.62,2911.70,2910.03,2910.78,5848
RELIANCE,2024-06-13 14:46:00,2909.87,2909.93,2909.02,2909.16,1420
RELIANCE,2024-06-13 14:47:00,2910.26,2910.69,2909.56,2909.93,1477
RELIANCE,2024-06-13 14:48:00,2910.96,2911.31,2909.96,2910.57,7762
RELIANCE,2024-06-13 14:49:00,2911.08,2912.28,2910.38,2911.12,2913
RELIANCE,2024-06-13 14:50:00,2910.38,2911.59,2909.20,2910.07,3863
RELIANCE,2024-06-13 14:51:00,2910.32,2911.80,2909.25,2910.42,2188
RELIANCE,2024-06-13 14:52:00,2911.59,2912.23,2911.27,2911.97,4646
RELIANCE,2024-06-13 14:53:00,2912.40,2913.11,2911.06,2912.97,6051
RELIANCE,2024-06-13 14:54:00,2912.09,2913.13,2912.08,2912.51,5123
RELIANCE,2024-06-13 14:55:00,2913.59,2914.69,2913.41,2913.70,3806
RELIANCE,2024-06-13 14:56:00,2913.03,2914.37,2912.89,2913.80,7922
RELIANCE,2024-06-13 14:57:00,2913.05,2914.13,2912.55,2914.04,8797
RELIANCE,2024-06-13 14:58:00,2913.00,2914.31,2912.97,2913.31,8669
RELIANCE,2024-06-13 14:59:00,2913.64,2914.60,2913.13,2913.18,2017
RELIANCE,2024-06-13 15:00:00,2912.77,2913.08,2911.47,2912.33,2219
RELIANCE,2024-06-13 15:01:00,2913.34,2914.11,2912.96,2913.63,3258
RELIANCE,2024-06-13 15:02:00,2913.52,2914.61,2913.08,2914.15,2742
RELIANCE,2024-06-13 15:03:00,2915.17,2915.42,2914.88,2914.95,2750
RELIANCE,2024-06-13 15:04:00,2915.53,2915.79,2914.30,2914.75,7986
RELIANCE,2024-06-13 15:05:00,2914.71,2915.30,2913.55,2915.13,4485
RELIANCE,2024-06-13 15:06:00,2915.95,2916.92,2915.69,2916.82,3732
RELIANCE,2024-06-13 15:07:00,2917.29,2917.86,2916.88,2917.01,8252
RELIANCE,2024-06-13 15:08:00,2918.05,2919.55,2916.82,2918.22,5892
RELIANCE,2024-06-13 15:09:00,2917.53,2917.80,2917.03,2917.55,5451
RELIANCE,2024-06-13 15:10:00,2917.00,2918.01,2915.88,2916.28,8880
RELIANCE,2024-06-13 15:11:00,2915.72,2916.04,2914.49,2915.34,3677
RELIANCE,2024-06-13 15:12:00,2915.61,2917.09,2914.37,2916.51,6547
RELIANCE,2024-06-13 15:13:00,2917.25,2918.43,2916.20,2918.17,6356
RELIANCE,2024-06-13 15:14:00,2918.58,2919.44,2918.55,2919.05,8092
RELIANCE,2024-06-13 15:15:00,2919.14,2920.37,2918.26,2919.17,2983
RELIANCE,2024-06-13 15:16:00,2919.17,2919.99,2917.96,2918.88,7951
RELIANCE,2024-06-13 15:17:00,2920.09,2920.47,2918.82,2919.01,6349
RELIANCE,2024-06-13 15:18:00,2919.72,2920.89,2918.89,2920.31,7114
RELIANCE,2024-06-13 15:19:00,2919.60,2920.81,2918.13,2919.85,6585
RELIANCE,2024-06-13 15:20:00,2919.44,2919.85,2918.52,2918.83,7380
RELIANCE,2024-06-13 15:21:00,2917.74,2918.66,2917.22,2917.49,4571
RELIANCE,2024-06-13 15:22:00,2917.12,2917.52,2916.18,2917.34,8870
RELIANCE,2024-06-13 15:23:00,2917.75,2918.52,2917.48,2918.39,1908
RELIANCE,2024-06-13 15:24:00,2918.54,2918.59,2917.99,2918.30,2112
RELIANCE,2024-06-13 15:25:00,2918.46,2919.55,2917.12,2918.26,1343
RELIANCE,2024-06-13 15:26:00,2917.97,2918.10,2916.99,2917.92,1210
RELIANCE,2024-06-13 15:27:00,2918.20,2919.37,2918.01,2918.41,7972
RELIANCE,2024-06-13 15:28:00,2919.33,2920.78,2918.57,2918.92,8307
RELIANCE,2024-06-13 15:29:00,2918.72,2918.95,2917.73,2918.12,2096
RELIANCE,2024-06-14 09:15:00,2918.02,2918.69,2917.75,2918.03,2110
RELIANCE,2024-06-14 09:16:00,2918.18,2919.01,2917.57,2918.72,1719
RELIANCE,2024-06-14 09:17:00,2918.82,2919.73,2918.13,2919.32,1775
RELIANCE,2024-06-14 09:18:00,2919.99,2920.79,2918.81,2919.94,1963
RELIANCE,2024-06-14 09:19:00,2920.13,2921.04,2919.90,2920.27,8078
RELIANCE,2024-06-14 09:20:00,2920.07,2920.88,2919.92,2920.60,7517
RELIANCE,2024-06-14 09:21:00,2920.43,2921.85,2920.04,2920.14,7129
RELIANCE,2024-06-14 09:22:00,2920.81,2921.85,2920.25,2920.80,2258
RELIANCE,2024-06-14 09:23:00,2921.86,2922.55,2920.88,2920.95,3491
RELIANCE,2024-06-14 09:24:00,2920.54,2921.31,2919.42,2921.09,3893
RELIANCE,2024-06-14 09:25:00,2921.63,2922.43,2920.60,2921.25,5537
RELIANCE,2024-06-14 09:26:00,2921.41,2921.95,2921.00,2921.84,7561
RELIANCE,2024-06-14 09:27:00,2922.77,2923.71,2921.73,2923.03,4527
RELIANCE,2024-06-14 09:28:00,2921.93,2923.14,2921.14,2922.25,5419
RELIANCE,2024-06-14 09:29:00,2921.49,2922.86,2920.68,2920.97,3041
RELIANCE,2024-06-14 09:30:00,2920.02,2920.23,2919.01,2919.79,7608
RELIANCE,2024-06-14 09:31:00,2920.62,2920.62,2920.26,2920.34,6925
RELIANCE,2024-06-14 09:32:00,2919.72,2920.89,2919.49,2920.23,7310
RELIANCE,2024-06-14 09:33:00,2919.40,2920.68,2918.11,2920.06,5719
RELIANCE,2024-06-14 09:34:00,2919.84,2920.56,2919.42,2920.52,7411
RELIANCE,2024-06-14 09:35:00,2919.89,2920.36,2919.05,2920.08,8571
RELIANCE,2024-06-14 09:36:00,2920.84,2921.39,2919.52,2920.80,4691
RELIANCE,2024-06-14 09:37:00,2919.92,2920.82,2918.93,2919.56,6333
RELIANCE,2024-06-14 09:38:00,2918.38,2919.73,2917.31,2918.49,7962
RELIANCE,2024-06-14 09:39:00,2918.64,2918.65,2917.92,2918.52,4259
RELIANCE,2024-06-14 09:40:00,2918.23,2919.72,2917.26,2917.37,2008
RELIANCE,2024-06-14 09:41:00,2917.32,2917.45,2916.72,2916.89,6364
RELIANCE,2024-06-14 09:42:00,2916.79,2916.91,2915.43,2916.67,5576
RELIANCE,2024-06-14 09:43:00,2917.75,2918.62,2916.95,2917.85,4984
RELIANCE,2024-06-14 09:44:00,2919.04,2920.47,2917.95,2920.03,1616
RELIANCE,2024-06-14 09:45:00,2919.84,2920.60,2918.77,2919.76,8532
RELIANCE,2024-06-14 09:46:00,2920.98,2922.23,2919.54,2920.14,2817
RELIANCE,2024-06-14 09:47:00,2919.78,2920.38,2919.35,2919.37,4428
RELIANCE,2024-06-14 09:48:00,2918.91,2919.92,2918.07,2919.18,3456
RELIANCE,2024-06-14 09:49:00,2919.84,2920.70,2918.89,2919.20,4721
RELIANCE,2024-06-14 09:50:00,2919.14,2919.57,2919.08,2919.31,6048
RELIANCE,2024-06-14 09:51:00,2918.90,2919.85,2918.14,2918.19,6917
RELIANCE,2024-06-14 09:52:00,2918.99,2919.72,2918.73,2919.00,7042
RELIANCE,2024-06-14 09:53:00,2919.30,2920.20,2918.81,2919.62,8495
RELIANCE,2024-06-14 09:54:00,2919.28,2920.18,2919.11,2920.01,3769
RELIANCE,2024-06-14 09:55:00,2919.62,2920.70,2918.40,2918.73,7477
RELIANCE,2024-06-14 09:56:00,2919.90,2920.78,2918.66,2918.79,5447
RELIANCE,2024-06-14 09:57:00,2920.00,2920.47,2919.67,2920.07,1017
RELIANCE,2024-06-14 09:58:00,2919.78,2921.28,2918.98,2921.18,3076
RELIANCE,2024-06-14 09:59:00,2921.29,2921.40,2920.49,2921.12,6249
RELIANCE,2024-06-14 10:00:00,2920.80,2921.67,2919.40,2921.55,8184
RELIANCE,2024-06-14 10:01:00,2921.76,2923.13,2920.62,2921.49,1200
RELIANCE,2024-06-14 10:02:00,2922.60,2922.98,2922.05,2922.59,2938
RELIANCE,2024-06-14 10:03:00,2922.74,2923.53,2922.05,2922.93,3771
RELIANCE,2024-06-14 10:04:00,2921.91,2922.95,2921.39,2921.61,1638
RELIANCE,2024-06-14 10:05:00,2922.23,2923.41,2920.96,2922.06,2934
RELIANCE,2024-06-14 10:06:00,2923.24,2924.63,2922.44,2923.04,5247
RELIANCE,2024-06-14 10:07:00,2922.67,2923.90,2921.96,2923.47,3055
RELIANCE,2024-06-14 10:08:00,2923.27,2924.11,2922.00,2922.42,8036
RELIANCE,2024-06-14 10:09:00,2923.62,2924.43,2922.33,2922.45,7537
RELIANCE,2024-06-14 10:10:00,2923.51,2924.17,2923.23,2923.62,5844
RELIANCE,2024-06-14 10:11:00,2923.14,2923.43,2922.12,2923.20,5462
RELIANCE,2024-06-14 10:12:00,2922.32,2922.70,2921.11,2922.48,8222
RELIANCE,2024-06-14 10:13:00,2923.03,2924.10,2921.55,2921.62,7932
RELIANCE,2024-06-14 10:14:00,2921.31,2921.34,2920.66,2920.82,5816
RELIANCE,2024-06-14 10:15:00,2919.88,2920.56,2918.48,2919.81,2880
RELIANCE,2024-06-14 10:16:00,2918.87,2919.20,2918.21,2919.19,3656
RELIANCE,2024-06-14 10:17:00,2919.06,2920.55,2917.66,2919.96,4858
RELIANCE,2024-06-14 10:18:00,2920.48,2920.97,2919.29,2919.60,1831
RELIANCE,2024-06-14 10:19:00,2920.06,2920.21,2919.22,2919.71,1600
RELIANCE,2024-06-14 10:20:00,2920.34,2921.34,2919.78,2919.98,6012
RELIANCE,2024-06-14 10:21:00,2920.44,2921.06,2918.98,2919.77,2120
RELIANCE,2024-06-14 10:22:00,2920.06,2920.69,2919.78,2920.20,5504
RELIANCE,2024-06-14 10:23:00,2919.23,2920.13,2917.88,2918.24,4051
RELIANCE,2024-06-14 10:24:00,2917.59,2918.54,2916.48,2916.99,6655
RELIANCE,2024-06-14 10:25:00,2917.79,2919.08,2917.03,2918.04,5414
RELIANCE,2024-06-14 10:26:00,2918.44,2919.74,2918.13,2918.69,3712
RELIANCE,2024-06-14 10:27:00,2917.65,2918.11,2916.94,2917.81,6165
RELIANCE,2024-06-14 10:28:00,2918.98,2920.30,2918.28,2919.09,5748
RELIANCE,2024-06-14 10:29:00,2917.98,2918.63,2917.94,2918.30,6182
RELIANCE,2024-06-14 10:30:00,2917.41,2918.54,2916.89,2917.43,2715
RELIANCE,2024-06-14 10:31:00,2917.11,2918.04,2916.30,2916.76,7388
RELIANCE,2024-06-14 10:32:00,2917.77,2919.18,2916.34,2918.45,7925
RELIANCE,2024-06-14 10:33:00,2918.48,2918.53,2918.03,2918.33,7625
RELIANCE,2024-06-14 10:34:00,2919.46,2919.50,2918.02,2919.46,7845
RELIANCE,2024-06-14 10:35:00,2919.29,2919.95,2917.80,2919.78,8519
RELIANCE,2024-06-14 10:36:00,2920.14,2921.07,2919.46,2920.41,2291
RELIANCE,2024-06-14 10:37:00,2921.25,2922.26,2920.30,2920.91,3188
RELIANCE,2024-06-14 10:38:00,2921.59,2922.89,2920.89,2921.46,8302
RELIANCE,2024-06-14 10:39:00,2921.11,2921.21,2919.64,2921.06,7674
RELIANCE,2024-06-14 10:40:00,2921.78,2922.57,2920.49,2922.13,4928
RELIANCE,2024-06-14 10:41:00,2922.91,2924.09,2921.72,2922.01,1109
RELIANCE,2024-06-14 10:42:00,2921.76,2923.08,2920.96,2922.29,8831
RELIANCE,2024-06-14 10:43:00,2921.66,2922.95,2921.48,2921.96,1015
RELIANCE,2024-06-14 10:44:00,2922.45,2923.23,2921.41,2923.17,5652
RELIANCE,2024-06-14 10:45:00,2923.39,2924.87,2922.23,2924.68,8892
RELIANCE,2024-06-14 10:46:00,2923.50,2923.76,2923.15,2923.26,3797
RELIANCE,2024-06-14 10:47:00,2923.02,2924.31,2922.50,2923.70,5099
RELIANCE,2024-06-14 10:48:00,2924.94,2925.68,2923.89,2924.82,7284
RELIANCE,2024-06-14 10:49:00,2924.12,2925.59,2923.81,2924.61,8670
RELIANCE,2024-06-14 10:50:00,2925.58,2926.04,2924.31,2925.59,5696
RELIANCE,2024-06-14 10:51:00,2924.95,2926.35,2924.37,2924.55,1866
RELIANCE,2024-06-14 10:52:00,2924.11,2924.29,2924.04,2924.22,6991
RELIANCE,2024-06-14 10:53:00,2924.72,2924.77,2924.66,2924.67,8254
RELIANCE,2024-06-14 10:54:00,2924.99,2925.33,2924.14,2924.61,3203
RELIANCE,2024-06-14 10:55:00,2924.26,2925.22,2923.75,2924.42,2409
RELIANCE,2024-06-14 10:56:00,2924.32,2925.76,2923.62,2925.45,2785
RELIANCE,2024-06-14 10:57:00,2925.57,2926.29,2924.21,2925.41,6222
RELIANCE,2024-06-14 10:58:00,2925.63,2926.82,2924.80,2926.11,7011
RELIANCE,2024-06-14 10:59:00,2927.31,2928.50,2927.12,2927.27,2820
RELIANCE,2024-06-14 11:00:00,2927.87,2928.83,2926.60,2926.96,2313
RELIANCE,2024-06-14 11:01:00,2925.77,2926.16,2925.20,2925.40,1020
RELIANCE,2024-06-14 11:02:00,2926.20,2927.23,2924.92,2925.23,3156
RELIANCE,2024-06-14 11:03:00,2924.91,2925.40,2924.88,2925.32,7047
RELIANCE,2024-06-14 11:04:00,2925.58,2926.57,2924.60,2924.76,4864
RELIANCE,2024-06-14 11:05:00,2924.68,2924.99,2923.45,2924.82,2000
RELIANCE,2024-06-14 11:06:00,2925.93,2926.61,2924.45,2924.46,2509
RELIANCE,2024-06-14 11:07:00,2924.77,2925.78,2923.83,2925.04,4096
RELIANCE,2024-06-14 11:08:00,2925.14,2926.13,2924.85,2925.58,7925
RELIANCE,2024-06-14 11:09:00,2926.60,2926.71,2925.45,2925.67,3836
RELIANCE,2024-06-14 11:10:00,2924.75,2925.60,2923.30,2925.45,4124
RELIANCE,2024-06-14 11:11:00,2924.93,2925.23,2924.32,2924.43,4411
RELIANCE,2024-06-14 11:12:00,2923.80,2924.37,2923.65,2924.22,2509
RELIANCE,2024-06-14 11:13:00,2923.42,2924.72,2923.19,2924.20,2163
RELIANCE,2024-06-14 11:14:00,2924.29,2925.57,2923.16,2923.67,5380
RELIANCE,2024-06-14 11:15:00,2924.80,2925.11,2924.52,2924.75,4841
RELIANCE,2024-06-14 11:16:00,2924.41,2925.74,2923.43,2923.63,2794
RELIANCE,2024-06-14 11:17:00,2922.59,2923.98,2922.56,2923.52,5706
RELIANCE,2024-06-14 11:18:00,2923.71,2924.61,2923.59,2924.38,2968
RELIANCE,2024-06-14 11:19:00,2925.47,2926.10,2924.02,2924.80,6983
RELIANCE,2024-06-14 11:20:00,2924.57,2925.20,2923.76,2924.97,2329
RELIANCE,2024-06-14 11:21:00,2925.66,2926.47,2924.58,2925.79,8858
RELIANCE,2024-06-14 11:22:00,2924.70,2925.15,2924.39,2924.51,4262
RELIANCE,2024-06-14 11:23:00,2924.39,2924.74,2923.22,2923.56,6814
RELIANCE,2024-06-14 11:24:00,2922.54,2923.72,2921.92,2922.40,3470
RELIANCE,2024-06-14 11:25:00,2923.62,2925.12,2922.42,2923.13,6481
RELIANCE,2024-06-14 11:26:00,2924.05,2925.09,2923.99,2924.54,5100
RELIANCE,2024-06-14 11:27:00,2923.40,2924.11,2922.60,2923.07,1862
RELIANCE,2024-06-14 11:28:00,2923.07,2923.18,2921.75,2922.38,8948
RELIANCE,2024-06-14 11:29:00,2922.03,2922.78,2921.23,2921.83,2094
RELIANCE,2024-06-14 11:30:00,2921.75,2922.69,2921.62,2922.01,2231
RELIANCE,2024-06-14 11:31:00,2921.67,2922.15,2920.56,2921.34,7520
RELIANCE,2024-06-14 11:32:00,2922.15,2922.37,2920.70,2922.21,2842
RELIANCE,2024-06-14 11:33:00,2921.99,2922.57,2920.54,2921.43,5715
RELIANCE,2024-06-14 11:34:00,2921.50,2921.56,2920.61,2921.40,2931
RELIANCE,2024-06-14 11:35:00,2921.02,2921.07,2919.58,2920.38,5768
RELIANCE,2024-06-14 11:36:00,2920.56,2921.91,2920.10,2920.85,5014
RELIANCE,2024-06-14 11:37:00,2920.34,2921.72,2919.79,2920.32,8322
RELIANCE,2024-06-14 11:38:00,2919.69,2920.42,2919.42,2920.16,5486
RELIANCE,2024-06-14 11:39:00,2919.24,2919.56,2918.05,2918.16,4394
RELIANCE,2024-06-14 11:40:00,2918.20,2919.24,2917.82,2917.92,7275
RELIANCE,2024-06-14 11:41:00,2918.90,2919.44,2917.68,2918.51,8301
RELIANCE,2024-06-14 11:42:00,2919.46,2920.01,2918.18,2919.85,2035
RELIANCE,2024-06-14 11:43:00,2918.77,2919.02,2917.46,2918.36,8070
RELIANCE,2024-06-14 11:44:00,2918.64,2918.98,2918.24,2918.24,4257
RELIANCE,2024-06-14 11:45:00,2917.69,2919.07,2916.60,2917.86,5992
RELIANCE,2024-06-14 11:46:00,2917.36,2917.52,2916.92,2917.43,3049
RELIANCE,2024-06-14 11:47:00,2918.37,2918.62,2918.01,2918.09,5195
RELIANCE,2024-06-14 11:48:00,2919.13,2920.56,2918.93,2918.95,2716
RELIANCE,2024-06-14 11:49:00,2919.51,2920.32,2919.05,2920.11,8692
RELIANCE,2024-06-14 11:50:00,2919.04,2919.52,2918.34,2918.61,3083
RELIANCE,2024-06-14 11:51:00,2918.51,2918.89,2917.39,2918.75,2135
RELIANCE,2024-06-14 11:52:00,2918.15,2919.61,2917.83,2919.38,2368
RELIANCE,2024-06-14 11:53:00,2918.44,2919.12,2917.66,2918.81,2524
RELIANCE,2024-06-14 11:54:00,2917.99,2919.42,2917.39,2918.96,4957
RELIANCE,2024-06-14 11:55:00,2917.99,2919.12,2917.35,2918.99,2829
RELIANCE,2024-06-14 11:56:00,2919.60,2919.76,2919.25,2919.41,6346
RELIANCE,2024-06-14 11:57:00,2918.40,2918.98,2916.94,2917.66,6871
RELIANCE,2024-06-14 11:58:00,2918.17,2919.40,2917.98,2918.70,4881
RELIANCE,2024-06-14 11:59:00,2918.92,2919.59,2918.43,2919.39,6663
RELIANCE,2024-06-14 12:00:00,2918.40,2919.00,2917.89,2918.15,5873
RELIANCE,2024-06-14 12:01:00,2918.51,2919.96,2917.06,2919.57,2019
RELIANCE,2024-06-14 12:02:00,2919.90,2921.10,2918.66,2920.99,2993
RELIANCE,2024-06-14 12:03:00,2921.26,2921.44,2920.94,2921.00,6001
RELIANCE,2024-06-14 12:04:00,2920.13,2921.28,2919.09,2921.19,1633
RELIANCE,2024-06-14 12:05:00,2922.37,2922.76,2921.97,2922.65,1912
RELIANCE,2024-06-14 12:06:00,2921.68,2922.18,2921.32,2922.16,7788
RELIANCE,2024-06-14 12:07:00,2920.97,2921.88,2920.05,2921.46,5237
RELIANCE,2024-06-14 12:08:00,2920.35,2920.50,2920.08,2920.10,7065
RELIANCE,2024-06-14 12:09:00,2919.16,2919.54,2917.97,2918.83,3923
RELIANCE,2024-06-14 12:10:00,2918.80,2918.85,2917.43,2917.53,4697
RELIANCE,2024-06-14 12:11:00,2918.43,2918.98,2917.78,2918.47,5935
RELIANCE,2024-06-14 12:12:00,2918.83,2919.10,2917.96,2918.33,4877
RELIANCE,2024-06-14 12:13:00,2917.16,2917.39,2915.86,2916.26,5372
RELIANCE,2024-06-14 12:14:00,2916.53,2917.76,2915.83,2917.05,3365
RELIANCE,2024-06-14 12:15:00,2916.13,2916.33,2916.09,2916.30,4154
RELIANCE,2024-06-14 12:16:00,2916.97,2917.72,2916.44,2916.76,7855
RELIANCE,2024-06-14 12:17:00,2916.30,2917.32,2915.74,2916.23,5805
RELIANCE,2024-06-14 12:18:00,2916.58,2916.62,2915.30,2916.20,3760
RELIANCE,2024-06-14 12:19:00,2916.51,2916.90,2916.06,2916.38,2880
RELIANCE,2024-06-14 12:20:00,2917.11,2918.13,2916.23,2916.43,2778
RELIANCE,2024-06-14 12:21:00,2916.49,2917.78,2916.04,2917.16,5005
RELIANCE,2024-06-14 12:22:00,2918.22,2919.05,2916.84,2917.88,5239
RELIANCE,2024-06-14 12:23:00,2917.54,2917.59,2917.46,2917.58,4220
RELIANCE,2024-06-14 12:24:00,2916.39,2916.92,2916.09,2916.61,5171
RELIANCE,2024-06-14 12:25:00,2916.75,2917.29,2916.38,2916.53,4206
RELIANCE,2024-06-14 12:26:00,2915.41,2916.46,2914.51,2915.78,5099
RELIANCE,2024-06-14 12:27:00,2914.69,2915.26,2913.91,2913.93,2202
RELIANCE,2024-06-14 12:28:00,2912.84,2913.03,2911.48,2912.32,2347
RELIANCE,2024-06-14 12:29:00,2911.59,2912.85,2910.09,2912.61,8884
RELIANCE,2024-06-14 12:30:00,2913.39,2913.52,2912.69,2913.36,3796
RELIANCE,2024-06-14 12:31:00,2913.81,2914.08,2912.94,2913.35,1971
RELIANCE,2024-06-14 12:32:00,2912.31,2913.15,2910.88,2912.28,8177
RELIANCE,2024-06-14 12:33:00,2913.38,2914.29,2912.89,2913.94,8483
RELIANCE,2024-06-14 12:34:00,2913.11,2913.81,2913.04,2913.55,6295
RELIANCE,2024-06-14 12:35:00,2912.88,2913.09,2912.72,2913.01,5765
RELIANCE,2024-06-14 12:36:00,2913.14,2914.54,2912.40,2912.57,6767
RELIANCE,2024-06-14 12:37:00,2913.59,2914.77,2912.34,2914.11,2172
RELIANCE,2024-06-14 12:38:00,2914.12,2914.61,2913.13,2914.18,4769
RELIANCE,2024-06-14 12:39:00,2914.36,2915.74,2913.90,2914.89,2313
RELIANCE,2024-06-14 12:40:00,2914.08,2914.81,2913.09,2913.20,3223
RELIANCE,2024-06-14 12:41:00,2913.17,2913.26,2911.86,2912.75,1870
RELIANCE,2024-06-14 12:42:00,2911.76,2912.49,2910.46,2912.04,1393
RELIANCE,2024-06-14 12:43:00,2913.29,2914.72,2912.65,2914.31,2703
RELIANCE,2024-06-14 12:44:00,2914.39,2914.66,2913.35,2913.52,3538
RELIANCE,2024-06-14 12:45:00,2913.04,2913.21,2911.81,2912.98,4810
RELIANCE,2024-06-14 12:46:00,2912.99,2913.57,2912.16,2912.19,3879
RELIANCE,2024-06-14 12:47:00,2911.93,2912.31,2911.17,2911.25,4027
RELIANCE,2024-06-14 12:48:00,2910.44,2911.72,2910.02,2911.39,6333
RELIANCE,2024-06-14 12:49:00,2910.58,2912.06,2909.60,2910.33,7656
RELIANCE,2024-06-14 12:50:00,2910.46,2911.60,2909.20,2909.81,4364
RELIANCE,2024-06-14 12:51:00,2909.51,2910.34,2908.36,2909.49,3183
RELIANCE,2024-06-14 12:52:00,2909.49,2910.31,2908.17,2908.32,3931
RELIANCE,2024-06-14 12:53:00,2907.30,2907.52,2907.21,2907.42,7888
RELIANCE,2024-06-14 12:54:00,2906.77,2907.78,2906.26,2907.68,8388
RELIANCE,2024-06-14 12:55:00,2908.19,2908.70,2907.28,2907.57,1809
RELIANCE,2024-06-14 12:56:00,2907.25,2907.36,2906.50,2907.32,7245
RELIANCE,2024-06-14 12:57:00,2906.71,2908.14,2905.43,2907.78,6898
RELIANCE,2024-06-14 12:58:00,2908.65,2909.93,2908.55,2909.86,6293
RELIANCE,2024-06-14 12:59:00,2909.18,2910.66,2908.71,2909.43,7450
RELIANCE,2024-06-14 13:00:00,2910.36,2911.70,2909.87,2909.89,7378
RELIANCE,2024-06-14 13:01:00,2910.05,2911.14,2909.18,2910.14,2543
RELIANCE,2024-06-14 13:02:00,2911.14,2911.69,2910.43,2911.66,2597
RELIANCE,2024-06-14 13:03:00,2911.87,2912.18,2911.39,2911.80,5246
RELIANCE,2024-06-14 13:04:00,2910.99,2912.13,2909.54,2911.68,7476
RELIANCE,2024-06-14 13:05:00,2910.81,2911.34,2910.53,2910.91,8144
RELIANCE,2024-06-14 13:06:00,2911.69,2912.63,2910.69,2911.04,3771
RELIANCE,2024-06-14 13:07:00,2910.01,2910.73,2908.90,2909.27,4943
RELIANCE,2024-06-14 13:08:00,2910.51,2910.60,2910.42,2910.48,1632
RELIANCE,2024-06-14 13:09:00,2910.70,2910.96,2909.21,2909.85,1566
RELIANCE,2024-06-14 13:10:00,2909.96,2910.91,2909.30,2910.04,8841
RELIANCE,2024-06-14 13:11:00,2910.19,2911.17,2909.15,2911.17,2686
RELIANCE,2024-06-14 13:12:00,2910.33,2911.09,2909.13,2909.98,1483
RELIANCE,2024-06-14 13:13:00,2909.78,2911.14,2908.49,2910.36,6322
RELIANCE,2024-06-14 13:14:00,2910.51,2911.79,2909.76,2909.98,4793
RELIANCE,2024-06-14 13:15:00,2909.85,2910.48,2909.25,2909.89,3299
RELIANCE,2024-06-14 13:16:00,2908.84,2909.61,2907.78,2909.21,8560
RELIANCE,2024-06-14 13:17:00,2908.87,2909.95,2908.81,2909.58,3984
RELIANCE,2024-06-14 13:18:00,2908.82,2910.23,2907.44,2908.04,5395
RELIANCE,2024-06-14 13:19:00,2908.15,2908.57,2907.15,2907.73,6801
RELIANCE,2024-06-14 13:20:00,2907.34,2907.68,2906.46,2906.89,6045
RELIANCE,2024-06-14 13:21:00,2907.29,2907.93,2907.16,2907.25,2201
RELIANCE,2024-06-14 13:22:00,2906.91,2907.83,2905.58,2907.28,2915
RELIANCE,2024-06-14 13:23:00,2908.30,2908.65,2907.93,2908.06,2182
RELIANCE,2024-06-14 13:24:00,2908.58,2909.70,2907.45,2907.64,1599
RELIANCE,2024-06-14 13:25:00,2908.10,2908.74,2907.19,2908.21,4612
RELIANCE,2024-06-14 13:26:00,2908.82,2910.09,2908.11,2909.96,1958
RELIANCE,2024-06-14 13:27:00,2910.33,2910.46,2909.17,2910.28,4056
RELIANCE,2024-06-14 13:28:00,2909.84,2911.33,2908.35,2908.41,8069
RELIANCE,2024-06-14 13:29:00,2907.53,2908.56,2906.77,2908.48,8884
RELIANCE,2024-06-14 13:30:00,2909.65,2910.33,2909.40,2909.80,8014
RELIANCE,2024-06-14 13:31:00,2908.92,2910.38,2907.61,2909.32,6075
RELIANCE,2024-06-14 13:32:00,2908.89,2909.10,2908.02,2908.74,5040
RELIANCE,2024-06-14 13:33:00,2908.21,2908.39,2906.90,2907.76,8177
RELIANCE,2024-06-14 13:34:00,2908.44,2909.68,2907.46,2907.55,1608
RELIANCE,2024-06-14 13:35:00,2906.86,2907.83,2906.03,2906.62,1655
RELIANCE,2024-06-14 13:36:00,2905.80,2907.20,2904.66,2906.32,4084
RELIANCE,2024-06-14 13:37:00,2905.57,2906.03,2904.37,2904.76,6193
RELIANCE,2024-06-14 13:38:00,2903.90,2904.67,2902.43,2903.65,3937
RELIANCE,2024-06-14 13:39:00,2902.73,2903.44,2901.32,2902.15,5563
RELIANCE,2024-06-14 13:40:00,2901.04,2902.08,2900.21,2900.93,6811
RELIANCE,2024-06-14 13:41:00,2901.15,2901.67,2900.72,2900.90,8649
RELIANCE,2024-06-14 13:42:00,2901.31,2902.45,2899.91,2900.05,6466
RELIANCE,2024-06-14 13:43:00,2899.34,2899.39,2898.24,2898.43,5628
RELIANCE,2024-06-14 13:44:00,2898.47,2899.05,2897.22,2897.63,8918
RELIANCE,2024-06-14 13:45:00,2897.93,2899.42,2896.94,2898.23,1107
RELIANCE,2024-06-14 13:46:00,2898.03,2899.21,2896.73,2899.17,2752
RELIANCE,2024-06-14 13:47:00,2900.02,2900.73,2899.69,2900.11,1615
RELIANCE,2024-06-14 13:48:00,2900.35,2901.05,2900.29,2900.64,4197
RELIANCE,2024-06-14 13:49:00,2901.13,2902.06,2900.06,2901.96,3419
RELIANCE,2024-06-14 13:50:00,2901.91,2901.98,2901.36,2901.67,5805
RELIANCE,2024-06-14 13:51:00,2902.34,2903.24,2901.95,2903.12,8936
RELIANCE,2024-06-14 13:52:00,2902.21,2902.43,2901.41,2901.43,4979
RELIANCE,2024-06-14 13:53:00,2902.29,2903.49,2901.61,2902.35,7517
RELIANCE,2024-06-14 13:54:00,2902.21,2903.47,2901.28,2901.75,1109
RELIANCE,2024-06-14 13:55:00,2901.14,2902.05,2900.34,2900.56,1302
RELIANCE,2024-06-14 13:56:00,2901.52,2901.86,2901.32,2901.73,6551
RELIANCE,2024-06-14 13:57:00,2902.80,2903.98,2902.76,2903.20,7010
RELIANCE,2024-06-14 13:58:00,2903.24,2904.05,2902.55,2903.17,6652
RELIANCE,2024-06-14 13:59:00,2903.71,2904.88,2903.05,2904.20,1767
RELIANCE,2024-06-14 14:00:00,2904.33,2904.86,2904.18,2904.24,5417
RELIANCE,2024-06-14 14:01:00,2904.89,2905.93,2903.99,2904.69,4824
RELIANCE,2024-06-14 14:02:00,2905.47,2906.19,2904.18,2904.56,3748
RELIANCE,2024-06-14 14:03:00,2904.86,2906.33,2904.50,2905.26,7790
RELIANCE,2024-06-14 14:04:00,2906.18,2906.77,2905.55,2905.82,4956
RELIANCE,2024-06-14 14:05:00,2905.69,2906.40,2904.40,2905.90,7317
RELIANCE,2024-06-14 14:06:00,2904.73,2906.17,2904.30,2905.32,8855
RELIANCE,2024-06-14 14:07:00,2904.53,2905.93,2904.39,2904.94,8584
RELIANCE,2024-06-14 14:08:00,2905.83,2906.61,2905.77,2906.00,5186
RELIANCE,2024-06-14 14:09:00,2905.59,2906.59,2905.31,2906.59,5576
RELIANCE,2024-06-14 14:10:00,2905.96,2906.86,2905.79,2906.35,6307
RELIANCE,2024-06-14 14:11:00,2906.62,2907.83,2905.95,2906.98,8303
RELIANCE,2024-06-14 14:12:00,2907.29,2908.65,2906.38,2906.80,2519
RELIANCE,2024-06-14 14:13:00,2905.81,2906.93,2905.58,2906.30,1310
RELIANCE,2024-06-14 14:14:00,2905.79,2906.49,2904.48,2905.60,7096
RELIANCE,2024-06-14 14:15:00,2904.45,2905.24,2904.35,2905.07,3162
RELIANCE,2024-06-14 14:16:00,2905.03,2905.83,2904.03,2904.33,7867
RELIANCE,2024-06-14 14:17:00,2905.09,2905.11,2904.00,2904.80,6196
RELIANCE,2024-06-14 14:18:00,2904.50,2905.93,2904.44,2905.86,2646
RELIANCE,2024-06-14 14:19:00,2904.84,2905.89,2904.76,2904.98,3161
RELIANCE,2024-06-14 14:20:00,2903.80,2903.99,2903.26,2903.32,4859
RELIANCE,2024-06-14 14:21:00,2902.44,2903.11,2902.27,2902.93,5187
RELIANCE,2024-06-14 14:22:00,2903.80,2904.06,2902.42,2903.89,5628
RELIANCE,2024-06-14 14:23:00,2904.32,2904.56,2903.99,2904.06,6905
RELIANCE,2024-06-14 14:24:00,2903.34,2904.26,2902.85,2903.93,5695
RELIANCE,2024-06-14 14:25:00,2905.02,2905.56,2904.48,2904.79,3885
RELIANCE,2024-06-14 14:26:00,2905.14,2905.50,2904.10,2904.67,6910
RELIANCE,2024-06-14 14:27:00,2905.81,2906.20,2905.47,2906.07,7797
RELIANCE,2024-06-14 14:28:00,2904.91,2905.86,2904.09,2905.36,3694
RELIANCE,2024-06-14 14:29:00,2904.18,2904.95,2903.34,2904.59,5179
RELIANCE,2024-06-14 14:30:00,2903.77,2905.14,2902.72,2903.90,2322
RELIANCE,2024-06-14 14:31:00,2903.27,2904.61,2902.72,2904.38,7024
RELIANCE,2024-06-14 14:32:00,2905.55,2905.95,2904.42,2905.91,6982
RELIANCE,2024-06-14 14:33:00,2906.26,2906.43,2905.48,2905.95,6494
RELIANCE,2024-06-14 14:34:00,2906.62,2907.38,2905.79,2906.50,2393
RELIANCE,2024-06-14 14:35:00,2907.31,2908.64,2906.85,2908.12,8046
RELIANCE,2024-06-14 14:36:00,2907.90,2907.93,2906.69,2907.01,1256
RELIANCE,2024-06-14 14:37:00,2907.77,2908.80,2907.07,2908.63,7580
RELIANCE,2024-06-14 14:38:00,2909.68,2911.12,2909.19,2909.51,5310
RELIANCE,2024-06-14 14:39:00,2909.95,2910.55,2909.20,2909.89,2767
RELIANCE,2024-06-14 14:40:00,2911.02,2911.76,2910.78,2911.11,3259
RELIANCE,2024-06-14 14:41:00,2911.60,2912.37,2910.74,2911.83,1060
RELIANCE,2024-06-14 14:42:00,2912.88,2913.32,2912.22,2912.61,1501
RELIANCE,2024-06-14 14:43:00,2911.60,2911.98,2910.36,2910.41,7543
RELIANCE,2024-06-14 14:44:00,2910.67,2911.29,2910.48,2910.90,4562
RELIANCE,2024-06-14 14:45:00,2910.61,2911.29,2909.18,2910.33,6577
RELIANCE,2024-06-14 14:46:00,2909.16,2909.29,2908.07,2908.57,1639
RELIANCE,2024-06-14 14:47:00,2909.39,2909.76,2907.95,2909.18,2571
RELIANCE,2024-06-14 14:48:00,2909.83,2910.90,2908.58,2910.67,6949
RELIANCE,2024-06-14 14:49:00,2911.51,2912.69,2910.64,2912.06,3784
RELIANCE,2024-06-14 14:50:00,2911.42,2912.72,2910.21,2911.31,2452
RELIANCE,2024-06-14 14:51:00,2910.44,2910.80,2909.73,2909.75,1366
RELIANCE,2024-06-14 14:52:00,2908.84,2909.84,2908.44,2909.49,3816
RELIANCE,2024-06-14 14:53:00,2910.13,2911.32,2909.66,2910.56,1427
RELIANCE,2024-06-14 14:54:00,2910.87,2911.45,2909.41,2909.94,8826
RELIANCE,2024-06-14 14:55:00,2911.19,2912.18,2909.91,2912.12,8297
RELIANCE,2024-06-14 14:56:00,2913.08,2914.11,2912.81,2914.10,6920
RELIANCE,2024-06-14 14:57:00,2914.34,2915.78,2913.06,2913.84,4023
RELIANCE,2024-06-14 14:58:00,2914.57,2915.73,2913.56,2913.70,4918
RELIANCE,2024-06-14 14:59:00,2914.66,2915.52,2913.22,2913.97,2076
RELIANCE,2024-06-14 15:00:00,2914.09,2914.97,2912.75,2913.38,3251
RELIANCE,2024-06-14 15:01:00,2914.38,2915.33,2913.57,2913.62,2971
RELIANCE,2024-06-14 15:02:00,2912.73,2913.27,2911.37,2913.01,3620
RELIANCE,2024-06-14 15:03:00,2914.24,2914.70,2914.14,2914.28,5115
RELIANCE,2024-06-14 15:04:00,2915.50,2916.40,2914.24,2915.46,7245
RELIANCE,2024-06-14 15:05:00,2914.64,2914.82,2914.14,2914.20,2001
RELIANCE,2024-06-14 15:06:00,2914.71,2916.02,2913.38,2914.95,5895
RELIANCE,2024-06-14 15:07:00,2915.72,2916.99,2914.74,2915.41,7717
RELIANCE,2024-06-14 15:08:00,2915.19,2915.90,2915.01,2915.33,2036
RELIANCE,2024-06-14 15:09:00,2916.37,2917.50,2916.30,2916.41,6294
RELIANCE,2024-06-14 15:10:00,2917.16,2918.29,2916.72,2917.48,4275
RELIANCE,2024-06-14 15:11:00,2917.45,2917.77,2916.14,2917.17,6661
RELIANCE,2024-06-14 15:12:00,2917.97,2918.23,2917.47,2917.94,8975
RELIANCE,2024-06-14 15:13:00,2918.00,2918.89,2917.26,2918.49,5367
RELIANCE,2024-06-14 15:14:00,2917.94,2918.27,2916.73,2917.43,4206
RELIANCE,2024-06-14 15:15:00,2917.51,2918.82,2916.43,2916.93,5163
RELIANCE,2024-06-14 15:16:00,2917.45,2918.51,2917.36,2918.40,8835
RELIANCE,2024-06-14 15:17:00,2918.89,2920.21,2918.12,2919.76,6570
RELIANCE,2024-06-14 15:18:00,2919.61,2920.73,2918.99,2919.49,2762
RELIANCE,2024-06-14 15:19:00,2919.49,2919.93,2917.99,2919.41,4040
RELIANCE,2024-06-14 15:20:00,2919.52,2920.27,2919.04,2919.99,3395
RELIANCE,2024-06-14 15:21:00,2921.14,2921.70,2919.82,2921.33,3621
RELIANCE,2024-06-14 15:22:00,2921.83,2922.54,2920.93,2921.64,3967
RELIANCE,2024-06-14 15:23:00,2921.58,2922.67,2920.24,2922.47,7278
RELIANCE,2024-06-14 15:24:00,2922.15,2923.50,2921.94,2922.03,3593
RELIANCE,2024-06-14 15:25:00,2921.66,2921.93,2920.95,2921.08,6349
RELIANCE,2024-06-14 15:26:00,2921.49,2921.83,2921.01,2921.02,3265
RELIANCE,2024-06-14 15:27:00,2919.88,2921.14,2918.75,2920.85,3407
RELIANCE,2024-06-14 15:28:00,2921.85,2922.22,2921.24,2921.24,8266
RELIANCE,2024-06-14 15:29:00,2921.64,2922.46,2921.56,2921.81,4468
RELIANCE,2024-06-17 09:15:00,2922.16,2923.26,2921.23,2922.54,7312
RELIANCE,2024-06-17 09:16:00,2923.72,2924.84,2922.50,2924.25,2472
RELIANCE,2024-06-17 09:17:00,2923.66,2923.77,2922.39,2923.39,2738
RELIANCE,2024-06-17 09:18:00,2922.65,2922.91,2921.27,2922.56,3340
RELIANCE,2024-06-17 09:19:00,2921.73,2921.83,2920.73,2920.83,6091
RELIANCE,2024-06-17 09:20:00,2921.60,2921.75,2920.42,2921.14,7540
RELIANCE,2024-06-17 09:21:00,2922.12,2923.24,2922.06,2922.71,2032
RELIANCE,2024-06-17 09:22:00,2922.75,2923.90,2922.45,2922.85,2732
RELIANCE,2024-06-17 09:23:00,2923.62,2924.67,2923.45,2923.60,7347
RELIANCE,2024-06-17 09:24:00,2922.49,2923.19,2922.10,2922.93,6887
RELIANCE,2024-06-17 09:25:00,2924.00,2924.04,2923.62,2923.82,3964
RELIANCE,2024-06-17 09:26:00,2924.32,2924.33,2923.06,2924.20,3959
RELIANCE,2024-06-17 09:27:00,2925.16,2925.35,2924.53,2925.33,7089
RELIANCE,2024-06-17 09:28:00,2925.39,2926.54,2924.66,2924.72,5483
RELIANCE,2024-06-17 09:29:00,2924.74,2925.05,2923.53,2923.57,8030
RELIANCE,2024-06-17 09:30:00,2923.13,2924.25,2921.80,2922.92,7927
RELIANCE,2024-06-17 09:31:00,2922.98,2923.11,2922.66,2922.70,8372
RELIANCE,2024-06-17 09:32:00,2922.45,2922.70,2921.01,2922.04,6350
RELIANCE,2024-06-17 09:33:00,2921.07,2922.34,2921.02,2921.26,7929
RELIANCE,2024-06-17 09:34:00,2922.24,2923.23,2921.11,2922.32,7167
RELIANCE,2024-06-17 09:35:00,2922.58,2923.80,2922.36,2923.18,2086
RELIANCE,2024-06-17 09:36:00,2922.44,2922.58,2921.38,2922.25,6461
RELIANCE,2024-06-17 09:37:00,2922.52,2923.92,2921.02,2921.90,4282
RELIANCE,2024-06-17 09:38:00,2922.93,2923.06,2921.77,2921.79,6120
RELIANCE,2024-06-17 09:39:00,2921.37,2922.72,2920.95,2922.23,1679
RELIANCE,2024-06-17 09:40:00,2923.15,2923.27,2922.39,2923.09,1957
RELIANCE,2024-06-17 09:41:00,2923.45,2924.58,2922.63,2923.66,7595
RELIANCE,2024-06-17 09:42:00,2922.82,2923.15,2922.19,2922.87,8674
RELIANCE,2024-06-17 09:43:00,2924.07,2924.34,2923.50,2924.12,7424
RELIANCE,2024-06-17 09:44:00,2922.92,2923.55,2922.89,2922.98,7625
RELIANCE,2024-06-17 09:45:00,2922.24,2923.73,2921.38,2922.14,2963
RELIANCE,2024-06-17 09:46:00,2921.01,2921.18,2920.00,2920.48,1755
RELIANCE,2024-06-17 09:47:00,2920.70,2921.77,2919.50,2921.30,5937
RELIANCE,2024-06-17 09:48:00,2920.54,2920.65,2919.71,2920.61,7370
RELIANCE,2024-06-17 09:49:00,2920.37,2920.73,2919.60,2920.65,3064
RELIANCE,2024-06-17 09:50:00,2921.18,2922.09,2920.80,2921.36,5314
RELIANCE,2024-06-17 09:51:00,2921.51,2921.59,2920.92,2921.47,2074
RELIANCE,2024-06-17 09:52:00,2922.69,2923.29,2921.93,2922.95,7654
RELIANCE,2024-06-17 09:53:00,2922.72,2922.74,2922.63,2922.71,2997
RELIANCE,2024-06-17 09:54:00,2923.02,2923.04,2922.73,2922.78,3884
RELIANCE,2024-06-17 09:55:00,2923.86,2924.04,2922.54,2924.00,1815
RELIANCE,2024-06-17 09:56:00,2925.13,2926.55,2924.21,2926.18,8707
RELIANCE,2024-06-17 09:57:00,2926.46,2927.72,2926.42,2926.67,6330
RELIANCE,2024-06-17 09:58:00,2927.06,2928.22,2926.84,2926.95,5285
RELIANCE,2024-06-17 09:59:00,2926.72,2927.51,2926.09,2927.49,3857
RELIANCE,2024-06-17 10:00:00,2928.66,2929.04,2927.43,2928.98,6511
RELIANCE,2024-06-17 10:01:00,2929.99,2931.41,2928.57,2930.34,2919
RELIANCE,2024-06-17 10:02:00,2929.32,2929.74,2929.06,2929.67,3966
RELIANCE,2024-06-17 10:03:00,2929.82,2930.55,2928.76,2930.25,8465
RELIANCE,2024-06-17 10:04:00,2930.79,2931.46,2930.42,2931.01,3553
RELIANCE,2024-06-17 10:05:00,2930.31,2931.59,2929.71,2931.50,3145
RELIANCE,2024-06-17 10:06:00,2931.33,2932.14,2929.86,2932.13,3926
RELIANCE,2024-06-17 10:07:00,2931.96,2932.75,2931.74,2932.59,3938
RELIANCE,2024-06-17 10:08:00,2931.87,2933.05,2931.14,2932.60,8551
RELIANCE,2024-06-17 10:09:00,2932.41,2932.92,2932.36,2932.48,5817
RELIANCE,2024-06-17 10:10:00,2932.40,2932.49,2932.13,2932.48,4114
RELIANCE,2024-06-17 10:11:00,2933.03,2934.31,2932.49,2933.98,3108
RELIANCE,2024-06-17 10:12:00,2933.34,2933.67,2932.38,2933.57,1111
RELIANCE,2024-06-17 10:13:00,2933.71,2934.91,2933.55,2934.58,3727
RELIANCE,2024-06-17 10:14:00,2933.41,2933.94,2932.63,2933.07,8199
RELIANCE,2024-06-17 10:15:00,2932.70,2933.97,2931.48,2933.46,5029
RELIANCE,2024-06-17 10:16:00,2933.15,2934.61,2931.81,2932.98,7727
RELIANCE,2024-06-17 10:17:00,2931.81,2932.55,2931.13,2932.49,8625
RELIANCE,2024-06-17 10:18:00,2933.12,2933.95,2933.01,2933.66,3925
RELIANCE,2024-06-17 10:19:00,2933.73,2933.98,2932.41,2932.48,2577
RELIANCE,2024-06-17 10:20:00,2931.95,2932.50,2931.69,2932.33,7397
RELIANCE,2024-06-17 10:21:00,2933.07,2933.57,2931.68,2931.72,2949
RELIANCE,2024-06-17 10:22:00,2930.74,2931.76,2930.25,2930.55,5685
RELIANCE,2024-06-17 10:23:00,2931.52,2932.98,2930.31,2930.45,4957
RELIANCE,2024-06-17 10:24:00,2930.28,2930.55,2929.61,2930.00,7944
RELIANCE,2024-06-17 10:25:00,2930.21,2930.41,2929.78,2929.82,8587
RELIANCE,2024-06-17 10:26:00,2930.96,2932.17,2930.92,2931.11,4671
RELIANCE,2024-06-17 10:27:00,2930.42,2930.80,2930.13,2930.55,5874
RELIANCE,2024-06-17 10:28:00,2931.67,2932.95,2931.37,2931.45,8671
RELIANCE,2024-06-17 10:29:00,2931.89,2933.31,2931.82,2932.54,2143
RELIANCE,2024-06-17 10:30:00,2932.85,2933.12,2932.81,2932.83,3065
RELIANCE,2024-06-17 10:31:00,2933.98,2934.85,2933.09,2934.80,7578
RELIANCE,2024-06-17 10:32:00,2935.86,2936.38,2935.45,2935.77,5403
RELIANCE,2024-06-17 10:33:00,2936.83,2938.23,2935.84,2938.11,5974
RELIANCE,2024-06-17 10:34:00,2937.49,2937.58,2936.95,2937.05,5636
RELIANCE,2024-06-17 10:35:00,2937.67,2938.35,2937.48,2937.97,3170
RELIANCE,2024-06-17 10:36:00,2937.87,2938.38,2937.33,2938.04,7178
RELIANCE,2024-06-17 10:37:00,2938.84,2939.50,2938.16,2938.74,3928
RELIANCE,2024-06-17 10:38:00,2938.36,2938.45,2937.78,2938.29,6479
RELIANCE,2024-06-17 10:39:00,2937.62,2937.63,2936.59,2937.40,3701
RELIANCE,2024-06-17 10:40:00,2937.33,2937.42,2936.27,2937.02,6913
RELIANCE,2024-06-17 10:41:00,2937.89,2938.10,2936.52,2937.21,3246
RELIANCE,2024-06-17 10:42:00,2937.61,2938.60,2937.38,2938.01,1832
RELIANCE,2024-06-17 10:43:00,2936.96,2937.91,2935.88,2937.29,4248
RELIANCE,2024-06-17 10:44:00,2938.26,2938.93,2938.05,2938.88,3047
RELIANCE,2024-06-17 10:45:00,2939.04,2939.82,2938.70,2939.29,1029
RELIANCE,2024-06-17 10:46:00,2939.28,2940.01,2938.37,2939.66,4276
RELIANCE,2024-06-17 10:47:00,2940.07,2940.83,2939.26,2940.58,6253
RELIANCE,2024-06-17 10:48:00,2941.31,2941.53,2940.13,2940.74,2261
RELIANCE,2024-06-17 10:49:00,2941.55,2942.03,2940.17,2941.64,8916
RELIANCE,2024-06-17 10:50:00,2942.15,2943.24,2942.07,2942.33,6188
RELIANCE,2024-06-17 10:51:00,2941.27,2942.08,2940.42,2941.61,3802
RELIANCE,2024-06-17 10:52:00,2941.81,2942.87,2941.33,2941.79,6642
RELIANCE,2024-06-17 10:53:00,2942.80,2943.35,2942.01,2942.66,7869
RELIANCE,2024-06-17 10:54:00,2943.35,2944.48,2942.76,2943.82,4859
RELIANCE,2024-06-17 10:55:00,2943.00,2944.47,2942.25,2943.87,4378
RELIANCE,2024-06-17 10:56:00,2944.97,2945.37,2944.01,2945.12,3384
RELIANCE,2024-06-17 10:57:00,2946.32,2947.20,2945.63,2945.68,3019
RELIANCE,2024-06-17 10:58:00,2946.17,2947.58,2945.95,2946.32,2115
RELIANCE,2024-06-17 10:59:00,2945.78,2946.63,2944.75,2945.72,7145
RELIANCE,2024-06-17 11:00:00,2945.20,2946.20,2944.57,2945.72,5404
RELIANCE,2024-06-17 11:01:00,2946.38,2947.79,2945.85,2947.50,2883
RELIANCE,2024-06-17 11:02:00,2947.50,2948.42,2946.76,2947.03,5813
RELIANCE,2024-06-17 11:03:00,2946.94,2947.69,2946.38,2946.68,6670
RELIANCE,2024-06-17 11:04:00,2946.00,2946.50,2945.56,2945.93,6081
RELIANCE,2024-06-17 11:05:00,2945.42,2945.86,2944.55,2945.04,8763
RELIANCE,2024-06-17 11:06:00,2944.23,2944.82,2943.68,2944.11,5121
RELIANCE,2024-06-17 11:07:00,2944.00,2944.43,2942.99,2944.27,1584
RELIANCE,2024-06-17 11:08:00,2944.73,2944.76,2944.08,2944.41,2162
RELIANCE,2024-06-17 11:09:00,2944.27,2944.82,2943.18,2944.77,1579
RELIANCE,2024-06-17 11:10:00,2944.60,2945.56,2944.40,2945.11,8238
RELIANCE,2024-06-17 11:11:00,2943.96,2944.38,2942.59,2942.86,6712
RELIANCE,2024-06-17 11:12:00,2941.76,2943.05,2940.65,2941.36,1881
RELIANCE,2024-06-17 11:13:00,2941.97,2943.16,2941.49,2941.49,7004
RELIANCE,2024-06-17 11:14:00,2940.52,2941.57,2940.08,2940.96,2822
RELIANCE,2024-06-17 11:15:00,2941.75,2943.20,2941.20,2941.64,6866
RELIANCE,2024-06-17 11:16:00,2941.49,2942.15,2941.02,2941.84,7878
RELIANCE,2024-06-17 11:17:00,2941.79,2943.07,2941.19,2941.98,7571
RELIANCE,2024-06-17 11:18:00,2942.83,2943.37,2942.27,2943.18,2159
RELIANCE,2024-06-17 11:19:00,2944.23,2945.66,2943.43,2944.29,1057
RELIANCE,2024-06-17 11:20:00,2943.93,2944.40,2942.76,2943.02,1304
RELIANCE,2024-06-17 11:21:00,2942.57,2943.97,2942.55,2943.06,7420
RELIANCE,2024-06-17 11:22:00,2941.88,2943.07,2941.37,2942.73,2273
RELIANCE,2024-06-17 11:23:00,2943.57,2944.71,2942.85,2943.90,7585
RELIANCE,2024-06-17 11:24:00,2943.74,2944.21,2942.89,2943.79,8326
RELIANCE,2024-06-17 11:25:00,2944.39,2944.89,2943.23,2943.85,6518
RELIANCE,2024-06-17 11:26:00,2944.67,2944.68,2943.63,2944.41,1877
RELIANCE,2024-06-17 11:27:00,2944.14,2944.67,2943.49,2944.20,1276
RELIANCE,2024-06-17 11:28:00,2944.85,2945.28,2944.07,2945.19,7508
RELIANCE,2024-06-17 11:29:00,2945.39,2946.89,2944.31,2946.16,7168
RELIANCE,2024-06-17 11:30:00,2946.06,2946.99,2945.77,2946.43,2276
RELIANCE,2024-06-17 11:31:00,2947.00,2947.33,2946.25,2946.81,3982
RELIANCE,2024-06-17 11:32:00,2947.54,2948.75,2946.90,2947.80,2947
RELIANCE,2024-06-17 11:33:00,2948.99,2950.35,2948.72,2949.98,4122
RELIANCE,2024-06-17 11:34:00,2950.29,2951.44,2949.31,2950.01,5905
RELIANCE,2024-06-17 11:35:00,2950.47,2951.02,2949.30,2950.15,6270
RELIANCE,2024-06-17 11:36:00,2950.77,2950.93,2950.43,2950.59,1174
RELIANCE,2024-06-17 11:37:00,2950.68,2951.65,2949.43,2951.41,4161
RELIANCE,2024-06-17 11:38:00,2951.40,2951.99,2950.73,2951.91,3005
RELIANCE,2024-06-17 11:39:00,2951.60,2952.23,2951.05,2951.45,4374
RELIANCE,2024-06-17 11:40:00,2950.75,2951.75,2950.48,2950.58,7494
RELIANCE,2024-06-17 11:41:00,2950.75,2951.71,2950.30,2951.38,8160
RELIANCE,2024-06-17 11:42:00,2952.16,2953.51,2950.98,2952.91,2018
RELIANCE,2024-06-17 11:43:00,2953.80,2954.76,2953.13,2954.17,2517
RELIANCE,2024-06-17 11:44:00,2955.37,2956.51,2954.31,2954.93,1393
RELIANCE,2024-06-17 11:45:00,2955.06,2955.55,2954.67,2955.32,3955
RELIANCE,2024-06-17 11:46:00,2956.43,2956.72,2955.46,2955.71,5797
RELIANCE,2024-06-17 11:47:00,2956.57,2957.40,2955.70,2956.87,5494
RELIANCE,2024-06-17 11:48:00,2957.32,2957.96,2956.53,2957.13,5698
RELIANCE,2024-06-17 11:49:00,2956.93,2958.29,2955.59,2957.20,1078
RELIANCE,2024-06-17 11:50:00,2958.02,2958.26,2956.53,2957.89,7912
RELIANCE,2024-06-17 11:51:00,2957.01,2958.28,2956.54,2956.98,1305
RELIANCE,2024-06-17 11:52:00,2957.73,2958.18,2957.25,2958.05,6630
RELIANCE,2024-06-17 11:53:00,2957.27,2957.70,2956.71,2957.34,3898
RELIANCE,2024-06-17 11:54:00,2958.07,2958.87,2957.63,2958.16,5080
RELIANCE,2024-06-17 11:55:00,2958.73,2958.93,2958.66,2958.84,1536
RELIANCE,2024-06-17 11:56:00,2958.31,2958.54,2958.16,2958.31,6841
RELIANCE,2024-06-17 11:57:00,2957.25,2957.38,2956.72,2957.30,8451
RELIANCE,2024-06-17 11:58:00,2958.39,2959.85,2957.71,2958.39,5136
RELIANCE,2024-06-17 11:59:00,2958.80,2959.54,2958.20,2959.32,3465
RELIANCE,2024-06-17 12:00:00,2960.30,2961.14,2959.50,2960.07,3754
RELIANCE,2024-06-17 12:01:00,2959.93,2960.53,2959.61,2959.94,7468
RELIANCE,2024-06-17 12:02:00,2960.52,2961.49,2960.19,2960.33,5883
RELIANCE,2024-06-17 12:03:00,2961.02,2961.19,2960.29,2960.46,6295
RELIANCE,2024-06-17 12:04:00,2960.81,2962.08,2960.08,2961.20,8613
RELIANCE,2024-06-17 12:05:00,2960.80,2962.14,2959.49,2961.59,4226
RELIANCE,2024-06-17 12:06:00,2962.67,2963.75,2961.58,2962.94,5014
RELIANCE,2024-06-17 12:07:00,2961.96,2962.55,2961.67,2962.41,3469
RELIANCE,2024-06-17 12:08:00,2962.49,2963.36,2962.21,2962.94,4261
RELIANCE,2024-06-17 12:09:00,2963.70,2964.78,2962.58,2963.16,3055
RELIANCE,2024-06-17 12:10:00,2962.66,2963.76,2961.20,2963.63,3044
RELIANCE,2024-06-17 12:11:00,2963.64,2964.18,2963.52,2963.89,7332
RELIANCE,2024-06-17 12:12:00,2962.87,2963.76,2961.43,2963.66,7157
RELIANCE,2024-06-17 12:13:00,2964.40,2965.02,2962.93,2964.75,3632
RELIANCE,2024-06-17 12:14:00,2964.05,2965.34,2963.92,2965.16,8616
RELIANCE,2024-06-17 12:15:00,2965.69,2966.92,2965.31,2966.12,5452
RELIANCE,2024-06-17 12:16:00,2966.56,2967.84,2966.21,2966.52,7669
RELIANCE,2024-06-17 12:17:00,2965.71,2966.99,2964.88,2966.44,7061
RELIANCE,2024-06-17 12:18:00,2965.77,2966.84,2964.88,2965.03,8530
RELIANCE,2024-06-17 12:19:00,2964.23,2965.18,2963.90,2963.94,2116
RELIANCE,2024-06-17 12:20:00,2964.84,2966.30,2964.37,2965.03,5147
RELIANCE,2024-06-17 12:21:00,2963.86,2964.65,2963.48,2963.59,1464
RELIANCE,2024-06-17 12:22:00,2962.40,2963.67,2960.97,2963.67,7610
RELIANCE,2024-06-17 12:23:00,2962.87,2963.97,2961.56,2962.34,1588
RELIANCE,2024-06-17 12:24:00,2963.41,2964.84,2963.20,2964.57,6546
RELIANCE,2024-06-17 12:25:00,2964.55,2965.89,2964.33,2965.45,8430
RELIANCE,2024-06-17 12:26:00,2964.53,2965.03,2963.25,2963.31,5008
RELIANCE,2024-06-17 12:27:00,2964.19,2964.76,2963.81,2963.84,2672
RELIANCE,2024-06-17 12:28:00,2963.90,2965.31,2963.65,2964.00,6388
RELIANCE,2024-06-17 12:29:00,2965.19,2966.23,2964.54,2964.72,3992
RELIANCE,2024-06-17 12:30:00,2964.21,2965.35,2964.00,2965.24,5123
RELIANCE,2024-06-17 12:31:00,2964.70,2964.77,2963.35,2963.46,7455
RELIANCE,2024-06-17 12:32:00,2962.59,2962.67,2962.04,2962.53,1967
RELIANCE,2024-06-17 12:33:00,2963.74,2964.58,2962.32,2964.42,4081
RELIANCE,2024-06-17 12:34:00,2964.58,2964.75,2963.91,2964.67,7929
RELIANCE,2024-06-17 12:35:00,2965.16,2966.30,2964.87,2965.01,1552
RELIANCE,2024-06-17 12:36:00,2964.56,2965.82,2964.09,2964.75,2733
RELIANCE,2024-06-17 12:37:00,2965.99,2967.09,2965.35,2965.67,4494
RELIANCE,2024-06-17 12:38:00,2966.73,2967.56,2966.21,2967.02,1376
RELIANCE,2024-06-17 12:39:00,2965.88,2966.88,2964.85,2966.16,7579
RELIANCE,2024-06-17 12:40:00,2967.28,2967.51,2965.89,2966.34,5330
RELIANCE,2024-06-17 12:41:00,2967.46,2968.46,2967.32,2967.51,6253
RELIANCE,2024-06-17 12:42:00,2966.53,2967.88,2965.60,2966.53,5871
RELIANCE,2024-06-17 12:43:00,2966.56,2967.97,2966.10,2967.77,6925
RELIANCE,2024-06-17 12:44:00,2967.74,2969.11,2967.29,2967.66,5463
RELIANCE,2024-06-17 12:45:00,2967.80,2967.87,2967.47,2967.73,1957
RELIANCE,2024-06-17 12:46:00,2966.90,2968.36,2966.66,2966.68,4266
RELIANCE,2024-06-17 12:47:00,2967.54,2968.66,2966.87,2967.83,6598
RELIANCE,2024-06-17 12:48:00,2968.90,2969.81,2968.78,2969.71,1373
RELIANCE,2024-06-17 12:49:00,2970.31,2971.39,2969.77,2970.99,4742
RELIANCE,2024-06-17 12:50:00,2971.47,2971.72,2970.11,2971.72,6381
RELIANCE,2024-06-17 12:51:00,2972.28,2973.55,2971.85,2973.01,5391
RELIANCE,2024-06-17 12:52:00,2974.11,2975.15,2973.98,2974.42,6766
RELIANCE,2024-06-17 12:53:00,2973.54,2973.66,2972.56,2973.61,5500
RELIANCE,2024-06-17 12:54:00,2973.57,2973.72,2972.48,2972.74,8665
RELIANCE,2024-06-17 12:55:00,2973.33,2973.55,2972.54,2972.74,7246
RELIANCE,2024-06-17 12:56:00,2973.08,2973.90,2972.16,2972.48,4906
RELIANCE,2024-06-17 12:57:00,2972.25,2973.55,2971.23,2973.11,4190
RELIANCE,2024-06-17 12:58:00,2974.06,2974.14,2973.34,2973.75,4523
RELIANCE,2024-06-17 12:59:00,2974.97,2976.37,2974.04,2975.86,6842
RELIANCE,2024-06-17 13:00:00,2975.37,2976.05,2975.29,2975.35,7789
RELIANCE,2024-06-17 13:01:00,2975.12,2975.60,2973.94,2974.18,3124
RELIANCE,2024-06-17 13:02:00,2973.76,2974.54,2972.63,2973.60,7944
RELIANCE,2024-06-17 13:03:00,2973.19,2974.27,2972.00,2973.34,6744
RELIANCE,2024-06-17 13:04:00,2973.79,2973.99,2972.44,2972.52,1453
RELIANCE,2024-06-17 13:05:00,2973.18,2973.59,2972.90,2973.25,3486
RELIANCE,2024-06-17 13:06:00,2972.34,2972.84,2971.79,2972.56,7408
RELIANCE,2024-06-17 13:07:00,2972.17,2972.31,2970.79,2972.00,3098
RELIANCE,2024-06-17 13:08:00,2971.23,2971.75,2970.31,2971.74,1207
RELIANCE,2024-06-17 13:09:00,2971.44,2972.32,2971.26,2972.24,1785
RELIANCE,2024-06-17 13:10:00,2973.18,2973.82,2972.55,2973.29,4805
RELIANCE,2024-06-17 13:11:00,2973.11,2973.34,2971.96,2972.93,5617
RELIANCE,2024-06-17 13:12:00,2972.12,2973.03,2972.04,2972.77,2228
RELIANCE,2024-06-17 13:13:00,2973.55,2973.95,2972.20,2972.75,8831
RELIANCE,2024-06-17 13:14:00,2973.65,2973.78,2972.55,2973.34,6458
RELIANCE,2024-06-17 13:15:00,2973.05,2973.74,2972.17,2973.43,4410
RELIANCE,2024-06-17 13:16:00,2972.55,2972.82,2971.92,2972.69,2399
RELIANCE,2024-06-17 13:17:00,2971.92,2971.94,2970.71,2971.74,4979
RELIANCE,2024-06-17 13:18:00,2971.51,2972.71,2970.69,2972.07,1699
RELIANCE,2024-06-17 13:19:00,2972.03,2973.44,2970.87,2972.29,3937
RELIANCE,2024-06-17 13:20:00,2971.42,2972.31,2970.85,2971.83,8139
RELIANCE,2024-06-17 13:21:00,2972.82,2972.94,2971.97,2972.16,3887
RELIANCE,2024-06-17 13:22:00,2973.38,2974.52,2972.96,2973.47,5289
RELIANCE,2024-06-17 13:23:00,2973.59,2974.05,2973.21,2973.71,1889
RELIANCE,2024-06-17 13:24:00,2973.96,2974.57,2973.39,2973.87,6862
RELIANCE,2024-06-17 13:25:00,2973.76,2973.91,2972.52,2973.32,8787
RELIANCE,2024-06-17 13:26:00,2972.17,2973.58,2971.88,2973.26,4316
RELIANCE,2024-06-17 13:27:00,2972.26,2973.49,2971.92,2972.26,1445
RELIANCE,2024-06-17 13:28:00,2971.43,2972.29,2971.11,2972.17,7339
RELIANCE,2024-06-17 13:29:00,2971.60,2972.21,2970.98,2971.85,3334
RELIANCE,2024-06-17 13:30:00,2972.24,2972.90,2971.17,2972.49,3155
RELIANCE,2024-06-17 13:31:00,2973.12,2973.88,2973.04,2973.33,5671
RELIANCE,2024-06-17 13:32:00,2972.25,2973.52,2971.55,2971.62,1978
RELIANCE,2024-06-17 13:33:00,2970.87,2972.18,2970.77,2972.05,1778
RELIANCE,2024-06-17 13:34:00,2972.83,2974.26,2972.54,2973.94,2652
RELIANCE,2024-06-17 13:35:00,2974.90,2975.38,2974.81,2974.92,8195
RELIANCE,2024-06-17 13:36:00,2976.16,2977.15,2975.64,2976.34,5628
RELIANCE,2024-06-17 13:37:00,2976.83,2977.68,2975.46,2975.82,3811
RELIANCE,2024-06-17 13:38:00,2976.27,2977.36,2975.29,2976.34,4713
RELIANCE,2024-06-17 13:39:00,2975.41,2976.37,2974.92,2975.93,3435
RELIANCE,2024-06-17 13:40:00,2975.94,2976.57,2975.15,2975.72,4929
RELIANCE,2024-06-17 13:41:00,2976.76,2977.38,2976.66,2977.24,3100
RELIANCE,2024-06-17 13:42:00,2977.68,2978.34,2977.02,2978.15,8707
RELIANCE,2024-06-17 13:43:00,2977.51,2978.63,2976.82,2978.42,7610
RELIANCE,2024-06-17 13:44:00,2979.35,2980.11,2978.51,2979.00,5649
RELIANCE,2024-06-17 13:45:00,2979.11,2979.19,2977.80,2978.01,5753
RELIANCE,2024-06-17 13:46:00,2978.98,2979.76,2977.86,2979.47,4606
RELIANCE,2024-06-17 13:47:00,2978.69,2979.69,2977.75,2977.91,8971
RELIANCE,2024-06-17 13:48:00,2977.75,2979.16,2977.73,2977.74,7082
RELIANCE,2024-06-17 13:49:00,2977.74,2979.09,2977.59,2978.45,6113
RELIANCE,2024-06-17 13:50:00,2979.25,2980.06,2979.15,2979.49,7016
RELIANCE,2024-06-17 13:51:00,2980.19,2980.91,2980.09,2980.38,7690
RELIANCE,2024-06-17 13:52:00,2979.87,2981.00,2978.77,2979.00,7779
RELIANCE,2024-06-17 13:53:00,2979.39,2980.42,2979.22,2979.72,8012
RELIANCE,2024-06-17 13:54:00,2979.32,2979.38,2978.80,2979.19,4357
RELIANCE,2024-06-17 13:55:00,2978.95,2979.47,2977.56,2978.88,4630
RELIANCE,2024-06-17 13:56:00,2978.50,2979.20,2977.95,2979.03,4008
RELIANCE,2024-06-17 13:57:00,2979.48,2980.47,2978.84,2979.57,8485
RELIANCE,2024-06-17 13:58:00,2980.26,2981.02,2980.01,2980.39,2647
RELIANCE,2024-06-17 13:59:00,2980.54,2981.94,2979.50,2981.51,5640
RELIANCE,2024-06-17 14:00:00,2981.28,2981.48,2981.14,2981.36,6301
RELIANCE,2024-06-17 14:01:00,2981.75,2982.21,2980.61,2981.45,3624
RELIANCE,2024-06-17 14:02:00,2981.15,2981.91,2979.79,2980.05,7341
RELIANCE,2024-06-17 14:03:00,2980.56,2981.14,2979.13,2980.95,6499
RELIANCE,2024-06-17 14:04:00,2981.41,2982.31,2980.96,2981.46,2689
RELIANCE,2024-06-17 14:05:00,2982.30,2983.19,2981.60,2982.88,1174
RELIANCE,2024-06-17 14:06:00,2982.84,2984.30,2982.19,2983.49,3429
RELIANCE,2024-06-17 14:07:00,2983.78,2985.13,2983.16,2983.39,1107
RELIANCE,2024-06-17 14:08:00,2983.28,2984.00,2982.34,2982.83,8600
RELIANCE,2024-06-17 14:09:00,2981.88,2981.88,2980.54,2980.60,3635
RELIANCE,2024-06-17 14:10:00,2981.12,2981.21,2980.35,2980.99,3442
RELIANCE,2024-06-17 14:11:00,2981.36,2982.84,2981.22,2981.70,1841
RELIANCE,2024-06-17 14:12:00,2981.57,2981.92,2980.32,2981.40,3299
RELIANCE,2024-06-17 14:13:00,2980.87,2981.99,2979.65,2981.51,1204
RELIANCE,2024-06-17 14:14:00,2981.94,2982.02,2981.24,2981.97,5233
RELIANCE,2024-06-17 14:15:00,2981.81,2983.04,2981.01,2981.72,5062
RELIANCE,2024-06-17 14:16:00,2982.41,2983.31,2981.05,2981.24,4830
RELIANCE,2024-06-17 14:17:00,2981.64,2981.66,2981.03,2981.51,2073
RELIANCE,2024-06-17 14:18:00,2982.36,2983.05,2981.13,2981.95,2220
RELIANCE,2024-06-17 14:19:00,2980.79,2981.85,2980.54,2981.33,5295
RELIANCE,2024-06-17 14:20:00,2980.84,2981.79,2980.08,2980.14,3719
RELIANCE,2024-06-17 14:21:00,2981.08,2981.36,2980.00,2980.51,6735
RELIANCE,2024-06-17 14:22:00,2979.54,2979.88,2978.30,2979.56,1952
RELIANCE,2024-06-17 14:23:00,2979.50,2980.57,2979.27,2980.43,3721
RELIANCE,2024-06-17 14:24:00,2980.99,2981.32,2980.59,2981.16,4592
RELIANCE,2024-06-17 14:25:00,2980.55,2981.21,2980.25,2980.95,7040
RELIANCE,2024-06-17 14:26:00,2981.61,2981.71,2981.28,2981.33,6170
RELIANCE,2024-06-17 14:27:00,2980.33,2981.40,2979.51,2981.27,7702
RELIANCE,2024-06-17 14:28:00,2981.01,2982.42,2979.62,2980.30,5628
RELIANCE,2024-06-17 14:29:00,2979.25,2980.31,2978.25,2979.55,5193
RELIANCE,2024-06-17 14:30:00,2978.62,2979.14,2977.17,2977.26,7424
RELIANCE,2024-06-17 14:31:00,2978.39,2979.53,2977.05,2979.49,4576
RELIANCE,2024-06-17 14:32:00,2979.55,2980.52,2979.29,2980.27,8710
RELIANCE,2024-06-17 14:33:00,2981.00,2981.38,2979.54,2979.93,3325
RELIANCE,2024-06-17 14:34:00,2979.76,2980.70,2979.30,2980.60,5160
RELIANCE,2024-06-17 14:35:00,2980.40,2981.10,2980.03,2980.91,8707
RELIANCE,2024-06-17 14:36:00,2980.62,2981.06,2979.96,2980.69,5290
RELIANCE,2024-06-17 14:37:00,2981.30,2982.12,2979.86,2982.09,6593
RELIANCE,2024-06-17 14:38:00,2983.10,2983.91,2982.74,2983.82,4377
RELIANCE,2024-06-17 14:39:00,2984.46,2984.93,2984.18,2984.58,8340
RELIANCE,2024-06-17 14:40:00,2985.73,2987.21,2984.82,2985.46,2270
RELIANCE,2024-06-17 14:41:00,2986.25,2986.88,2985.58,2986.72,3432
RELIANCE,2024-06-17 14:42:00,2987.88,2989.35,2987.72,2988.57,1282
RELIANCE,2024-06-17 14:43:00,2988.96,2989.46,2988.02,2988.63,7808
RELIANCE,2024-06-17 14:44:00,2989.20,2989.77,2988.09,2989.06,8104
RELIANCE,2024-06-17 14:45:00,2988.82,2989.04,2988.27,2988.52,1117
RELIANCE,2024-06-17 14:46:00,2988.44,2989.14,2987.00,2987.43,1168
RELIANCE,2024-06-17 14:47:00,2986.39,2986.58,2985.31,2985.36,8118
RELIANCE,2024-06-17 14:48:00,2985.26,2985.90,2984.79,2985.00,4446
RELIANCE,2024-06-17 14:49:00,2984.64,2985.29,2983.49,2984.32,6898
RELIANCE,2024-06-17 14:50:00,2984.39,2984.43,2983.85,2984.06,5401
RELIANCE,2024-06-17 14:51:00,2984.07,2984.94,2983.44,2984.84,7790
RELIANCE,2024-06-17 14:52:00,2985.03,2985.87,2984.88,2985.44,8612
RELIANCE,2024-06-17 14:53:00,2986.40,2987.54,2986.05,2987.03,8156
RELIANCE,2024-06-17 14:54:00,2986.52,2987.41,2985.36,2985.43,7882
RELIANCE,2024-06-17 14:55:00,2984.83,2985.73,2984.36,2985.49,2502
RELIANCE,2024-06-17 14:56:00,2986.11,2986.38,2986.00,2986.09,6197
RELIANCE,2024-06-17 14:57:00,2985.74,2985.87,2985.30,2985.73,6641
RELIANCE,2024-06-17 14:58:00,2985.97,2986.19,2985.06,2985.79,2937
RELIANCE,2024-06-17 14:59:00,2986.47,2986.83,2986.45,2986.66,2298
RELIANCE,2024-06-17 15:00:00,2987.72,2988.72,2987.40,2988.37,6034
RELIANCE,2024-06-17 15:01:00,2989.28,2989.44,2987.97,2988.79,6411
RELIANCE,2024-06-17 15:02:00,2988.12,2989.57,2986.76,2987.98,8591
RELIANCE,2024-06-17 15:03:00,2987.34,2988.12,2986.60,2987.41,2478
RELIANCE,2024-06-17 15:04:00,2987.41,2987.63,2987.05,2987.47,1152
RELIANCE,2024-06-17 15:05:00,2987.33,2987.65,2985.85,2986.58,4279
RELIANCE,2024-06-17 15:06:00,2986.55,2986.87,2986.53,2986.82,4002
RELIANCE,2024-06-17 15:07:00,2987.49,2988.94,2986.85,2987.68,2813
RELIANCE,2024-06-17 15:08:00,2986.82,2987.44,2985.51,2987.10,7700
RELIANCE,2024-06-17 15:09:00,2986.92,2988.32,2986.63,2987.01,4277
RELIANCE,2024-06-17 15:10:00,2987.40,2988.22,2986.85,2987.83,2801
RELIANCE,2024-06-17 15:11:00,2987.94,2988.62,2987.86,2988.34,2393
RELIANCE,2024-06-17 15:12:00,2987.59,2988.79,2986.45,2987.47,4714
RELIANCE,2024-06-17 15:13:00,2986.41,2987.30,2985.93,2986.56,1240
RELIANCE,2024-06-17 15:14:00,2986.74,2987.29,2986.34,2986.49,7245
RELIANCE,2024-06-17 15:15:00,2986.31,2987.28,2986.26,2987.11,3832
RELIANCE,2024-06-17 15:16:00,2986.47,2986.71,2985.63,2986.47,1253
RELIANCE,2024-06-17 15:17:00,2985.73,2986.80,2984.91,2985.73,7076
RELIANCE,2024-06-17 15:18:00,2985.60,2985.74,2985.21,2985.67,3334
RELIANCE,2024-06-17 15:19:00,2985.15,2985.24,2984.20,2984.90,8087
RELIANCE,2024-06-17 15:20:00,2984.74,2985.99,2984.27,2984.69,1168
RELIANCE,2024-06-17 15:21:00,2984.75,2985.84,2984.59,2985.11,7549
RELIANCE,2024-06-17 15:22:00,2985.46,2985.72,2984.28,2985.54,4441
RELIANCE,2024-06-17 15:23:00,2986.27,2987.00,2985.22,2986.45,1682
RELIANCE,2024-06-17 15:24:00,2986.99,2987.83,2986.58,2986.89,6929
RELIANCE,2024-06-17 15:25:00,2986.71,2986.83,2985.80,2986.48,8852
RELIANCE,2024-06-17 15:26:00,2986.42,2987.29,2985.96,2986.76,5439
RELIANCE,2024-06-17 15:27:00,2987.32,2988.80,2986.75,2988.49,6875
RELIANCE,2024-06-17 15:28:00,2988.63,2989.52,2987.69,2989.31,5982
RELIANCE,2024-06-17 15:29:00,2990.06,2990.67,2989.88,2990.34,5943
RELIANCE,2024-06-18 09:15:00,2990.59,2991.83,2989.76,2990.66,2313
RELIANCE,2024-06-18 09:16:00,2990.94,2991.10,2989.55,2990.20,5782
RELIANCE,2024-06-18 09:17:00,2990.27,2991.69,2989.71,2989.75,4491
RELIANCE,2024-06-18 09:18:00,2990.06,2990.68,2988.85,2989.77,4535
RELIANCE,2024-06-18 09:19:00,2990.34,2990.63,2989.06,2989.95,2112
RELIANCE,2024-06-18 09:20:00,2989.53,2990.34,2988.03,2990.07,4381
RELIANCE,2024-06-18 09:21:00,2989.01,2989.23,2988.12,2988.87,5933
RELIANCE,2024-06-18 09:22:00,2988.11,2989.29,2987.03,2987.81,7445
RELIANCE,2024-06-18 09:23:00,2987.47,2988.06,2986.88,2987.92,3336
RELIANCE,2024-06-18 09:24:00,2988.14,2989.02,2987.60,2988.90,5019
RELIANCE,2024-06-18 09:25:00,2988.33,2988.78,2988.04,2988.56,6678
RELIANCE,2024-06-18 09:26:00,2987.40,2988.36,2987.26,2987.84,7005
RELIANCE,2024-06-18 09:27:00,2987.99,2988.97,2987.99,2988.03,7708
RELIANCE,2024-06-18 09:28:00,2987.51,2988.27,2986.44,2987.60,4890
RELIANCE,2024-06-18 09:29:00,2988.44,2988.90,2987.01,2987.18,8416
RELIANCE,2024-06-18 09:30:00,2986.00,2987.37,2984.98,2986.05,5304
RELIANCE,2024-06-18 09:31:00,2987.09,2987.62,2985.66,2987.43,3247
RELIANCE,2024-06-18 09:32:00,2986.56,2987.48,2985.13,2987.46,4768
RELIANCE,2024-06-18 09:33:00,2988.15,2989.01,2986.77,2987.74,4670
RELIANCE,2024-06-18 09:34:00,2987.20,2987.76,2986.31,2986.71,2434
RELIANCE,2024-06-18 09:35:00,2987.71,2988.91,2986.85,2987.47,1012
RELIANCE,2024-06-18 09:36:00,2987.59,2988.49,2986.92,2987.37,1163
RELIANCE,2024-06-18 09:37:00,2986.86,2988.27,2986.20,2986.96,8444
RELIANCE,2024-06-18 09:38:00,2986.48,2987.61,2986.03,2987.15,3774
RELIANCE,2024-06-18 09:39:00,2986.40,2986.79,2986.11,2986.50,3577
RELIANCE,2024-06-18 09:40:00,2987.58,2988.95,2986.30,2987.74,7590
RELIANCE,2024-06-18 09:41:00,2986.56,2987.39,2986.52,2987.00,1209
RELIANCE,2024-06-18 09:42:00,2986.27,2986.76,2986.25,2986.49,5026
RELIANCE,2024-06-18 09:43:00,2987.34,2988.80,2986.12,2988.62,8959
RELIANCE,2024-06-18 09:44:00,2988.57,2988.69,2988.24,2988.58,1689
RELIANCE,2024-06-18 09:45:00,2987.79,2988.13,2987.11,2987.67,8082
RELIANCE,2024-06-18 09:46:00,2987.29,2987.30,2986.71,2987.23,1785
RELIANCE,2024-06-18 09:47:00,2987.92,2988.24,2986.52,2986.98,5368
RELIANCE,2024-06-18 09:48:00,2987.27,2988.70,2985.81,2987.44,3772
RELIANCE,2024-06-18 09:49:00,2988.20,2988.68,2987.66,2988.10,2563
RELIANCE,2024-06-18 09:50:00,2987.84,2988.91,2987.31,2987.68,1818
RELIANCE,2024-06-18 09:51:00,2986.66,2986.72,2986.17,2986.32,1523
RELIANCE,2024-06-18 09:52:00,2986.03,2986.65,2984.57,2985.66,5498
RELIANCE,2024-06-18 09:53:00,2985.84,2985.86,2985.12,2985.61,6338
RELIANCE,2024-06-18 09:54:00,2985.67,2986.20,2985.39,2985.56,1731
RELIANCE,2024-06-18 09:55:00,2984.53,2984.58,2983.71,2983.79,8557
RELIANCE,2024-06-18 09:56:00,2982.87,2984.00,2982.19,2983.32,4524
RELIANCE,2024-06-18 09:57:00,2984.45,2984.91,2983.52,2984.75,7352
RELIANCE,2024-06-18 09:58:00,2984.20,2985.32,2983.64,2984.02,1276
RELIANCE,2024-06-18 09:59:00,2984.45,2985.12,2983.32,2984.52,4162
RELIANCE,2024-06-18 10:00:00,2983.44,2984.06,2982.79,2983.65,7409
RELIANCE,2024-06-18 10:01:00,2983.06,2983.78,2981.93,2982.35,3682
RELIANCE,2024-06-18 10:02:00,2981.16,2981.56,2980.23,2981.42,1813
RELIANCE,2024-06-18 10:03:00,2980.83,2981.35,2979.62,2980.34,5564
RELIANCE,2024-06-18 10:04:00,2979.32,2979.40,2978.99,2979.24,1474
RELIANCE,2024-06-18 10:05:00,2980.02,2980.91,2979.11,2979.62,1202
RELIANCE,2024-06-18 10:06:00,2979.43,2980.34,2978.33,2979.69,4556
RELIANCE,2024-06-18 10:07:00,2979.02,2979.16,2978.64,2978.97,5527
RELIANCE,2024-06-18 10:08:00,2979.07,2979.95,2978.07,2978.98,5032
RELIANCE,2024-06-18 10:09:00,2979.87,2981.06,2979.52,2980.88,3941
RELIANCE,2024-06-18 10:10:00,2980.89,2982.35,2979.67,2981.16,3492
RELIANCE,2024-06-18 10:11:00,2980.69,2981.66,2979.30,2979.71,2039
RELIANCE,2024-06-18 10:12:00,2979.14,2979.86,2978.28,2978.44,6397
RELIANCE,2024-06-18 10:13:00,2979.17,2980.32,2978.02,2978.15,2395
RELIANCE,2024-06-18 10:14:00,2978.11,2979.12,2977.49,2978.45,5956
RELIANCE,2024-06-18 10:15:00,2979.56,2979.77,2978.35,2979.15,3891
RELIANCE,2024-06-18 10:16:00,2979.68,2980.35,2979.29,2979.43,6293
RELIANCE,2024-06-18 10:17:00,2979.92,2980.82,2979.42,2979.88,2835
RELIANCE,2024-06-18 10:18:00,2980.41,2981.57,2979.81,2981.37,4192
RELIANCE,2024-06-18 10:19:00,2980.58,2980.70,2980.00,2980.37,2875
RELIANCE,2024-06-18 10:20:00,2979.38,2979.81,2978.79,2979.28,1207
RELIANCE,2024-06-18 10:21:00,2978.18,2978.43,2977.62,2977.77,2827
RELIANCE,2024-06-18 10:22:00,2977.97,2979.37,2976.89,2979.02,8156
RELIANCE,2024-06-18 10:23:00,2979.07,2980.07,2978.80,2979.10,6760
RELIANCE,2024-06-18 10:24:00,2978.92,2979.25,2978.82,2979.19,6464
RELIANCE,2024-06-18 10:25:00,2979.57,2979.95,2978.53,2979.90,1087
RELIANCE,2024-06-18 10:26:00,2980.24,2980.59,2978.88,2980.25,8766
RELIANCE,2024-06-18 10:27:00,2979.82,2981.11,2979.52,2980.14,8762
RELIANCE,2024-06-18 10:28:00,2981.28,2982.73,2979.79,2982.46,5009
RELIANCE,2024-06-18 10:29:00,2982.50,2983.25,2981.31,2981.55,3272
RELIANCE,2024-06-18 10:30:00,2982.30,2982.73,2981.76,2982.43,2344
RELIANCE,2024-06-18 10:31:00,2981.76,2982.92,2981.66,2982.48,3407
RELIANCE,2024-06-18 10:32:00,2983.72,2984.95,2982.96,2984.44,6628
RELIANCE,2024-06-18 10:33:00,2985.31,2986.05,2984.54,2985.09,8931
RELIANCE,2024-06-18 10:34:00,2984.73,2985.27,2983.74,2984.11,2947
RELIANCE,2024-06-18 10:35:00,2983.96,2984.83,2983.85,2984.03,5252
RELIANCE,2024-06-18 10:36:00,2983.31,2984.04,2982.06,2983.66,2869
RELIANCE,2024-06-18 10:37:00,2984.84,2985.94,2983.50,2984.74,4309
RELIANCE,2024-06-18 10:38:00,2985.36,2986.36,2984.69,2985.64,5322
RELIANCE,2024-06-18 10:39:00,2986.67,2987.00,2986.61,2986.77,3467
RELIANCE,2024-06-18 10:40:00,2986.64,2987.79,2985.40,2987.05,7619
RELIANCE,2024-06-18 10:41:00,2986.41,2987.74,2986.11,2987.43,8661
RELIANCE,2024-06-18 10:42:00,2988.14,2989.25,2987.99,2988.73,1730
RELIANCE,2024-06-18 10:43:00,2989.37,2989.86,2989.01,2989.38,7066
RELIANCE,2024-06-18 10:44:00,2990.16,2991.12,2989.71,2990.75,2518
RELIANCE,2024-06-18 10:45:00,2991.50,2992.30,2991.33,2991.62,3308
RELIANCE,2024-06-18 10:46:00,2992.83,2993.87,2992.13,2993.16,5643
RELIANCE,2024-06-18 10:47:00,2994.07,2994.28,2992.95,2993.64,1715
RELIANCE,2024-06-18 10:48:00,2994.80,2995.83,2994.04,2994.75,6776
RELIANCE,2024-06-18 10:49:00,2995.45,2995.80,2995.45,2995.55,6163
RELIANCE,2024-06-18 10:50:00,2995.03,2995.10,2993.86,2994.39,4230
RELIANCE,2024-06-18 10:51:00,2993.57,2994.36,2992.17,2992.21,1775
RELIANCE,2024-06-18 10:52:00,2992.83,2993.97,2991.84,2993.11,3043
RELIANCE,2024-06-18 10:53:00,2992.23,2993.55,2991.41,2993.08,4836
RELIANCE,2024-06-18 10:54:00,2992.75,2994.11,2991.81,2992.60,6323
RELIANCE,2024-06-18 10:55:00,2992.42,2992.57,2991.16,2992.45,6349
RELIANCE,2024-06-18 10:56:00,2993.21,2993.53,2992.50,2992.74,7571
RELIANCE,2024-06-18 10:57:00,2992.56,2993.86,2991.58,2992.91,4804
RELIANCE,2024-06-18 10:58:00,2992.23,2993.27,2991.76,2991.92,4160
RELIANCE,2024-06-18 10:59:00,2992.40,2992.78,2991.80,2992.39,6402
RELIANCE,2024-06-18 11:00:00,2993.57,2994.65,2992.88,2993.58,2845
RELIANCE,2024-06-18 11:01:00,2994.03,2994.72,2993.70,2994.22,4902
RELIANCE,2024-06-18 11:02:00,2993.29,2994.12,2992.53,2992.94,1712
RELIANCE,2024-06-18 11:03:00,2993.66,2994.27,2993.09,2993.18,2734
RELIANCE,2024-06-18 11:04:00,2994.25,2994.76,2993.31,2994.17,4340
RELIANCE,2024-06-18 11:05:00,2995.21,2995.76,2994.40,2995.31,3696
RELIANCE,2024-06-18 11:06:00,2995.75,2997.18,2995.06,2996.36,4313
RELIANCE,2024-06-18 11:07:00,2996.54,2996.71,2995.83,2996.09,2370
RELIANCE,2024-06-18 11:08:00,2995.08,2996.08,2994.31,2996.07,4907
RELIANCE,2024-06-18 11:09:00,2996.51,2997.14,2995.04,2995.49,1067
RELIANCE,2024-06-18 11:10:00,2996.05,2997.50,2995.24,2996.06,4812
RELIANCE,2024-06-18 11:11:00,2995.70,2996.06,2994.51,2995.85,3286
RELIANCE,2024-06-18 11:12:00,2995.63,2996.28,2995.62,2995.97,6128
RELIANCE,2024-06-18 11:13:00,2996.07,2997.56,2994.71,2997.28,3144
RELIANCE,2024-06-18 11:14:00,2996.92,2997.41,2996.79,2997.29,5530
RELIANCE,2024-06-18 11:15:00,2996.52,2997.58,2996.44,2996.54,8109
RELIANCE,2024-06-18 11:16:00,2996.08,2996.40,2994.96,2996.10,5919
RELIANCE,2024-06-18 11:17:00,2995.45,2996.51,2994.87,2995.63,3563
RELIANCE,2024-06-18 11:18:00,2996.30,2996.85,2995.77,2996.78,3491
RELIANCE,2024-06-18 11:19:00,2997.72,2998.29,2996.88,2998.02,6556
RELIANCE,2024-06-18 11:20:00,2998.32,2999.76,2997.54,2998.92,4636
RELIANCE,2024-06-18 11:21:00,2998.53,2999.78,2997.57,2997.64,4092
RELIANCE,2024-06-18 11:22:00,2998.01,2998.23,2997.00,2998.00,1495
RELIANCE,2024-06-18 11:23:00,2998.85,3000.32,2998.34,3000.14,1020
RELIANCE,2024-06-18 11:24:00,3001.08,3001.30,3000.89,3001.30,6434
RELIANCE,2024-06-18 11:25:00,3000.28,3001.23,2999.10,2999.58,3008
RELIANCE,2024-06-18 11:26:00,2999.79,3001.24,2999.18,3000.66,2913
RELIANCE,2024-06-18 11:27:00,3001.77,3002.18,3001.34,3001.72,8261
RELIANCE,2024-06-18 11:28:00,3002.14,3002.81,3001.68,3002.28,6419
RELIANCE,2024-06-18 11:29:00,3001.24,3001.80,3000.29,3000.50,1351
RELIANCE,2024-06-18 11:30:00,3000.53,3001.52,3000.10,3000.34,3007
RELIANCE,2024-06-18 11:31:00,2999.33,2999.76,2998.46,2999.31,3341
RELIANCE,2024-06-18 11:32:00,3000.11,3000.60,2999.80,3000.14,8360
RELIANCE,2024-06-18 11:33:00,3000.47,3000.47,2999.09,2999.38,5541
RELIANCE,2024-06-18 11:34:00,2998.82,2999.60,2998.81,2999.54,2887
RELIANCE,2024-06-18 11:35:00,3000.25,3001.52,2998.79,3000.03,5501
RELIANCE,2024-06-18 11:36:00,2999.89,3000.66,2998.56,2999.43,8696
RELIANCE,2024-06-18 11:37:00,2998.37,2999.49,2997.89,2998.85,3175
RELIANCE,2024-06-18 11:38:00,2999.40,2999.52,2997.93,2998.31,6346
RELIANCE,2024-06-18 11:39:00,2997.12,2997.27,2995.76,2995.88,4256
RELIANCE,2024-06-18 11:40:00,2996.96,2997.04,2996.07,2996.77,3790
RELIANCE,2024-06-18 11:41:00,2997.93,2998.58,2997.05,2997.97,1728
RELIANCE,2024-06-18 11:42:00,2998.98,3000.45,2998.50,2999.87,5816
RELIANCE,2024-06-18 11:43:00,3000.34,3000.53,2999.73,3000.14,1332
RELIANCE,2024-06-18 11:44:00,2999.08,2999.21,2997.71,2997.86,3856
RELIANCE,2024-06-18 11:45:00,2997.06,2998.49,2996.13,2997.86,5968
RELIANCE,2024-06-18 11:46:00,2998.42,2998.83,2997.72,2998.77,1855
RELIANCE,2024-06-18 11:47:00,2998.11,2999.00,2997.52,2998.88,2910
RELIANCE,2024-06-18 11:48:00,2999.31,2999.55,2998.45,2999.32,7187
RELIANCE,2024-06-18 11:49:00,2999.03,3000.13,2998.81,2999.76,2857
RELIANCE,2024-06-18 11:50:00,2999.18,2999.70,2999.05,2999.14,3973
RELIANCE,2024-06-18 11:51:00,2998.00,2998.24,2996.63,2997.95,3391
RELIANCE,2024-06-18 11:52:00,2997.07,2997.72,2996.70,2996.93,8653
RELIANCE,2024-06-18 11:53:00,2996.75,2996.96,2995.47,2996.54,2996
RELIANCE,2024-06-18 11:54:00,2995.87,2996.13,2995.31,2995.49,5334
RELIANCE,2024-06-18 11:55:00,2995.58,2997.01,2995.44,2995.84,4957
RELIANCE,2024-06-18 11:56:00,2995.09,2996.17,2993.94,2994.21,1341
RELIANCE,2024-06-18 11:57:00,2993.35,2993.66,2993.15,2993.40,2508
RELIANCE,2024-06-18 11:58:00,2994.57,2995.12,2993.22,2994.53,1608
RELIANCE,2024-06-18 11:59:00,2995.67,2995.79,2994.49,2995.64,8372
RELIANCE,2024-06-18 12:00:00,2996.66,2997.70,2995.22,2995.95,5424
RELIANCE,2024-06-18 12:01:00,2996.61,2997.44,2995.14,2996.37,8407
RELIANCE,2024-06-18 12:02:00,2996.33,2996.63,2995.63,2996.48,1983
RELIANCE,2024-06-18 12:03:00,2996.10,2996.79,2994.88,2995.37,4044
RELIANCE,2024-06-18 12:04:00,2995.50,2996.70,2995.14,2996.14,1512
RELIANCE,2024-06-18 12:05:00,2996.81,2997.43,2996.45,2996.83,2125
RELIANCE,2024-06-18 12:06:00,2995.67,2996.04,2995.02,2996.02,8260
RELIANCE,2024-06-18 12:07:00,2995.21,2995.84,2993.72,2993.72,3803
RELIANCE,2024-06-18 12:08:00,2994.04,2994.58,2993.38,2994.21,4918
RELIANCE,2024-06-18 12:09:00,2993.17,2994.47,2992.52,2992.86,1828
RELIANCE,2024-06-18 12:10:00,2993.22,2993.47,2992.52,2992.81,3749
RELIANCE,2024-06-18 12:11:00,2992.48,2993.24,2992.35,2992.80,7886
RELIANCE,2024-06-18 12:12:00,2992.53,2993.56,2991.63,2992.59,1684
RELIANCE,2024-06-18 12:13:00,2991.74,2991.75,2990.94,2991.08,3283
RELIANCE,2024-06-18 12:14:00,2991.44,2992.86,2991.15,2991.52,2340
RELIANCE,2024-06-18 12:15:00,2992.30,2992.97,2991.43,2991.94,7705
RELIANCE,2024-06-18 12:16:00,2991.59,2992.71,2991.46,2992.29,8287
RELIANCE,2024-06-18 12:17:00,2992.27,2992.55,2991.54,2992.20,7007
RELIANCE,2024-06-18 12:18:00,2992.99,2993.13,2992.90,2993.12,3289
RELIANCE,2024-06-18 12:19:00,2993.27,2994.20,2992.12,2993.45,8772
RELIANCE,2024-06-18 12:20:00,2992.71,2992.88,2991.97,2992.64,2625
RELIANCE,2024-06-18 12:21:00,2992.09,2993.16,2991.22,2992.89,7341
RELIANCE,2024-06-18 12:22:00,2993.42,2994.81,2993.42,2994.16,5424
RELIANCE,2024-06-18 12:23:00,2994.17,2994.58,2993.57,2994.23,6190
RELIANCE,2024-06-18 12:24:00,2993.34,2993.59,2992.41,2992.45,1151
RELIANCE,2024-06-18 12:25:00,2993.47,2994.39,2992.50,2994.18,7112
RELIANCE,2024-06-18 12:26:00,2994.93,2995.09,2993.56,2993.70,5512
RELIANCE,2024-06-18 12:27:00,2994.58,2995.16,2994.26,2994.66,7891
RELIANCE,2024-06-18 12:28:00,2994.37,2994.77,2994.25,2994.58,4626
RELIANCE,2024-06-18 12:29:00,2995.21,2995.59,2993.88,2994.58,2581
RELIANCE,2024-06-18 12:30:00,2994.82,2995.47,2994.20,2994.95,5556
RELIANCE,2024-06-18 12:31:00,2994.77,2995.34,2994.71,2994.85,6979
RELIANCE,2024-06-18 12:32:00,2995.75,2996.38,2994.44,2996.20,8025
RELIANCE,2024-06-18 12:33:00,2996.27,2996.50,2995.15,2996.30,1110
RELIANCE,2024-06-18 12:34:00,2996.57,2998.03,2996.30,2997.85,7185
RELIANCE,2024-06-18 12:35:00,2998.75,2999.04,2997.61,2998.30,5117
RELIANCE,2024-06-18 12:36:00,2998.51,2999.96,2998.15,2999.68,6384
RELIANCE,2024-06-18 12:37:00,2999.82,3000.03,2999.55,2999.86,3675
RELIANCE,2024-06-18 12:38:00,3000.83,3001.88,2999.57,3001.03,5526
RELIANCE,2024-06-18 12:39:00,3001.76,3002.90,3001.27,3001.69,3892
RELIANCE,2024-06-18 12:40:00,3000.59,3001.05,3000.23,3000.92,2490
RELIANCE,2024-06-18 12:41:00,3000.89,3001.49,2999.84,3001.10,3753
RELIANCE,2024-06-18 12:42:00,3000.21,3001.08,2999.80,3000.77,1549
RELIANCE,2024-06-18 12:43:00,3000.14,3001.50,2998.74,3001.30,5520
RELIANCE,2024-06-18 12:44:00,3001.74,3001.78,3000.33,3001.25,8489
RELIANCE,2024-06-18 12:45:00,3002.18,3003.17,3001.41,3002.19,6695
RELIANCE,2024-06-18 12:46:00,3001.48,3002.82,3000.48,3001.30,1589
RELIANCE,2024-06-18 12:47:00,3002.29,3002.91,3000.99,3001.53,8901
RELIANCE,2024-06-18 12:48:00,3000.75,3001.87,3000.35,3001.85,3287
RELIANCE,2024-06-18 12:49:00,3001.51,3002.50,3001.26,3001.87,3978
RELIANCE,2024-06-18 12:50:00,3001.01,3002.25,2999.63,3001.02,2533
RELIANCE,2024-06-18 12:51:00,3000.44,3000.78,2999.33,2999.39,5585
RELIANCE,2024-06-18 12:52:00,2998.88,2999.67,2998.83,2999.49,7385
RELIANCE,2024-06-18 12:53:00,2999.13,2999.83,2998.51,2999.03,6647
RELIANCE,2024-06-18 12:54:00,2999.70,3000.02,2998.27,2999.39,1260
RELIANCE,2024-06-18 12:55:00,2998.31,2999.73,2997.49,2998.23,5891
RELIANCE,2024-06-18 12:56:00,2999.26,2999.32,2998.19,2998.65,5046
RELIANCE,2024-06-18 12:57:00,2997.48,2997.77,2997.38,2997.61,2128
RELIANCE,2024-06-18 12:58:00,2997.74,2998.93,2997.66,2998.92,5542
RELIANCE,2024-06-18 12:59:00,3000.10,3000.39,2999.55,3000.22,3723
RELIANCE,2024-06-18 13:00:00,3001.20,3001.31,3000.08,3000.30,1174
RELIANCE,2024-06-18 13:01:00,3000.87,3001.30,3000.24,3001.01,7784
RELIANCE,2024-06-18 13:02:00,3001.93,3002.99,3000.57,3001.96,5873
RELIANCE,2024-06-18 13:03:00,3002.41,3003.49,3001.20,3001.74,5068
RELIANCE,2024-06-18 13:04:00,3002.36,3003.45,3001.51,3003.28,6523
RELIANCE,2024-06-18 13:05:00,3004.03,3004.35,3003.37,3004.04,2816
RELIANCE,2024-06-18 13:06:00,3004.35,3005.22,3003.15,3004.77,2152
RELIANCE,2024-06-18 13:07:00,3005.17,3006.40,3004.15,3006.09,6453
RELIANCE,2024-06-18 13:08:00,3007.31,3007.73,3006.42,3007.53,8710
RELIANCE,2024-06-18 13:09:00,3006.73,3007.08,3006.60,3006.65,4209
RELIANCE,2024-06-18 13:10:00,3006.84,3008.33,3006.19,3006.85,7696
RELIANCE,2024-06-18 13:11:00,3007.84,3009.09,3007.55,3008.46,2617
RELIANCE,2024-06-18 13:12:00,3008.41,3008.82,3007.19,3008.25,5071
RELIANCE,2024-06-18 13:13:00,3007.11,3008.32,3005.81,3007.98,1601
RELIANCE,2024-06-18 13:14:00,3006.93,3006.99,3006.62,3006.90,1645
RELIANCE,2024-06-18 13:15:00,3007.42,3008.22,3006.93,3007.12,1941
RELIANCE,2024-06-18 13:16:00,3008.34,3008.71,3006.92,3007.24,6056
RELIANCE,2024-06-18 13:17:00,3007.33,3007.73,3006.60,3007.17,3161
RELIANCE,2024-06-18 13:18:00,3007.58,3008.62,3007.31,3008.60,5483
RELIANCE,2024-06-18 13:19:00,3008.72,3009.94,3007.86,3008.58,8604
RELIANCE,2024-06-18 13:20:00,3008.08,3008.84,3007.70,3008.73,5221
RELIANCE,2024-06-18 13:21:00,3008.63,3009.89,3007.70,3008.90,5216
RELIANCE,2024-06-18 13:22:00,3008.25,3009.00,3007.56,3008.20,8691
RELIANCE,2024-06-18 13:23:00,3007.60,3007.74,3006.14,3007.03,7536
RELIANCE,2024-06-18 13:24:00,3006.77,3008.20,3006.51,3007.63,2015
RELIANCE,2024-06-18 13:25:00,3007.46,3008.07,3006.35,3007.84,1238
RELIANCE,2024-06-18 13:26:00,3007.82,3008.46,3006.58,3007.38,2658
RELIANCE,2024-06-18 13:27:00,3006.92,3007.01,3005.51,3005.81,5874
RELIANCE,2024-06-18 13:28:00,3005.47,3006.41,3005.02,3005.18,7398
RELIANCE,2024-06-18 13:29:00,3004.40,3004.54,3004.40,3004.52,2988
RELIANCE,2024-06-18 13:30:00,3004.55,3005.80,3003.37,3004.81,6170
RELIANCE,2024-06-18 13:31:00,3006.02,3006.70,3005.79,3006.59,3158
RELIANCE,2024-06-18 13:32:00,3006.01,3006.61,3004.96,3006.11,8100
RELIANCE,2024-06-18 13:33:00,3005.52,3005.55,3005.03,3005.35,4322
RELIANCE,2024-06-18 13:34:00,3004.96,3005.11,3003.52,3004.43,5022
RELIANCE,2024-06-18 13:35:00,3003.68,3004.22,3003.24,3003.44,8641
RELIANCE,2024-06-18 13:36:00,3002.74,3003.15,3002.53,3002.86,3328
RELIANCE,2024-06-18 13:37:00,3003.14,3003.53,3001.84,3002.63,2486
RELIANCE,2024-06-18 13:38:00,3002.69,3003.29,3002.02,3002.49,2350
RELIANCE,2024-06-18 13:39:00,3002.63,3004.05,3002.59,3003.82,6374
RELIANCE,2024-06-18 13:40:00,3004.18,3004.95,3003.89,3004.86,5364
RELIANCE,2024-06-18 13:41:00,3005.91,3006.56,3005.66,3006.47,5574
RELIANCE,2024-06-18 13:42:00,3006.27,3007.48,3006.08,3006.92,3226
RELIANCE,2024-06-18 13:43:00,3005.74,3006.44,3005.69,3006.26,4194
RELIANCE,2024-06-18 13:44:00,3006.06,3007.35,3005.83,3007.13,4576
RELIANCE,2024-06-18 13:45:00,3008.14,3008.94,3007.07,3007.32,6991
RELIANCE,2024-06-18 13:46:00,3007.68,3008.76,3006.90,3008.22,8836
RELIANCE,2024-06-18 13:47:00,3007.62,3008.61,3007.57,3008.47,4879
RELIANCE,2024-06-18 13:48:00,3009.43,3010.68,3008.10,3009.22,4388
RELIANCE,2024-06-18 13:49:00,3009.88,3011.14,3009.67,3010.04,3096
RELIANCE,2024-06-18 13:50:00,3009.58,3010.21,3009.01,3009.56,1289
RELIANCE,2024-06-18 13:51:00,3010.37,3010.85,3010.19,3010.48,6559
RELIANCE,2024-06-18 13:52:00,3011.50,3012.48,3010.08,3012.14,5046
RELIANCE,2024-06-18 13:53:00,3012.41,3013.90,3011.39,3012.30,7454
RELIANCE,2024-06-18 13:54:00,3011.91,3012.11,3010.77,3011.49,4833
RELIANCE,2024-06-18 13:55:00,3012.21,3013.12,3011.97,3012.72,1459
RELIANCE,2024-06-18 13:56:00,3013.73,3013.84,3012.48,3012.92,4404
RELIANCE,2024-06-18 13:57:00,3013.66,3014.99,3013.25,3014.04,7328
RELIANCE,2024-06-18 13:58:00,3014.00,3014.22,3013.98,3013.99,4117
RELIANCE,2024-06-18 13:59:00,3013.02,3014.32,3011.79,3014.13,5454
RELIANCE,2024-06-18 14:00:00,3013.72,3014.70,3013.68,3014.03,6600
RELIANCE,2024-06-18 14:01:00,3013.78,3013.86,3013.56,3013.80,6424
RELIANCE,2024-06-18 14:02:00,3014.55,3014.86,3013.96,3014.28,7382
RELIANCE,2024-06-18 14:03:00,3013.69,3015.19,3012.89,3013.37,2494
RELIANCE,2024-06-18 14:04:00,3013.86,3014.66,3012.36,3014.56,5461
RELIANCE,2024-06-18 14:05:00,3013.71,3014.02,3013.37,3013.64,2947
RELIANCE,2024-06-18 14:06:00,3013.52,3013.75,3012.80,3013.21,2789
RELIANCE,2024-06-18 14:07:00,3012.42,3012.50,3012.28,3012.28,6521
RELIANCE,2024-06-18 14:08:00,3011.71,3012.17,3011.41,3011.99,7072
RELIANCE,2024-06-18 14:09:00,3011.54,3012.14,3010.90,3011.30,1440
RELIANCE,2024-06-18 14:10:00,3010.95,3011.22,3010.17,3010.60,4191
RELIANCE,2024-06-18 14:11:00,3009.65,3010.57,3009.35,3009.97,6678
RELIANCE,2024-06-18 14:12:00,3010.61,3011.63,3009.73,3010.25,3630
RELIANCE,2024-06-18 14:13:00,3009.57,3009.63,3008.53,3008.93,3382
RELIANCE,2024-06-18 14:14:00,3008.37,3008.67,3007.47,3007.77,2913
RELIANCE,2024-06-18 14:15:00,3008.65,3009.92,3008.28,3008.65,8263
RELIANCE,2024-06-18 14:16:00,3009.38,3009.43,3008.19,3009.35,3229
RELIANCE,2024-06-18 14:17:00,3009.19,3010.63,3007.90,3010.43,6791
RELIANCE,2024-06-18 14:18:00,3009.92,3010.96,3009.34,3009.68,5398
RELIANCE,2024-06-18 14:19:00,3009.81,3011.13,3008.37,3009.02,8947
RELIANCE,2024-06-18 14:20:00,3008.81,3010.01,3007.91,3008.42,7077
RELIANCE,2024-06-18 14:21:00,3009.52,3010.05,3008.80,3009.83,7586
RELIANCE,2024-06-18 14:22:00,3009.81,3010.63,3008.68,3010.13,5464
RELIANCE,2024-06-18 14:23:00,3011.22,3012.14,3009.91,3010.35,5155
RELIANCE,2024-06-18 14:24:00,3009.68,3010.02,3009.14,3009.47,3474
RELIANCE,2024-06-18 14:25:00,3009.35,3010.38,3008.31,3009.22,5261
RELIANCE,2024-06-18 14:26:00,3009.55,3010.61,3008.98,3009.39,6807
RELIANCE,2024-06-18 14:27:00,3009.85,3010.68,3008.57,3009.08,4824
RELIANCE,2024-06-18 14:28:00,3008.80,3009.11,3008.39,3008.78,3133
RELIANCE,2024-06-18 14:29:00,3007.85,3008.06,3006.96,3007.81,3817
RELIANCE,2024-06-18 14:30:00,3007.15,3007.72,3006.55,3006.64,4636
RELIANCE,2024-06-18 14:31:00,3006.10,3006.62,3005.75,3006.46,4126
RELIANCE,2024-06-18 14:32:00,3006.24,3007.08,3004.83,3005.49,6492
RELIANCE,2024-06-18 14:33:00,3004.31,3004.99,3003.46,3004.62,3397
RELIANCE,2024-06-18 14:34:00,3003.66,3003.94,3003.08,3003.70,8504
RELIANCE,2024-06-18 14:35:00,3003.70,3004.55,3002.21,3004.18,8683
RELIANCE,2024-06-18 14:36:00,3003.66,3004.52,3002.91,3003.19,3261
RELIANCE,2024-06-18 14:37:00,3003.64,3004.91,3002.14,3003.19,8737
RELIANCE,2024-06-18 14:38:00,3002.72,3003.86,3002.70,3003.46,8833
RELIANCE,2024-06-18 14:39:00,3004.41,3004.74,3003.36,3004.37,1200
RELIANCE,2024-06-18 14:40:00,3003.62,3004.25,3002.64,3003.73,3358
RELIANCE,2024-06-18 14:41:00,3004.73,3005.33,3003.73,3004.92,5638
RELIANCE,2024-06-18 14:42:00,3005.40,3006.71,3004.37,3006.54,7402
RELIANCE,2024-06-18 14:43:00,3006.87,3008.08,3006.51,3006.69,8849
RELIANCE,2024-06-18 14:44:00,3005.78,3006.29,3004.36,3004.93,3530
RELIANCE,2024-06-18 14:45:00,3005.55,3005.82,3005.40,3005.66,2623
RELIANCE,2024-06-18 14:46:00,3006.48,3006.58,3006.46,3006.47,3742
RELIANCE,2024-06-18 14:47:00,3006.10,3007.51,3004.73,3007.22,5775
RELIANCE,2024-06-18 14:48:00,3007.22,3007.78,3006.71,3006.76,4724
RELIANCE,2024-06-18 14:49:00,3005.63,3006.94,3004.73,3005.96,8642
RELIANCE,2024-06-18 14:50:00,3005.84,3007.09,3005.61,3005.71,2685
RELIANCE,2024-06-18 14:51:00,3006.80,3007.63,3006.43,3007.09,7952
RELIANCE,2024-06-18 14:52:00,3006.01,3007.06,3004.82,3005.22,1647
RELIANCE,2024-06-18 14:53:00,3006.09,3006.31,3005.37,3005.89,5948
RELIANCE,2024-06-18 14:54:00,3006.30,3006.56,3005.65,3005.79,1750
RELIANCE,2024-06-18 14:55:00,3005.00,3005.57,3004.56,3005.15,3440
RELIANCE,2024-06-18 14:56:00,3004.82,3004.93,3003.99,3004.15,3712
RELIANCE,2024-06-18 14:57:00,3004.05,3005.45,3002.78,3004.88,5542
RELIANCE,2024-06-18 14:58:00,3004.17,3005.20,3002.71,3002.93,7872
RELIANCE,2024-06-18 14:59:00,3001.97,3003.03,3001.92,3002.31,5866
RELIANCE,2024-06-18 15:00:00,3001.52,3001.82,3000.77,3000.98,5151
RELIANCE,2024-06-18 15:01:00,2999.81,3000.78,2998.94,2999.31,3548
RELIANCE,2024-06-18 15:02:00,2998.52,2999.40,2997.10,2998.18,5575
RELIANCE,2024-06-18 15:03:00,2997.46,2998.77,2995.99,2998.51,2575
RELIANCE,2024-06-18 15:04:00,2997.74,2999.11,2996.83,2998.84,2201
RELIANCE,2024-06-18 15:05:00,2998.88,2999.03,2997.67,2997.82,2972
RELIANCE,2024-06-18 15:06:00,2997.51,2998.13,2996.52,2998.03,4518
RELIANCE,2024-06-18 15:07:00,2997.19,2997.57,2995.90,2997.26,3027
RELIANCE,2024-06-18 15:08:00,2996.07,2996.45,2994.99,2996.16,6620
RELIANCE,2024-06-18 15:09:00,2995.17,2995.17,2994.06,2994.85,5550
RELIANCE,2024-06-18 15:10:00,2996.09,2996.97,2995.48,2996.28,5035
RELIANCE,2024-06-18 15:11:00,2996.08,2997.45,2996.02,2996.85,8298
RELIANCE,2024-06-18 15:12:00,2996.64,2997.91,2996.08,2997.19,8571
RELIANCE,2024-06-18 15:13:00,2996.32,2997.04,2996.30,2996.64,4767
RELIANCE,2024-06-18 15:14:00,2997.53,2997.85,2997.29,2997.71,6364
RELIANCE,2024-06-18 15:15:00,2997.25,2997.33,2996.76,2996.96,1849
RELIANCE,2024-06-18 15:16:00,2996.07,2996.26,2995.78,2995.91,1644
RELIANCE,2024-06-18 15:17:00,2994.75,2995.50,2993.79,2995.32,6655
RELIANCE,2024-06-18 15:18:00,2996.13,2996.49,2994.70,2995.81,4819
RELIANCE,2024-06-18 15:19:00,2996.46,2997.19,2995.07,2995.17,8437
RELIANCE,2024-06-18 15:20:00,2994.49,2995.51,2993.19,2994.49,8217
RELIANCE,2024-06-18 15:21:00,2994.51,2994.53,2994.46,2994.53,2798
RELIANCE,2024-06-18 15:22:00,2994.43,2995.33,2993.10,2995.08,7423
RELIANCE,2024-06-18 15:23:00,2995.98,2996.39,2995.29,2995.56,5830
RELIANCE,2024-06-18 15:24:00,2996.10,2996.68,2994.83,2996.08,5231
RELIANCE,2024-06-18 15:25:00,2997.21,2997.24,2996.96,2997.15,8970
RELIANCE,2024-06-18 15:26:00,2996.06,2997.55,2995.58,2996.73,7550
RELIANCE,2024-06-18 15:27:00,2996.93,2997.90,2996.00,2997.67,8362
RELIANCE,2024-06-18 15:28:00,2998.64,2999.82,2998.03,2998.66,5007
RELIANCE,2024-06-18 15:29:00,2997.85,2998.81,2997.40,2998.80,6447
RELIANCE,2024-06-19 09:15:00,3000.04,3000.80,2999.14,2999.55,8706
RELIANCE,2024-06-19 09:16:00,2999.94,2999.97,2999.25,2999.33,7916
RELIANCE,2024-06-19 09:17:00,2998.37,2999.32,2997.56,2997.78,8654
RELIANCE,2024-06-19 09:18:00,2997.22,2997.83,2997.22,2997.53,4306
RELIANCE,2024-06-19 09:19:00,2997.13,2997.18,2996.83,2997.00,4199
RELIANCE,2024-06-19 09:20:00,2998.16,2998.66,2998.04,2998.61,6513
RELIANCE,2024-06-19 09:21:00,2999.09,2999.56,2998.78,2998.88,3978
RELIANCE,2024-06-19 09:22:00,3000.12,3000.71,2999.43,3000.64,6477
RELIANCE,2024-06-19 09:23:00,3001.27,3001.58,3001.21,3001.57,8491
RELIANCE,2024-06-19 09:24:00,3002.27,3003.61,3002.22,3003.05,5748
RELIANCE,2024-06-19 09:25:00,3003.78,3005.11,3002.71,3003.67,7880
RELIANCE,2024-06-19 09:26:00,3003.01,3004.29,3002.11,3003.91,3694
RELIANCE,2024-06-19 09:27:00,3005.13,3006.32,3004.52,3005.85,3401
RELIANCE,2024-06-19 09:28:00,3006.54,3006.93,3005.21,3005.22,8719
RELIANCE,2024-06-19 09:29:00,3006.11,3006.98,3005.71,3005.98,5572
RELIANCE,2024-06-19 09:30:00,3005.81,3006.21,3004.67,3004.90,1587
RELIANCE,2024-06-19 09:31:00,3004.80,3005.37,3004.52,3004.85,5447
RELIANCE,2024-06-19 09:32:00,3005.77,3005.97,3004.68,3004.94,2571
RELIANCE,2024-06-19 09:33:00,3004.92,3005.44,3004.87,3005.17,3818
RELIANCE,2024-06-19 09:34:00,3004.25,3004.60,3002.80,3004.55,5687
RELIANCE,2024-06-19 09:35:00,3005.15,3006.10,3005.06,3005.11,5305
RELIANCE,2024-06-19 09:36:00,3005.00,3005.49,3004.36,3004.95,2408
RELIANCE,2024-06-19 09:37:00,3005.51,3006.11,3004.72,3005.04,6152
RELIANCE,2024-06-19 09:38:00,3005.05,3005.43,3003.67,3003.77,6447
RELIANCE,2024-06-19 09:39:00,3004.99,3006.40,3003.94,3005.09,3176
RELIANCE,2024-06-19 09:40:00,3004.16,3004.27,3003.49,3003.79,5886
RELIANCE,2024-06-19 09:41:00,3004.07,3005.14,3002.92,3003.26,2678
RELIANCE,2024-06-19 09:42:00,3003.30,3003.77,3001.98,3002.75,1445
RELIANCE,2024-06-19 09:43:00,3003.10,3003.49,3002.26,3003.20,3825
RELIANCE,2024-06-19 09:44:00,3003.10,3003.32,3002.77,3003.18,6249
RELIANCE,2024-06-19 09:45:00,3003.62,3004.44,3002.29,3003.59,6645
RELIANCE,2024-06-19 09:46:00,3004.50,3005.60,3003.01,3004.11,5421
RELIANCE,2024-06-19 09:47:00,3005.29,3005.62,3003.95,3004.51,2570
RELIANCE,2024-06-19 09:48:00,3004.96,3005.52,3004.52,3005.12,8804
RELIANCE,2024-06-19 09:49:00,3004.17,3004.64,3004.00,3004.32,5323
RELIANCE,2024-06-19 09:50:00,3003.82,3004.01,3002.51,3002.61,8388
RELIANCE,2024-06-19 09:51:00,3003.07,3003.46,3001.83,3001.88,2927
RELIANCE,2024-06-19 09:52:00,3000.78,3001.50,3000.61,3000.83,8165
RELIANCE,2024-06-19 09:53:00,3002.06,3002.20,3000.71,3000.74,6742
RELIANCE,2024-06-19 09:54:00,3001.06,3001.82,2999.64,3001.35,4031
RELIANCE,2024-06-19 09:55:00,3001.37,3001.79,3001.13,3001.18,5435
RELIANCE,2024-06-19 09:56:00,3002.38,3002.75,3001.71,3001.88,7306
RELIANCE,2024-06-19 09:57:00,3001.42,3002.42,3001.19,3001.83,2095
RELIANCE,2024-06-19 09:58:00,3000.83,3000.88,3000.64,3000.88,8410
RELIANCE,2024-06-19 09:59:00,3002.04,3002.46,3001.02,3001.12,8963
RELIANCE,2024-06-19 10:00:00,3001.49,3001.53,3001.47,3001.49,6186
RELIANCE,2024-06-19 10:01:00,3001.14,3002.55,2999.96,3000.80,7631
RELIANCE,2024-06-19 10:02:00,3000.00,3001.04,2998.76,2999.94,1364
RELIANCE,2024-06-19 10:03:00,3000.99,3001.98,2999.50,3001.09,6087
RELIANCE,2024-06-19 10:04:00,3000.91,3001.32,2999.79,3000.14,7540
RELIANCE,2024-06-19 10:05:00,3000.50,3001.19,2999.96,2999.97,2791
RELIANCE,2024-06-19 10:06:00,2999.42,3000.21,2998.35,2998.38,8003
RELIANCE,2024-06-19 10:07:00,2999.62,3000.67,2998.37,2998.85,7959
RELIANCE,2024-06-19 10:08:00,2999.39,3000.23,2998.58,2999.84,8481
RELIANCE,2024-06-19 10:09:00,2999.93,3000.27,2999.54,3000.07,7465
RELIANCE,2024-06-19 10:10:00,3001.26,3001.89,3000.36,3000.50,7521
RELIANCE,2024-06-19 10:11:00,3000.74,3001.63,2999.36,3000.65,8876
RELIANCE,2024-06-19 10:12:00,2999.50,3000.83,2998.33,2998.81,3002
RELIANCE,2024-06-19 10:13:00,2998.79,2998.81,2998.13,2998.21,3191
RELIANCE,2024-06-19 10:14:00,2998.47,2998.85,2997.72,2997.97,8274
RELIANCE,2024-06-19 10:15:00,2997.96,2998.04,2997.51,2997.79,4484
RELIANCE,2024-06-19 10:16:00,2998.85,2999.29,2997.60,2998.32,7785
RELIANCE,2024-06-19 10:17:00,2997.58,2998.43,2996.18,2998.18,6051
RELIANCE,2024-06-19 10:18:00,2999.09,2999.72,2997.92,2998.14,6693
RELIANCE,2024-06-19 10:19:00,2997.85,2998.68,2996.75,2997.88,5938
RELIANCE,2024-06-19 10:20:00,2999.02,3000.33,2998.82,2998.90,5866
RELIANCE,2024-06-19 10:21:00,2998.78,2999.35,2998.34,2998.97,8192
RELIANCE,2024-06-19 10:22:00,2999.94,3000.12,2999.39,2999.66,6826
RELIANCE,2024-06-19 10:23:00,3000.09,3000.69,3000.07,3000.30,5269
RELIANCE,2024-06-19 10:24:00,2999.37,2999.67,2997.90,2998.29,7638
RELIANCE,2024-06-19 10:25:00,2997.95,2999.14,2997.76,2998.98,5010
RELIANCE,2024-06-19 10:26:00,2997.80,2998.54,2997.41,2997.98,8441
RELIANCE,2024-06-19 10:27:00,2997.08,2997.18,2996.19,2996.41,2863
RELIANCE,2024-06-19 10:28:00,2997.41,2998.14,2997.18,2997.65,7923
RELIANCE,2024-06-19 10:29:00,2997.00,2997.38,2996.80,2997.37,7019
RELIANCE,2024-06-19 10:30:00,2998.04,2998.33,2997.28,2997.29,3332
RELIANCE,2024-06-19 10:31:00,2996.32,2997.62,2995.49,2997.59,4607
RELIANCE,2024-06-19 10:32:00,2998.23,2998.93,2997.06,2998.43,5446
RELIANCE,2024-06-19 10:33:00,2999.39,2999.73,2998.07,2998.62,7608
RELIANCE,2024-06-19 10:34:00,2998.91,3000.02,2997.85,2998.19,3614
RELIANCE,2024-06-19 10:35:00,2997.63,2997.98,2997.48,2997.63,3597
RELIANCE,2024-06-19 10:36:00,2998.46,2999.53,2998.10,2999.22,7531
RELIANCE,2024-06-19 10:37:00,2998.41,2999.45,2998.10,2999.10,2388
RELIANCE,2024-06-19 10:38:00,2999.88,3000.18,2998.93,2999.13,8706
RELIANCE,2024-06-19 10:39:00,2998.43,2998.63,2997.96,2998.61,4069
RELIANCE,2024-06-19 10:40:00,2999.13,2999.92,2998.95,2999.41,1959
RELIANCE,2024-06-19 10:41:00,3000.34,3000.83,3000.08,3000.22,7091
RELIANCE,2024-06-19 10:42:00,3000.12,3001.07,2999.39,3000.10,6169
RELIANCE,2024-06-19 10:43:00,2999.40,2999.87,2998.89,2999.14,7501
RELIANCE,2024-06-19 10:44:00,2997.98,2998.28,2997.58,2997.65,8995
RELIANCE,2024-06-19 10:45:00,2998.81,2999.73,2997.83,2998.20,2664
RELIANCE,2024-06-19 10:46:00,2997.78,2998.05,2997.54,2997.77,1429
RELIANCE,2024-06-19 10:47:00,2997.06,2997.18,2996.16,2996.26,7887
RELIANCE,2024-06-19 10:48:00,2996.72,2997.94,2995.71,2996.44,7611
RELIANCE,2024-06-19 10:49:00,2997.08,2997.14,2996.02,2996.16,4096
RELIANCE,2024-06-19 10:50:00,2995.18,2996.13,2994.83,2996.02,2259
RELIANCE,2024-06-19 10:51:00,2997.05,2998.41,2995.96,2997.21,6297
RELIANCE,2024-06-19 10:52:00,2998.18,2998.98,2998.07,2998.93,8892
RELIANCE,2024-06-19 10:53:00,2998.82,3000.10,2997.34,2999.37,8032
RELIANCE,2024-06-19 10:54:00,3000.39,3001.01,2999.84,3000.74,6144
RELIANCE,2024-06-19 10:55:00,3001.41,3002.51,3000.04,3001.96,3447
RELIANCE,2024-06-19 10:56:00,3002.01,3002.75,3001.84,3002.54,4490
RELIANCE,2024-06-19 10:57:00,3003.56,3004.37,3002.40,3003.83,5258
RELIANCE,2024-06-19 10:58:00,3003.41,3003.88,3002.62,3003.80,1271
RELIANCE,2024-06-19 10:59:00,3005.02,3005.24,3003.87,3004.62,3633
RELIANCE,2024-06-19 11:00:00,3003.95,3005.07,3002.86,3004.68,1024
RELIANCE,2024-06-19 11:01:00,3005.68,3007.16,3005.39,3006.37,4974
RELIANCE,2024-06-19 11:02:00,3005.26,3005.50,3003.77,3003.87,8608
RELIANCE,2024-06-19 11:03:00,3004.73,3006.16,3003.98,3005.07,1504
RELIANCE,2024-06-19 11:04:00,3005.74,3006.48,3005.23,3005.77,1139
RELIANCE,2024-06-19 11:05:00,3006.18,3006.25,3004.72,3005.03,6684
RELIANCE,2024-06-19 11:06:00,3005.61,3005.84,3005.24,3005.27,6154
RELIANCE,2024-06-19 11:07:00,3004.51,3005.10,3004.41,3004.90,8955
RELIANCE,2024-06-19 11:08:00,3004.49,3005.76,3003.01,3003.49,7576
RELIANCE,2024-06-19 11:09:00,3004.10,3005.14,3003.94,3004.39,2005
RELIANCE,2024-06-19 11:10:00,3005.32,3005.84,3004.85,3005.26,7513
RELIANCE,2024-06-19 11:11:00,3006.11,3006.40,3005.32,3006.09,8691
RELIANCE,2024-06-19 11:12:00,3006.88,3007.53,3005.61,3005.71,8699
RELIANCE,2024-06-19 11:13:00,3004.92,3005.61,3003.51,3003.55,6725
RELIANCE,2024-06-19 11:14:00,3002.45,3002.57,3002.25,3002.38,6165
RELIANCE,2024-06-19 11:15:00,3003.27,3003.43,3002.24,3002.59,1440
RELIANCE,2024-06-19 11:16:00,3002.56,3002.75,3001.40,3001.97,4796
RELIANCE,2024-06-19 11:17:00,3001.13,3002.52,3001.05,3002.02,5375
RELIANCE,2024-06-19 11:18:00,3002.80,3003.91,3001.50,3002.70,7667
RELIANCE,2024-06-19 11:19:00,3002.90,3004.11,3002.52,3004.11,6902
RELIANCE,2024-06-19 11:20:00,3004.69,3005.76,3004.18,3004.95,3746
RELIANCE,2024-06-19 11:21:00,3006.17,3007.50,3005.05,3006.82,2375
RELIANCE,2024-06-19 11:22:00,3005.87,3006.19,3004.52,3005.42,1728
RELIANCE,2024-06-19 11:23:00,3004.47,3004.80,3003.32,3004.46,6692
RELIANCE,2024-06-19 11:24:00,3004.18,3004.55,3002.81,3003.65,2454
RELIANCE,2024-06-19 11:25:00,3003.53,3003.92,3002.43,3003.67,7091
RELIANCE,2024-06-19 11:26:00,3003.82,3004.89,3003.29,3003.95,7663
RELIANCE,2024-06-19 11:27:00,3004.05,3004.28,3002.78,3004.00,7370
RELIANCE,2024-06-19 11:28:00,3004.96,3006.19,3003.66,3004.65,8946
RELIANCE,2024-06-19 11:29:00,3004.96,3006.36,3004.32,3004.78,4885
RELIANCE,2024-06-19 11:30:00,3003.95,3004.69,3002.72,3003.13,2198
RELIANCE,2024-06-19 11:31:00,3003.68,3004.57,3003.65,3004.12,8103
RELIANCE,2024-06-19 11:32:00,3003.66,3004.46,3002.97,3003.14,8907
RELIANCE,2024-06-19 11:33:00,3002.03,3002.67,3001.73,3002.44,3409
RELIANCE,2024-06-19 11:34:00,3002.44,3002.85,3001.84,3002.80,2878
RELIANCE,2024-06-19 11:35:00,3002.41,3002.79,3001.44,3002.29,2750
RELIANCE,2024-06-19 11:36:00,3003.38,3003.54,3002.87,3003.01,5520
RELIANCE,2024-06-19 11:37:00,3004.08,3005.50,3002.59,3004.75,5660
RELIANCE,2024-06-19 11:38:00,3003.99,3004.22,3003.52,3003.85,3889
RELIANCE,2024-06-19 11:39:00,3003.72,3004.02,3002.91,3003.38,7627
RELIANCE,2024-06-19 11:40:00,3002.79,3002.86,3001.52,3001.77,3387
RELIANCE,2024-06-19 11:41:00,3000.89,3001.70,2999.66,3001.03,4831
RELIANCE,2024-06-19 11:42:00,3000.31,3000.91,2999.41,3000.29,3194
RELIANCE,2024-06-19 11:43:00,2999.22,3000.23,2998.62,2999.26,4099
RELIANCE,2024-06-19 11:44:00,2999.58,3000.65,2999.53,2999.87,3127
RELIANCE,2024-06-19 11:45:00,2999.73,3000.86,2998.98,2999.28,3194
RELIANCE,2024-06-19 11:46:00,2998.39,2999.34,2997.01,2998.07,3496
RELIANCE,2024-06-19 11:47:00,2997.75,2998.90,2996.88,2997.39,2026
RELIANCE,2024-06-19 11:48:00,2997.53,2997.84,2996.80,2997.48,1627
RELIANCE,2024-06-19 11:49:00,2998.30,2999.18,2997.93,2998.30,8058
RELIANCE,2024-06-19 11:50:00,2999.02,2999.66,2998.14,2998.19,7133
RELIANCE,2024-06-19 11:51:00,2997.26,2997.56,2996.07,2997.24,1716
RELIANCE,2024-06-19 11:52:00,2996.93,2997.60,2995.94,2996.35,6124
RELIANCE,2024-06-19 11:53:00,2996.59,2997.90,2995.48,2995.72,7302
RELIANCE,2024-06-19 11:54:00,2995.79,2997.02,2994.72,2996.09,4804
RELIANCE,2024-06-19 11:55:00,2996.76,2997.24,2996.28,2996.33,2909
RELIANCE,2024-06-19 11:56:00,2997.22,2998.00,2997.07,2997.54,2550
RELIANCE,2024-06-19 11:57:00,2998.18,2998.70,2997.42,2997.89,6959
RELIANCE,2024-06-19 11:58:00,2997.39,2998.84,2996.45,2996.89,5994
RELIANCE,2024-06-19 11:59:00,2996.16,2997.53,2995.79,2997.29,1434
RELIANCE,2024-06-19 12:00:00,2996.43,2997.45,2994.98,2995.15,7136
RELIANCE,2024-06-19 12:01:00,2994.21,2995.18,2993.27,2994.41,5772
RELIANCE,2024-06-19 12:02:00,2995.00,2996.36,2994.98,2995.19,1387
RELIANCE,2024-06-19 12:03:00,2996.02,2996.10,2994.59,2994.85,5976
RELIANCE,2024-06-19 12:04:00,2993.91,2994.86,2993.69,2994.46,2059
RELIANCE,2024-06-19 12:05:00,2995.13,2996.20,2994.32,2996.19,2169
RELIANCE,2024-06-19 12:06:00,2996.61,2998.11,2995.79,2996.06,6477
RELIANCE,2024-06-19 12:07:00,2996.68,2997.33,2995.22,2996.06,8388
RELIANCE,2024-06-19 12:08:00,2995.01,2995.83,2994.19,2995.70,7384
RELIANCE,2024-06-19 12:09:00,2996.23,2996.26,2995.36,2995.80,2372
RELIANCE,2024-06-19 12:10:00,2994.75,2996.24,2994.07,2994.37,2250
RELIANCE,2024-06-19 12:11:00,2994.90,2995.92,2994.81,2995.00,1573
RELIANCE,2024-06-19 12:12:00,2996.11,2997.26,2995.22,2995.80,6519
RELIANCE,2024-06-19 12:13:00,2994.75,2995.90,2993.98,2994.34,5114
RELIANCE,2024-06-19 12:14:00,2994.61,2995.94,2993.72,2994.31,6942
RELIANCE,2024-06-19 12:15:00,2993.70,2994.58,2993.06,2993.22,4315
RELIANCE,2024-06-19 12:16:00,2993.44,2994.14,2992.61,2992.90,2723
RELIANCE,2024-06-19 12:17:00,2991.76,2992.81,2990.45,2991.80,5136
RELIANCE,2024-06-19 12:18:00,2991.74,2992.86,2991.65,2992.24,1441
RELIANCE,2024-06-19 12:19:00,2991.53,2992.28,2990.57,2991.33,8583
RELIANCE,2024-06-19 12:20:00,2992.42,2992.87,2991.96,2992.02,4023
RELIANCE,2024-06-19 12:21:00,2992.38,2992.86,2992.22,2992.52,2685
RELIANCE,2024-06-19 12:22:00,2992.90,2993.54,2991.65,2992.50,2141
RELIANCE,2024-06-19 12:23:00,2992.73,2993.36,2991.76,2992.24,2775
RELIANCE,2024-06-19 12:24:00,2992.58,2993.60,2991.88,2993.00,4439
RELIANCE,2024-06-19 12:25:00,2991.95,2992.19,2990.85,2991.30,4127
RELIANCE,2024-06-19 12:26:00,2991.51,2992.02,2990.58,2991.99,4814
RELIANCE,2024-06-19 12:27:00,2991.96,2993.04,2991.56,2991.82,7640
RELIANCE,2024-06-19 12:28:00,2992.26,2992.71,2991.73,2992.52,3971
RELIANCE,2024-06-19 12:29:00,2992.61,2993.21,2992.07,2992.95,2078
RELIANCE,2024-06-19 12:30:00,2992.74,2992.79,2991.45,2992.64,4980
RELIANCE,2024-06-19 12:31:00,2992.07,2993.09,2990.69,2991.18,1558
RELIANCE,2024-06-19 12:32:00,2990.32,2991.70,2989.12,2990.48,6975
RELIANCE,2024-06-19 12:33:00,2989.41,2989.44,2988.15,2988.70,8656
RELIANCE,2024-06-19 12:34:00,2989.64,2990.35,2989.00,2989.87,2562
RELIANCE,2024-06-19 12:35:00,2990.13,2991.61,2989.36,2990.33,7462
RELIANCE,2024-06-19 12:36:00,2990.76,2991.52,2990.70,2990.83,3499
RELIANCE,2024-06-19 12:37:00,2991.56,2992.27,2991.24,2991.54,2594
RELIANCE,2024-06-19 12:38:00,2992.19,2993.68,2990.93,2991.46,5581
RELIANCE,2024-06-19 12:39:00,2990.97,2992.39,2990.73,2991.29,3512
RELIANCE,2024-06-19 12:40:00,2990.67,2991.67,2989.36,2990.94,6390
RELIANCE,2024-06-19 12:41:00,2992.07,2993.43,2991.67,2992.94,6909
RELIANCE,2024-06-19 12:42:00,2993.34,2993.34,2992.57,2993.20,2658
RELIANCE,2024-06-19 12:43:00,2993.92,2993.96,2993.54,2993.80,7855
RELIANCE,2024-06-19 12:44:00,2994.06,2995.33,2993.38,2995.13,6775
RELIANCE,2024-06-19 12:45:00,2996.01,2996.31,2995.33,2996.15,2278
RELIANCE,2024-06-19 12:46:00,2996.14,2996.21,2995.69,2996.13,8950
RELIANCE,2024-06-19 12:47:00,2995.28,2996.67,2994.41,2996.30,5910
RELIANCE,2024-06-19 12:48:00,2995.45,2996.66,2995.21,2995.99,3229
RELIANCE,2024-06-19 12:49:00,2995.18,2995.52,2993.70,2994.63,2500
RELIANCE,2024-06-19 12:50:00,2993.47,2993.76,2993.36,2993.69,6494
RELIANCE,2024-06-19 12:51:00,2994.62,2995.07,2993.14,2994.79,8366
RELIANCE,2024-06-19 12:52:00,2995.38,2996.28,2995.28,2995.33,2508
RELIANCE,2024-06-19 12:53:00,2994.90,2995.50,2994.57,2995.22,3101
RELIANCE,2024-06-19 12:54:00,2995.58,2995.88,2994.24,2995.75,7406
RELIANCE,2024-06-19 12:55:00,2996.19,2997.56,2995.56,2996.99,6892
RELIANCE,2024-06-19 12:56:00,2997.56,2997.58,2996.52,2996.99,5925
RELIANCE,2024-06-19 12:57:00,2997.71,2998.39,2996.65,2997.67,6053
RELIANCE,2024-06-19 12:58:00,2998.32,2999.52,2997.35,2998.40,4230
RELIANCE,2024-06-19 12:59:00,2999.44,3000.38,2998.30,2999.62,2195
RELIANCE,2024-06-19 13:00:00,2998.45,2998.54,2998.16,2998.37,3370
RELIANCE,2024-06-19 13:01:00,2998.87,2999.37,2998.40,2998.56,4390
RELIANCE,2024-06-19 13:02:00,2999.49,3000.30,2999.20,3000.07,4621
RELIANCE,2024-06-19 13:03:00,3000.66,3001.18,2999.25,2999.80,1209
RELIANCE,2024-06-19 13:04:00,2999.65,3000.15,2998.16,2999.00,5973
RELIANCE,2024-06-19 13:05:00,2998.88,2999.87,2997.86,2998.52,2596
RELIANCE,2024-06-19 13:06:00,2998.63,2999.93,2997.94,2999.08,2795
RELIANCE,2024-06-19 13:07:00,2998.94,2999.07,2998.15,2998.51,3421
RELIANCE,2024-06-19 13:08:00,2997.50,2998.65,2996.67,2998.51,2783
RELIANCE,2024-06-19 13:09:00,2999.74,3000.65,2998.26,2998.82,2809
RELIANCE,2024-06-19 13:10:00,2999.66,3000.52,2999.31,2999.78,2927
RELIANCE,2024-06-19 13:11:00,2999.81,3001.03,2998.65,2998.74,7279
RELIANCE,2024-06-19 13:12:00,2998.32,2999.63,2997.34,2998.77,2102
RELIANCE,2024-06-19 13:13:00,2999.77,3000.48,2999.21,2999.45,4481
RELIANCE,2024-06-19 13:14:00,3000.49,3001.76,2999.22,3000.42,1459
RELIANCE,2024-06-19 13:15:00,3000.20,3001.62,3000.12,3000.80,2403
RELIANCE,2024-06-19 13:16:00,3000.38,3000.46,2999.94,3000.38,2980
RELIANCE,2024-06-19 13:17:00,3000.73,3000.76,2999.74,3000.35,6820
RELIANCE,2024-06-19 13:18:00,3000.48,3000.53,2999.14,3000.25,1830
RELIANCE,2024-06-19 13:19:00,2999.50,3000.47,2998.80,3000.26,3390
RELIANCE,2024-06-19 13:20:00,2999.13,3000.19,2998.06,2998.45,1278
RELIANCE,2024-06-19 13:21:00,2998.39,2999.46,2998.30,2998.57,4284
RELIANCE,2024-06-19 13:22:00,2998.76,2998.94,2997.71,2998.60,5652
RELIANCE,2024-06-19 13:23:00,2997.56,2997.81,2996.44,2996.66,3630
RELIANCE,2024-06-19 13:24:00,2996.20,2996.65,2995.56,2996.12,1939
RELIANCE,2024-06-19 13:25:00,2997.33,2997.38,2996.73,2996.88,1474
RELIANCE,2024-06-19 13:26:00,2995.74,2996.23,2994.53,2995.77,4076
RELIANCE,2024-06-19 13:27:00,2996.28,2997.72,2996.14,2997.14,1266
RELIANCE,2024-06-19 13:28:00,2996.97,2997.79,2995.93,2996.31,7735
RELIANCE,2024-06-19 13:29:00,2995.40,2996.59,2994.67,2995.58,7687
RELIANCE,2024-06-19 13:30:00,2996.02,2996.47,2995.61,2995.93,7639
RELIANCE,2024-06-19 13:31:00,2994.96,2995.88,2993.63,2995.34,7311
RELIANCE,2024-06-19 13:32:00,2996.54,2997.52,2995.44,2996.16,1931
RELIANCE,2024-06-19 13:33:00,2996.14,2997.15,2995.53,2996.38,2446
RELIANCE,2024-06-19 13:34:00,2996.75,2997.99,2995.96,2996.98,6814
RELIANCE,2024-06-19 13:35:00,2996.26,2997.23,2995.55,2997.03,1159
RELIANCE,2024-06-19 13:36:00,2996.95,2997.84,2996.15,2996.69,6895
RELIANCE,2024-06-19 13:37:00,2996.75,2997.35,2996.74,2996.79,2870
RELIANCE,2024-06-19 13:38:00,2996.04,2997.15,2995.25,2997.04,5022
RELIANCE,2024-06-19 13:39:00,2997.55,2998.52,2997.09,2997.58,1105
RELIANCE,2024-06-19 13:40:00,2997.43,2997.83,2996.97,2997.54,5917
RELIANCE,2024-06-19 13:41:00,2997.55,2997.77,2997.06,2997.13,2559
RELIANCE,2024-06-19 13:42:00,2998.34,2998.82,2998.32,2998.59,7029
RELIANCE,2024-06-19 13:43:00,2997.54,2998.16,2997.10,2997.16,3423
RELIANCE,2024-06-19 13:44:00,2998.00,2998.73,2997.75,2997.98,3621
RELIANCE,2024-06-19 13:45:00,2998.99,2999.94,2998.32,2998.66,7436
RELIANCE,2024-06-19 13:46:00,2999.57,3000.47,2998.84,2999.63,5946
RELIANCE,2024-06-19 13:47:00,2999.60,2999.64,2999.24,2999.34,2660
RELIANCE,2024-06-19 13:48:00,3000.39,3001.31,2999.14,2999.41,8352
RELIANCE,2024-06-19 13:49:00,2998.95,2999.82,2998.66,2999.71,5222
RELIANCE,2024-06-19 13:50:00,2999.15,3000.57,2998.68,2999.53,4336
RELIANCE,2024-06-19 13:51:00,3000.07,3000.78,2999.21,2999.68,2249
RELIANCE,2024-06-19 13:52:00,2998.86,3000.35,2998.62,2999.78,6609
RELIANCE,2024-06-19 13:53:00,2999.04,2999.91,2998.27,2999.89,8399
RELIANCE,2024-06-19 13:54:00,2999.72,3000.95,2999.45,3000.85,2428
RELIANCE,2024-06-19 13:55:00,3001.99,3002.56,3001.05,3002.08,7526
RELIANCE,2024-06-19 13:56:00,3003.11,3003.51,3002.75,3003.32,8917
RELIANCE,2024-06-19 13:57:00,3003.58,3005.02,3003.09,3004.29,8052
RELIANCE,2024-06-19 13:58:00,3004.13,3005.31,3003.46,3004.27,8519
RELIANCE,2024-06-19 13:59:00,3003.85,3004.83,3003.80,3004.48,1982
RELIANCE,2024-06-19 14:00:00,3003.73,3004.62,3002.45,3002.62,8029
RELIANCE,2024-06-19 14:01:00,3003.74,3004.08,3003.61,3004.01,5832
RELIANCE,2024-06-19 14:02:00,3004.22,3005.12,3003.48,3004.07,2796
RELIANCE,2024-06-19 14:03:00,3005.00,3005.04,3004.78,3004.91,3219
RELIANCE,2024-06-19 14:04:00,3004.17,3005.67,3002.73,3003.86,8161
RELIANCE,2024-06-19 14:05:00,3002.97,3003.03,3002.51,3002.84,1044
RELIANCE,2024-06-19 14:06:00,3003.52,3004.03,3002.81,3002.92,2279
RELIANCE,2024-06-19 14:07:00,3002.86,3003.00,3001.93,3002.53,6051
RELIANCE,2024-06-19 14:08:00,3003.07,3003.50,3002.94,3003.31,3104
RELIANCE,2024-06-19 14:09:00,3004.35,3005.27,3003.35,3004.09,6985
RELIANCE,2024-06-19 14:10:00,3004.60,3005.25,3003.94,3004.73,2062
RELIANCE,2024-06-19 14:11:00,3005.79,3006.33,3005.56,3005.93,5381
RELIANCE,2024-06-19 14:12:00,3005.24,3006.69,3004.05,3004.64,4017
RELIANCE,2024-06-19 14:13:00,3005.41,3005.96,3005.10,3005.35,3284
RELIANCE,2024-06-19 14:14:00,3005.91,3007.07,3005.06,3005.55,1295
RELIANCE,2024-06-19 14:15:00,3004.36,3005.00,3003.12,3003.75,6726
RELIANCE,2024-06-19 14:16:00,3002.89,3003.55,3002.08,3002.30,2651
RELIANCE,2024-06-19 14:17:00,3002.16,3002.75,3000.77,3001.76,5873
RELIANCE,2024-06-19 14:18:00,3002.86,3004.21,3002.69,3003.56,4368
RELIANCE,2024-06-19 14:19:00,3003.26,3004.63,3002.99,3004.10,1534
RELIANCE,2024-06-19 14:20:00,3005.25,3005.68,3004.73,3005.63,2142
RELIANCE,2024-06-19 14:21:00,3005.95,3007.14,3005.40,3006.81,2145
RELIANCE,2024-06-19 14:22:00,3007.04,3008.47,3006.42,3006.51,4055
RELIANCE,2024-06-19 14:23:00,3006.10,3006.91,3005.94,3006.51,1452
RELIANCE,2024-06-19 14:24:00,3005.87,3006.40,3005.39,3006.07,6891
RELIANCE,2024-06-19 14:25:00,3004.98,3005.09,3004.56,3005.07,6456
RELIANCE,2024-06-19 14:26:00,3005.80,3006.07,3004.76,3004.86,6531
RELIANCE,2024-06-19 14:27:00,3004.52,3005.74,3003.34,3004.11,1388
RELIANCE,2024-06-19 14:28:00,3004.69,3006.11,3003.35,3005.14,6045
RELIANCE,2024-06-19 14:29:00,3004.42,3004.93,3003.90,3004.51,5413
RELIANCE,2024-06-19 14:30:00,3003.52,3003.66,3002.52,3003.01,2700
RELIANCE,2024-06-19 14:31:00,3002.64,3003.53,3001.90,3003.17,5338
RELIANCE,2024-06-19 14:32:00,3002.42,3003.91,3001.28,3003.63,3453
RELIANCE,2024-06-19 14:33:00,3003.39,3003.67,3002.97,3003.37,3422
RELIANCE,2024-06-19 14:34:00,3002.55,3002.68,3002.42,3002.60,1415
RELIANCE,2024-06-19 14:35:00,3002.02,3003.45,3001.47,3001.60,2054
RELIANCE,2024-06-19 14:36:00,3002.17,3003.61,3001.72,3002.48,7069
RELIANCE,2024-06-19 14:37:00,3002.61,3002.96,3001.21,3002.33,7369
RELIANCE,2024-06-19 14:38:00,3002.28,3002.50,3001.44,3001.86,8965
RELIANCE,2024-06-19 14:39:00,3002.53,3003.55,3001.38,3002.36,6737
RELIANCE,2024-06-19 14:40:00,3002.10,3003.10,3001.93,3002.34,8546
RELIANCE,2024-06-19 14:41:00,3001.29,3001.31,2999.94,3000.62,5554
RELIANCE,2024-06-19 14:42:00,3000.94,3001.83,3000.55,3001.68,4686
RELIANCE,2024-06-19 14:43:00,3002.45,3002.90,3001.51,3002.07,1890
RELIANCE,2024-06-19 14:44:00,3002.31,3003.47,3001.97,3002.04,7661
RELIANCE,2024-06-19 14:45:00,3000.97,3001.42,3000.42,3001.30,1514
RELIANCE,2024-06-19 14:46:00,3002.25,3003.21,3000.83,3002.15,8089
RELIANCE,2024-06-19 14:47:00,3002.57,3003.06,3001.92,3002.55,2881
RELIANCE,2024-06-19 14:48:00,3002.30,3002.41,3000.97,3001.07,8281
RELIANCE,2024-06-19 14:49:00,3000.63,3001.86,2999.98,3000.71,7084
RELIANCE,2024-06-19 14:50:00,3000.31,3000.67,2999.51,2999.83,5454
RELIANCE,2024-06-19 14:51:00,3000.27,3000.77,2999.17,2999.57,4451
RELIANCE,2024-06-19 14:52:00,3000.69,3001.30,3000.30,3001.02,8383
RELIANCE,2024-06-19 14:53:00,3000.84,3001.67,3000.20,3000.34,8851
RELIANCE,2024-06-19 14:54:00,2999.88,2999.93,2999.87,2999.90,6116
RELIANCE,2024-06-19 14:55:00,2999.30,3000.70,2999.18,3000.60,1266
RELIANCE,2024-06-19 14:56:00,2999.86,3000.68,2998.86,2998.91,8218
RELIANCE,2024-06-19 14:57:00,2999.17,3000.07,2998.85,2999.34,3549
RELIANCE,2024-06-19 14:58:00,2999.13,3000.00,2998.52,2999.27,1708
RELIANCE,2024-06-19 14:59:00,2998.56,2998.99,2997.43,2997.70,1540
RELIANCE,2024-06-19 15:00:00,2997.22,2998.41,2996.58,2996.79,5704
RELIANCE,2024-06-19 15:01:00,2997.32,2997.71,2997.19,2997.21,4855
RELIANCE,2024-06-19 15:02:00,2997.17,2998.38,2996.17,2996.84,2060
RELIANCE,2024-06-19 15:03:00,2996.78,2998.02,2996.67,2997.81,7542
RELIANCE,2024-06-19 15:04:00,2997.15,2998.32,2995.70,2996.96,8945
RELIANCE,2024-06-19 15:05:00,2995.88,2996.36,2995.86,2995.94,4295
RELIANCE,2024-06-19 15:06:00,2996.99,2997.77,2995.55,2995.91,4139
RELIANCE,2024-06-19 15:07:00,2996.19,2996.22,2996.07,2996.12,3823
RELIANCE,2024-06-19 15:08:00,2995.46,2996.11,2994.08,2994.56,1036
RELIANCE,2024-06-19 15:09:00,2993.70,2994.25,2993.54,2993.74,8088
RELIANCE,2024-06-19 15:10:00,2994.82,2996.30,2994.25,2994.87,2015
RELIANCE,2024-06-19 15:11:00,2994.53,2995.37,2993.06,2994.73,3543
RELIANCE,2024-06-19 15:12:00,2993.73,2994.95,2992.58,2992.60,5201
RELIANCE,2024-06-19 15:13:00,2991.70,2991.91,2991.28,2991.30,2851
RELIANCE,2024-06-19 15:14:00,2990.88,2991.67,2990.49,2991.56,1068
RELIANCE,2024-06-19 15:15:00,2992.55,2993.48,2991.22,2991.80,8637
RELIANCE,2024-06-19 15:16:00,2992.71,2993.20,2992.52,2992.83,1706
RELIANCE,2024-06-19 15:17:00,2993.90,2994.12,2992.56,2992.75,1943
RELIANCE,2024-06-19 15:18:00,2991.99,2992.77,2991.32,2992.02,6495
RELIANCE,2024-06-19 15:19:00,2992.55,2993.14,2991.69,2992.91,8403
RELIANCE,2024-06-19 15:20:00,2993.43,2993.66,2992.93,2993.15,8560
RELIANCE,2024-06-19 15:21:00,2992.29,2992.98,2991.20,2992.83,8720
RELIANCE,2024-06-19 15:22:00,2992.18,2993.14,2991.51,2992.93,7736
RELIANCE,2024-06-19 15:23:00,2992.03,2993.35,2991.80,2992.82,2859
RELIANCE,2024-06-19 15:24:00,2991.84,2992.44,2991.62,2992.12,5137
RELIANCE,2024-06-19 15:25:00,2991.61,2992.27,2991.41,2991.87,4037
RELIANCE,2024-06-19 15:26:00,2991.66,2992.37,2990.71,2991.87,6798
RELIANCE,2024-06-19 15:27:00,2991.18,2992.02,2989.96,2990.94,4677
RELIANCE,2024-06-19 15:28:00,2990.24,2990.53,2989.35,2990.08,1817
RELIANCE,2024-06-19 15:29:00,2991.30,2992.63,2991.02,2991.58,2193
TCS,2024-06-10 09:15:00,3850.58,3850.99,3850.00,3850.12,7898
TCS,2024-06-10 09:16:00,3849.01,3850.30,3847.76,3849.29,2660
TCS,2024-06-10 09:17:00,3849.07,3849.19,3848.92,3849.14,1000
TCS,2024-06-10 09:18:00,3848.09,3848.70,3846.69,3848.41,4434
TCS,2024-06-10 09:19:00,3847.29,3847.84,3845.83,3846.33,3539
TCS,2024-06-10 09:20:00,3846.72,3846.90,3845.42,3846.51,5389
TCS,2024-06-10 09:21:00,3847.26,3847.79,3847.26,3847.46,6673
TCS,2024-06-10 09:22:00,3847.80,3848.59,3846.47,3847.70,1292
TCS,2024-06-10 09:23:00,3847.99,3848.02,3846.62,3847.96,1255
TCS,2024-06-10 09:24:00,3849.08,3849.42,3847.61,3847.74,1407
TCS,2024-06-10 09:25:00,3848.67,3849.49,3847.25,3847.76,2605
TCS,2024-06-10 09:26:00,3848.24,3848.94,3847.12,3847.93,1097
TCS,2024-06-10 09:27:00,3848.57,3849.00,3848.23,3848.45,4238
TCS,2024-06-10 09:28:00,3847.54,3847.64,3847.35,3847.60,3923
TCS,2024-06-10 09:29:00,3846.88,3847.45,3845.45,3846.36,6890
TCS,2024-06-10 09:30:00,3846.87,3847.30,3846.04,3846.14,4309
TCS,2024-06-10 09:31:00,3846.51,3848.00,3846.10,3847.91,4985
TCS,2024-06-10 09:32:00,3848.33,3849.35,3848.24,3848.64,2444
TCS,2024-06-10 09:33:00,3847.64,3848.06,3846.91,3847.85,2524
TCS,2024-06-10 09:34:00,3848.10,3848.77,3846.85,3847.73,6330
TCS,2024-06-10 09:35:00,3848.28,3849.06,3847.01,3848.43,4143
TCS,2024-06-10 09:36:00,3849.26,3850.27,3849.12,3850.19,2480
TCS,2024-06-10 09:37:00,3850.21,3850.52,3849.78,3850.37,6614
TCS,2024-06-10 09:38:00,3849.77,3850.40,3848.43,3850.32,2824
TCS,2024-06-10 09:39:00,3849.43,3849.67,3849.34,3849.44,3928
TCS,2024-06-10 09:40:00,3850.58,3850.63,3849.55,3850.55,7718
TCS,2024-06-10 09:41:00,3850.63,3851.25,3849.76,3850.79,5596
TCS,2024-06-10 09:42:00,3851.71,3852.04,3851.19,3851.71,3484
TCS,2024-06-10 09:43:00,3851.45,3852.50,3851.16,3851.38,3669
TCS,2024-06-10 09:44:00,3851.17,3851.88,3849.86,3851.37,7343
TCS,2024-06-10 09:45:00,3850.31,3851.80,3849.90,3851.32,3416
TCS,2024-06-10 09:46:00,3850.67,3851.77,3849.37,3850.66,8282
TCS,2024-06-10 09:47:00,3850.91,3851.86,3850.65,3851.49,1105
TCS,2024-06-10 09:48:00,3850.84,3851.69,3850.18,3851.30,4263
TCS,2024-06-10 09:49:00,3851.48,3852.28,3851.43,3852.26,5897
TCS,2024-06-10 09:50:00,3852.81,3853.20,3852.06,3852.27,3816
TCS,2024-06-10 09:51:00,3852.10,3852.40,3850.63,3851.45,4815
TCS,2024-06-10 09:52:00,3851.05,3851.81,3849.70,3851.49,3422
TCS,2024-06-10 09:53:00,3851.85,3852.53,3851.21,3852.43,8839
TCS,2024-06-10 09:54:00,3853.04,3854.40,3852.44,3852.78,1745
TCS,2024-06-10 09:55:00,3853.71,3854.02,3853.58,3853.86,4026
TCS,2024-06-10 09:56:00,3852.86,3853.18,3852.03,3852.78,8721
TCS,2024-06-10 09:57:00,3851.96,3852.29,3851.34,3852.03,3692
TCS,2024-06-10 09:58:00,3850.92,3850.92,3850.75,3850.84,4741
TCS,2024-06-10 09:59:00,3851.52,3852.27,3851.43,3851.67,8840
TCS,2024-06-10 10:00:00,3852.19,3853.66,3851.07,3851.68,3830
TCS,2024-06-10 10:01:00,3852.39,3853.46,3851.91,3852.62,1216
TCS,2024-06-10 10:02:00,3852.46,3853.43,3851.51,3851.86,1779
TCS,2024-06-10 10:03:00,3852.34,3852.65,3852.17,3852.17,3728
TCS,2024-06-10 10:04:00,3851.42,3852.84,3851.15,3852.26,8290
TCS,2024-06-10 10:05:00,3852.38,3852.67,3851.71,3852.60,4667
TCS,2024-06-10 10:06:00,3852.97,3853.43,3852.77,3853.29,6946
TCS,2024-06-10 10:07:00,3853.79,3854.45,3853.51,3854.13,2558
TCS,2024-06-10 10:08:00,3853.61,3854.94,3852.98,3853.72,6114
TCS,2024-06-10 10:09:00,3853.99,3854.76,3853.06,3854.17,5934
TCS,2024-06-10 10:10:00,3853.21,3853.81,3851.90,3852.36,3774
TCS,2024-06-10 10:11:00,3853.30,3854.03,3852.86,3853.55,1382
TCS,2024-06-10 10:12:00,3853.52,3853.95,3852.39,3852.79,7722
TCS,2024-06-10 10:13:00,3852.08,3852.80,3851.17,3852.74,1879
TCS,2024-06-10 10:14:00,3852.10,3853.34,3850.70,3853.26,1621
TCS,2024-06-10 10:15:00,3852.99,3854.06,3852.36,3852.66,1582
TCS,2024-06-10 10:16:00,3853.11,3853.86,3851.64,3852.08,7383
TCS,2024-06-10 10:17:00,3852.75,3853.35,3852.20,3853.26,1621
TCS,2024-06-10 10:18:00,3852.94,3853.35,3852.64,3852.73,7859
TCS,2024-06-10 10:19:00,3853.84,3854.30,3853.36,3853.42,8303
TCS,2024-06-10 10:20:00,3852.34,3853.06,3850.97,3851.71,3860
TCS,2024-06-10 10:21:00,3850.58,3851.33,3849.31,3850.76,5120
TCS,2024-06-10 10:22:00,3851.02,3852.51,3850.48,3852.25,6798
TCS,2024-06-10 10:23:00,3852.53,3853.23,3852.34,3852.78,8916
TCS,2024-06-10 10:24:00,3853.36,3854.37,3852.57,3853.81,4174
TCS,2024-06-10 10:25:00,3853.83,3854.87,3853.53,3854.33,5109
TCS,2024-06-10 10:26:00,3854.13,3854.14,3853.78,3854.14,3029
TCS,2024-06-10 10:27:00,3853.22,3853.89,3853.14,3853.54,1794
TCS,2024-06-10 10:28:00,3853.46,3853.98,3852.08,3853.69,7138
TCS,2024-06-10 10:29:00,3854.83,3855.32,3854.61,3855.09,2994
TCS,2024-06-10 10:30:00,3855.51,3855.97,3855.44,3855.49,5273
TCS,2024-06-10 10:31:00,3854.84,3855.24,3854.72,3854.84,2792
TCS,2024-06-10 10:32:00,3853.73,3854.89,3853.17,3854.11,1584
TCS,2024-06-10 10:33:00,3854.26,3855.28,3853.34,3854.25,8000
TCS,2024-06-10 10:34:00,3853.68,3854.56,3852.43,3853.24,4555
TCS,2024-06-10 10:35:00,3854.20,3854.81,3852.94,3853.99,8625
TCS,2024-06-10 10:36:00,3853.10,3854.05,3852.07,3853.61,7710
TCS,2024-06-10 10:37:00,3854.75,3855.45,3854.21,3854.24,4151
TCS,2024-06-10 10:38:00,3854.05,3854.75,3853.08,3853.66,8072
TCS,2024-06-10 10:39:00,3854.76,3855.86,3854.01,3854.56,8703
TCS,2024-06-10 10:40:00,3853.59,3854.70,3852.40,3854.51,1427
TCS,2024-06-10 10:41:00,3855.00,3855.20,3854.51,3854.82,3076
TCS,2024-06-10 10:42:00,3854.28,3854.90,3853.73,3853.85,7502
TCS,2024-06-10 10:43:00,3854.59,3855.22,3854.17,3854.43,3590
TCS,2024-06-10 10:44:00,3855.55,3855.72,3854.74,3854.87,4242
TCS,2024-06-10 10:45:00,3855.07,3856.29,3853.98,3855.75,1198
TCS,2024-06-10 10:46:00,3855.54,3856.94,3854.74,3854.74,6012
TCS,2024-06-10 10:47:00,3855.80,3856.31,3855.57,3856.09,2517
TCS,2024-06-10 10:48:00,3856.07,3857.21,3854.78,3856.36,5220
TCS,2024-06-10 10:49:00,3856.79,3857.98,3855.34,3856.98,4493
TCS,2024-06-10 10:50:00,3856.08,3856.90,3854.84,3854.90,1190
TCS,2024-06-10 10:51:00,3855.41,3856.64,3854.37,3856.38,4718
TCS,2024-06-10 10:52:00,3857.10,3857.74,3856.40,3856.82,5334
TCS,2024-06-10 10:53:00,3856.30,3856.54,3855.02,3855.86,8880
TCS,2024-06-10 10:54:00,3856.30,3857.10,3855.66,3856.08,5358
TCS,2024-06-10 10:55:00,3855.50,3855.75,3854.71,3855.46,5701
TCS,2024-06-10 10:56:00,3856.38,3856.59,3855.58,3856.16,4293
TCS,2024-06-10 10:57:00,3857.22,3857.96,3856.07,3856.24,3516
TCS,2024-06-10 10:58:00,3856.09,3856.33,3854.67,3855.54,1779
TCS,2024-06-10 10:59:00,3854.41,3855.69,3854.35,3854.67,3479
TCS,2024-06-10 11:00:00,3853.91,3854.07,3853.09,3853.63,6853
TCS,2024-06-10 11:01:00,3853.25,3853.77,3853.08,3853.63,1250
TCS,2024-06-10 11:02:00,3854.56,3855.38,3853.85,3854.28,3725
TCS,2024-06-10 11:03:00,3853.83,3854.61,3853.04,3853.68,3908
TCS,2024-06-10 11:04:00,3853.47,3854.67,3852.71,3853.39,7929
TCS,2024-06-10 11:05:00,3854.23,3854.31,3853.93,3854.21,4272
TCS,2024-06-10 11:06:00,3854.25,3854.86,3853.17,3853.44,4890
TCS,2024-06-10 11:07:00,3853.78,3853.92,3853.41,3853.54,4470
TCS,2024-06-10 11:08:00,3854.27,3855.08,3853.29,3853.72,7324
TCS,2024-06-10 11:09:00,3852.85,3853.36,3852.07,3852.94,2969
TCS,2024-06-10 11:10:00,3853.65,3854.04,3852.50,3853.81,2360
TCS,2024-06-10 11:11:00,3853.26,3853.67,3853.19,3853.40,1639
TCS,2024-06-10 11:12:00,3854.11,3855.07,3853.53,3854.58,7648
TCS,2024-06-10 11:13:00,3854.37,3854.88,3854.36,3854.53,2582
TCS,2024-06-10 11:14:00,3855.44,3855.76,3854.74,3855.46,1130
TCS,2024-06-10 11:15:00,3854.86,3855.39,3854.05,3854.06,5062
TCS,2024-06-10 11:16:00,3854.91,3855.08,3853.83,3854.18,1685
TCS,2024-06-10 11:17:00,3854.69,3854.71,3854.25,3854.29,2601
TCS,2024-06-10 11:18:00,3854.18,3854.39,3852.69,3853.05,4634
TCS,2024-06-10 11:19:00,3852.02,3852.82,3850.78,3851.55,6324
TCS,2024-06-10 11:20:00,3851.26,3851.38,3850.61,3851.09,3958
TCS,2024-06-10 11:21:00,3851.59,3852.50,3850.99,3852.46,8014
TCS,2024-06-10 11:22:00,3853.26,3853.35,3852.63,3853.01,4136
TCS,2024-06-10 11:23:00,3854.22,3854.36,3853.64,3853.81,2064
TCS,2024-06-10 11:24:00,3853.63,3855.13,3853.05,3855.06,6513
TCS,2024-06-10 11:25:00,3856.00,3857.14,3855.78,3857.06,2211
TCS,2024-06-10 11:26:00,3857.02,3858.21,3855.71,3855.71,8653
TCS,2024-06-10 11:27:00,3854.81,3855.18,3854.23,3854.55,3459
TCS,2024-06-10 11:28:00,3854.41,3854.61,3853.15,3853.51,8380
TCS,2024-06-10 11:29:00,3854.29,3855.29,3853.54,3854.95,1074
TCS,2024-06-10 11:30:00,3854.62,3855.39,3854.27,3854.65,1904
TCS,2024-06-10 11:31:00,3855.82,3856.98,3854.97,3856.18,6268
TCS,2024-06-10 11:32:00,3855.36,3856.82,3854.40,3854.61,8084
TCS,2024-06-10 11:33:00,3854.89,3855.11,3854.57,3854.74,4047
TCS,2024-06-10 11:34:00,3853.88,3853.90,3853.74,3853.81,5530
TCS,2024-06-10 11:35:00,3853.16,3853.48,3852.90,3853.22,2207
TCS,2024-06-10 11:36:00,3852.91,3854.31,3851.74,3851.85,5842
TCS,2024-06-10 11:37:00,3851.34,3852.83,3851.10,3852.44,7630
TCS,2024-06-10 11:38:00,3851.96,3852.30,3851.44,3851.95,5608
TCS,2024-06-10 11:39:00,3852.11,3852.63,3851.57,3852.56,6298
TCS,2024-06-10 11:40:00,3852.13,3852.44,3851.52,3852.39,5907
TCS,2024-06-10 11:41:00,3852.68,3853.61,3851.91,3852.48,3527
TCS,2024-06-10 11:42:00,3853.40,3854.54,3853.32,3854.52,1133
TCS,2024-06-10 11:43:00,3853.53,3853.70,3852.93,3853.39,4108
TCS,2024-06-10 11:44:00,3854.02,3854.14,3853.05,3853.18,4478
TCS,2024-06-10 11:45:00,3852.36,3853.10,3851.35,3852.76,4335
TCS,2024-06-10 11:46:00,3851.79,3852.16,3850.62,3851.07,5745
TCS,2024-06-10 11:47:00,3852.31,3852.77,3850.85,3851.52,7099
TCS,2024-06-10 11:48:00,3850.92,3851.20,3849.43,3851.05,3637
TCS,2024-06-10 11:49:00,3850.37,3850.82,3849.09,3850.19,4700
TCS,2024-06-10 11:50:00,3849.25,3850.54,3848.92,3850.17,2043
TCS,2024-06-10 11:51:00,3850.77,3851.24,3850.52,3851.08,8843
TCS,2024-06-10 11:52:00,3849.97,3851.03,3848.69,3849.91,2930
TCS,2024-06-10 11:53:00,3849.96,3850.78,3849.51,3849.75,6948
TCS,2024-06-10 11:54:00,3850.42,3851.66,3849.68,3849.71,1193
TCS,2024-06-10 11:55:00,3850.36,3851.11,3849.17,3850.99,7357
TCS,2024-06-10 11:56:00,3850.87,3851.21,3850.19,3850.41,2163
TCS,2024-06-10 11:57:00,3850.37,3851.15,3849.10,3849.68,8958
TCS,2024-06-10 11:58:00,3849.37,3850.29,3848.38,3849.18,6968
TCS,2024-06-10 11:59:00,3849.44,3849.54,3848.08,3849.22,7108
TCS,2024-06-10 12:00:00,3848.52,3848.79,3847.85,3848.15,3250
TCS,2024-06-10 12:01:00,3847.39,3848.01,3847.09,3847.94,4860
TCS,2024-06-10 12:02:00,3848.99,3850.07,3848.81,3849.30,2873
TCS,2024-06-10 12:03:00,3848.94,3849.34,3848.81,3849.14,4360
TCS,2024-06-10 12:04:00,3848.74,3849.89,3847.88,3849.23,1995
TCS,2024-06-10 12:05:00,3849.48,3849.71,3849.16,3849.36,7657
TCS,2024-06-10 12:06:00,3849.90,3850.22,3848.63,3850.12,3704
TCS,2024-06-10 12:07:00,3851.10,3851.40,3850.22,3850.64,6190
TCS,2024-06-10 12:08:00,3851.08,3852.05,3849.67,3850.75,1856
TCS,2024-06-10 12:09:00,3849.82,3849.98,3848.52,3849.51,1287
TCS,2024-06-10 12:10:00,3850.69,3851.07,3850.39,3850.78,1174
TCS,2024-06-10 12:11:00,3851.50,3851.77,3850.48,3851.47,8217
TCS,2024-06-10 12:12:00,3850.75,3851.78,3849.61,3851.42,5476
TCS,2024-06-10 12:13:00,3852.00,3852.71,3851.19,3852.06,2600
TCS,2024-06-10 12:14:00,3852.27,3853.51,3851.90,3852.48,1088
TCS,2024-06-10 12:15:00,3851.82,3853.13,3850.43,3852.60,2146
TCS,2024-06-10 12:16:00,3851.68,3853.01,3851.19,3852.93,7045
TCS,2024-06-10 12:17:00,3852.69,3853.41,3852.00,3852.24,1330
TCS,2024-06-10 12:18:00,3851.51,3852.32,3851.11,3851.34,2788
TCS,2024-06-10 12:19:00,3850.21,3851.31,3850.18,3850.65,3136
TCS,2024-06-10 12:20:00,3849.88,3850.34,3849.32,3850.22,5305
TCS,2024-06-10 12:21:00,3849.64,3850.25,3848.59,3849.73,2473
TCS,2024-06-10 12:22:00,3849.61,3849.71,3849.15,3849.47,5939
TCS,2024-06-10 12:23:00,3849.33,3850.27,3848.82,3849.01,4520
TCS,2024-06-10 12:24:00,3847.82,3849.27,3846.72,3849.11,3608
TCS,2024-06-10 12:25:00,3848.19,3849.35,3848.15,3848.41,6885
TCS,2024-06-10 12:26:00,3847.88,3848.44,3847.22,3847.92,2520
TCS,2024-06-10 12:27:00,3849.11,3849.87,3848.10,3849.50,4956
TCS,2024-06-10 12:28:00,3848.87,3848.90,3847.61,3847.90,5158
TCS,2024-06-10 12:29:00,3847.25,3847.34,3847.02,3847.23,6969
TCS,2024-06-10 12:30:00,3846.61,3847.56,3845.52,3846.66,3928
TCS,2024-06-10 12:31:00,3846.68,3846.68,3845.70,3846.02,5026
TCS,2024-06-10 12:32:00,3846.66,3847.79,3846.01,3846.27,2423
TCS,2024-06-10 12:33:00,3846.94,3847.53,3845.62,3847.05,3025
TCS,2024-06-10 12:34:00,3846.21,3847.01,3845.91,3846.81,1516
TCS,2024-06-10 12:35:00,3846.86,3847.70,3846.55,3846.64,4575
TCS,2024-06-10 12:36:00,3847.75,3849.07,3846.91,3847.62,2579
TCS,2024-06-10 12:37:00,3846.54,3847.76,3845.19,3845.23,4459
TCS,2024-06-10 12:38:00,3844.49,3845.41,3843.90,3843.99,2215
TCS,2024-06-10 12:39:00,3845.15,3845.29,3843.83,3844.79,6222
TCS,2024-06-10 12:40:00,3843.60,3844.11,3842.70,3843.04,2087
TCS,2024-06-10 12:41:00,3843.64,3844.40,3843.47,3843.59,2818
TCS,2024-06-10 12:42:00,3844.81,3845.15,3844.76,3845.01,6681
TCS,2024-06-10 12:43:00,3845.30,3845.57,3844.48,3844.90,5070
TCS,2024-06-10 12:44:00,3844.38,3844.57,3844.17,3844.19,4506
TCS,2024-06-10 12:45:00,3845.18,3846.68,3844.99,3846.51,8589
TCS,2024-06-10 12:46:00,3846.89,3847.41,3845.68,3845.76,4424
TCS,2024-06-10 12:47:00,3844.70,3845.97,3843.72,3845.32,4079
TCS,2024-06-10 12:48:00,3844.98,3845.08,3843.72,3844.80,5803
TCS,2024-06-10 12:49:00,3845.00,3845.95,3844.89,3845.18,3106
TCS,2024-06-10 12:50:00,3844.77,3845.99,3843.99,3844.46,5791
TCS,2024-06-10 12:51:00,3845.34,3845.96,3844.97,3845.89,2458
TCS,2024-06-10 12:52:00,3846.38,3846.65,3845.05,3845.71,4430
TCS,2024-06-10 12:53:00,3845.35,3846.05,3845.16,3845.27,7841
TCS,2024-06-10 12:54:00,3845.27,3845.29,3844.62,3844.71,2629
TCS,2024-06-10 12:55:00,3844.45,3844.99,3844.06,3844.65,7423
TCS,2024-06-10 12:56:00,3845.01,3845.77,3845.01,3845.34,6752
TCS,2024-06-10 12:57:00,3844.85,3845.32,3844.83,3845.12,6234
TCS,2024-06-10 12:58:00,3844.85,3845.52,3843.62,3844.45,5448
TCS,2024-06-10 12:59:00,3844.94,3845.27,3843.50,3844.47,2151
TCS,2024-06-10 13:00:00,3843.52,3844.08,3843.23,3843.89,6498
TCS,2024-06-10 13:01:00,3844.14,3845.22,3843.24,3844.29,4128
TCS,2024-06-10 13:02:00,3844.01,3844.56,3843.21,3843.77,8982
TCS,2024-06-10 13:03:00,3844.35,3844.36,3844.04,3844.05,4760
TCS,2024-06-10 13:04:00,3845.17,3845.71,3844.78,3845.34,4266
TCS,2024-06-10 13:05:00,3844.31,3844.70,3842.94,3844.13,1773
TCS,2024-06-10 13:06:00,3843.89,3845.13,3842.68,3843.79,4309
TCS,2024-06-10 13:07:00,3844.91,3845.34,3843.51,3843.70,6959
TCS,2024-06-10 13:08:00,3844.14,3845.48,3843.60,3844.04,7099
TCS,2024-06-10 13:09:00,3845.03,3845.61,3844.28,3845.44,6935
TCS,2024-06-10 13:10:00,3845.97,3846.25,3845.25,3846.02,3848
TCS,2024-06-10 13:11:00,3846.93,3848.35,3845.68,3847.74,6498
TCS,2024-06-10 13:12:00,3848.76,3849.32,3847.99,3848.59,8008
TCS,2024-06-10 13:13:00,3849.65,3851.13,3848.86,3851.01,8576
TCS,2024-06-10 13:14:00,3851.63,3851.91,3850.40,3851.89,3760
TCS,2024-06-10 13:15:00,3851.58,3852.08,3851.12,3851.98,5965
TCS,2024-06-10 13:16:00,3850.78,3852.08,3850.28,3851.76,7998
TCS,2024-06-10 13:17:00,3852.85,3853.96,3851.74,3852.54,5175
TCS,2024-06-10 13:18:00,3853.65,3855.03,3852.33,3853.20,8543
TCS,2024-06-10 13:19:00,3854.10,3855.13,3853.82,3854.65,5660
TCS,2024-06-10 13:20:00,3855.79,3856.29,3855.69,3855.78,8235
TCS,2024-06-10 13:21:00,3856.28,3857.77,3855.83,3857.68,2822
TCS,2024-06-10 13:22:00,3858.77,3859.19,3858.47,3858.82,4918
TCS,2024-06-10 13:23:00,3859.01,3860.40,3858.50,3858.77,2118
TCS,2024-06-10 13:24:00,3858.37,3858.97,3857.02,3858.46,6966
TCS,2024-06-10 13:25:00,3857.92,3857.93,3857.33,3857.53,6215
TCS,2024-06-10 13:26:00,3858.41,3858.67,3857.36,3857.98,8735
TCS,2024-06-10 13:27:00,3858.14,3858.98,3856.65,3857.90,6917
TCS,2024-06-10 13:28:00,3857.31,3857.62,3856.84,3857.01,6126
TCS,2024-06-10 13:29:00,3856.38,3857.65,3856.26,3856.95,7271
TCS,2024-06-10 13:30:00,3857.04,3857.96,3856.25,3857.07,3791
TCS,2024-06-10 13:31:00,3857.85,3858.84,3856.39,3858.44,7020
TCS,2024-06-10 13:32:00,3858.58,3859.58,3857.10,3858.55,7637
TCS,2024-06-10 13:33:00,3858.13,3859.04,3857.26,3858.06,4763
TCS,2024-06-10 13:34:00,3858.88,3859.74,3858.13,3859.49,8137
TCS,2024-06-10 13:35:00,3859.46,3859.98,3859.00,3859.93,3746
TCS,2024-06-10 13:36:00,3859.90,3860.68,3859.42,3860.23,5789
TCS,2024-06-10 13:37:00,3860.33,3860.49,3860.29,3860.42,1016
TCS,2024-06-10 13:38:00,3859.49,3860.40,3859.20,3859.32,5259
TCS,2024-06-10 13:39:00,3858.24,3858.48,3857.74,3858.22,6774
TCS,2024-06-10 13:40:00,3859.35,3860.04,3859.21,3859.42,6698
TCS,2024-06-10 13:41:00,3859.85,3860.38,3858.94,3859.19,4254
TCS,2024-06-10 13:42:00,3858.66,3859.30,3858.48,3859.25,2237
TCS,2024-06-10 13:43:00,3859.28,3860.23,3858.13,3858.88,3196
TCS,2024-06-10 13:44:00,3859.58,3860.56,3858.82,3860.27,5553
TCS,2024-06-10 13:45:00,3860.38,3860.87,3859.16,3860.26,3231
TCS,2024-06-10 13:46:00,3861.26,3862.54,3861.17,3861.41,2932
TCS,2024-06-10 13:47:00,3861.86,3862.41,3861.63,3861.73,7635
TCS,2024-06-10 13:48:00,3862.65,3863.87,3862.13,3863.56,3133
TCS,2024-06-10 13:49:00,3864.41,3865.15,3863.11,3864.02,6721
TCS,2024-06-10 13:50:00,3864.83,3865.98,3864.03,3865.08,3394
TCS,2024-06-10 13:51:00,3864.55,3865.25,3864.11,3865.02,2738
TCS,2024-06-10 13:52:00,3864.94,3865.64,3864.06,3864.66,8604
TCS,2024-06-10 13:53:00,3864.15,3864.83,3862.83,3863.07,6590
TCS,2024-06-10 13:54:00,3862.62,3862.80,3861.59,3861.74,7753
TCS,2024-06-10 13:55:00,3862.33,3862.52,3862.04,3862.18,3187
TCS,2024-06-10 13:56:00,3863.16,3864.33,3862.15,3862.72,1734
TCS,2024-06-10 13:57:00,3862.22,3862.75,3861.01,3861.79,6720
TCS,2024-06-10 13:58:00,3862.91,3863.48,3862.36,3863.32,7483
TCS,2024-06-10 13:59:00,3862.30,3862.92,3861.39,3861.90,4215
TCS,2024-06-10 14:00:00,3862.66,3862.97,3861.85,3862.69,6898
TCS,2024-06-10 14:01:00,3862.81,3863.00,3861.43,3861.58,6040
TCS,2024-06-10 14:02:00,3862.39,3863.24,3861.46,3861.86,7461
TCS,2024-06-10 14:03:00,3862.27,3862.32,3860.79,3861.43,6814
TCS,2024-06-10 14:04:00,3862.34,3862.69,3861.78,3861.97,1281
TCS,2024-06-10 14:05:00,3861.52,3862.38,3860.42,3861.16,7711
TCS,2024-06-10 14:06:00,3860.22,3861.60,3859.27,3860.48,3242
TCS,2024-06-10 14:07:00,3861.44,3862.34,3860.90,3861.54,7634
TCS,2024-06-10 14:08:00,3862.60,3863.20,3861.32,3861.45,6804
TCS,2024-06-10 14:09:00,3860.25,3861.22,3860.12,3860.67,4957
TCS,2024-06-10 14:10:00,3861.66,3862.85,3860.91,3861.13,5261
TCS,2024-06-10 14:11:00,3862.16,3862.53,3860.96,3861.03,7845
TCS,2024-06-10 14:12:00,3862.15,3863.03,3862.12,3862.77,6116
TCS,2024-06-10 14:13:00,3862.80,3863.56,3861.37,3861.94,3816
TCS,2024-06-10 14:14:00,3862.40,3863.55,3861.91,3862.17,3243
TCS,2024-06-10 14:15:00,3862.83,3864.00,3862.26,3863.51,3807
TCS,2024-06-10 14:16:00,3862.35,3862.69,3861.41,3861.98,1679
TCS,2024-06-10 14:17:00,3860.95,3861.23,3859.60,3859.70,5516
TCS,2024-06-10 14:18:00,3860.07,3861.08,3859.44,3859.51,5381
TCS,2024-06-10 14:19:00,3858.69,3859.72,3858.46,3859.00,8845
TCS,2024-06-10 14:20:00,3857.94,3858.67,3857.50,3858.62,4787
TCS,2024-06-10 14:21:00,3859.62,3860.03,3859.10,3859.42,6190
TCS,2024-06-10 14:22:00,3858.56,3859.35,3857.18,3858.36,8619
TCS,2024-06-10 14:23:00,3857.49,3858.47,3856.51,3856.52,4545
TCS,2024-06-10 14:24:00,3855.58,3856.51,3854.64,3855.22,3108
TCS,2024-06-10 14:25:00,3854.52,3855.11,3854.30,3855.03,5802
TCS,2024-06-10 14:26:00,3855.08,3855.30,3853.84,3854.74,5933
TCS,2024-06-10 14:27:00,3854.20,3854.96,3853.26,3854.58,3011
TCS,2024-06-10 14:28:00,3853.80,3854.16,3852.56,3854.08,5542
TCS,2024-06-10 14:29:00,3854.17,3854.31,3853.22,3854.08,4142
TCS,2024-06-10 14:30:00,3854.07,3854.44,3853.00,3853.19,4992
TCS,2024-06-10 14:31:00,3854.05,3855.08,3853.53,3853.62,6547
TCS,2024-06-10 14:32:00,3853.52,3854.41,3853.01,3853.34,2038
TCS,2024-06-10 14:33:00,3852.29,3853.01,3851.78,3852.20,3109
TCS,2024-06-10 14:34:00,3851.45,3852.87,3851.32,3852.60,5555
TCS,2024-06-10 14:35:00,3853.11,3853.45,3852.10,3852.58,2467
TCS,2024-06-10 14:36:00,3852.73,3852.85,3851.26,3851.88,8583
TCS,2024-06-10 14:37:00,3852.66,3852.90,3851.47,3852.11,5927
TCS,2024-06-10 14:38:00,3851.83,3852.76,3851.37,3851.71,8485
TCS,2024-06-10 14:39:00,3850.82,3851.81,3849.76,3850.61,4529
TCS,2024-06-10 14:40:00,3851.22,3851.64,3850.75,3851.11,1454
TCS,2024-06-10 14:41:00,3850.11,3850.28,3849.08,3849.24,2474
TCS,2024-06-10 14:42:00,3848.84,3849.17,3848.46,3848.62,8257
TCS,2024-06-10 14:43:00,3849.33,3849.90,3848.69,3849.70,4851
TCS,2024-06-10 14:44:00,3849.97,3850.23,3848.95,3848.95,1255
TCS,2024-06-10 14:45:00,3849.56,3849.88,3848.92,3849.79,7337
TCS,2024-06-10 14:46:00,3849.49,3850.29,3849.21,3850.24,2500
TCS,2024-06-10 14:47:00,3850.46,3850.69,3850.37,3850.54,8514
TCS,2024-06-10 14:48:00,3850.57,3852.01,3849.50,3851.19,2234
TCS,2024-06-10 14:49:00,3852.16,3852.61,3851.08,3852.21,4534
TCS,2024-06-10 14:50:00,3851.39,3851.92,3849.94,3851.04,4521
TCS,2024-06-10 14:51:00,3851.87,3852.98,3851.53,3852.49,5189
TCS,2024-06-10 14:52:00,3852.54,3852.87,3851.73,3852.34,6618
TCS,2024-06-10 14:53:00,3851.92,3852.47,3851.68,3852.18,7721
TCS,2024-06-10 14:54:00,3852.29,3853.22,3851.60,3852.44,1215
TCS,2024-06-10 14:55:00,3851.39,3851.45,3850.27,3850.43,3308
TCS,2024-06-10 14:56:00,3849.34,3849.52,3848.76,3848.84,7473
TCS,2024-06-10 14:57:00,3848.19,3849.21,3847.23,3849.11,3750
TCS,2024-06-10 14:58:00,3848.06,3848.69,3847.30,3847.87,2067
TCS,2024-06-10 14:59:00,3847.42,3848.06,3847.35,3847.42,7750
TCS,2024-06-10 15:00:00,3847.30,3848.52,3846.43,3848.19,3498
TCS,2024-06-10 15:01:00,3847.95,3848.35,3847.26,3847.56,8738
TCS,2024-06-10 15:02:00,3847.43,3848.20,3847.37,3847.82,5258
TCS,2024-06-10 15:03:00,3848.44,3849.60,3847.06,3848.38,7121
TCS,2024-06-10 15:04:00,3848.90,3849.48,3848.13,3849.00,7042
TCS,2024-06-10 15:05:00,3849.63,3850.20,3849.08,3850.02,8594
TCS,2024-06-10 15:06:00,3849.21,3850.57,3849.14,3849.26,7094
TCS,2024-06-10 15:07:00,3848.89,3849.30,3848.46,3849.04,4792
TCS,2024-06-10 15:08:00,3848.51,3849.10,3847.40,3848.24,1597
TCS,2024-06-10 15:09:00,3847.46,3848.26,3847.38,3847.74,2664
TCS,2024-06-10 15:10:00,3848.75,3849.29,3847.52,3849.25,7936
TCS,2024-06-10 15:11:00,3848.09,3849.36,3846.67,3846.69,5627
TCS,2024-06-10 15:12:00,3846.44,3847.70,3845.56,3847.11,7307
TCS,2024-06-10 15:13:00,3848.08,3848.30,3846.59,3848.27,6276
TCS,2024-06-10 15:14:00,3848.56,3849.93,3848.53,3849.13,8826
TCS,2024-06-10 15:15:00,3849.09,3850.58,3848.03,3849.20,3581
TCS,2024-06-10 15:16:00,3849.82,3851.17,3849.76,3851.16,6288
TCS,2024-06-10 15:17:00,3851.36,3851.97,3850.47,3851.09,5079
TCS,2024-06-10 15:18:00,3849.90,3850.88,3849.62,3850.26,4435
TCS,2024-06-10 15:19:00,3850.92,3851.37,3850.68,3850.90,2139
TCS,2024-06-10 15:20:00,3851.01,3852.37,3850.10,3851.13,7065
TCS,2024-06-10 15:21:00,3850.25,3851.41,3849.39,3849.68,1025
TCS,2024-06-10 15:22:00,3850.33,3851.77,3848.86,3851.14,8611
TCS,2024-06-10 15:23:00,3850.41,3851.34,3849.64,3850.35,1858
TCS,2024-06-10 15:24:00,3850.71,3850.94,3850.30,3850.79,8918
TCS,2024-06-10 15:25:00,3851.46,3851.49,3850.43,3850.85,6886
TCS,2024-06-10 15:26:00,3850.11,3850.69,3849.11,3850.39,7814
TCS,2024-06-10 15:27:00,3851.11,3852.19,3850.74,3851.19,3060
TCS,2024-06-10 15:28:00,3850.12,3850.89,3849.93,3850.56,4342
TCS,2024-06-10 15:29:00,3851.68,3853.08,3850.35,3852.87,2040
TCS,2024-06-11 09:15:00,3851.87,3852.62,3851.12,3852.39,1217
TCS,2024-06-11 09:16:00,3853.24,3854.66,3853.03,3854.43,5813
TCS,2024-06-11 09:17:00,3854.86,3855.22,3854.28,3855.00,5555
TCS,2024-06-11 09:18:00,3855.11,3855.94,3854.54,3855.56,7088
TCS,2024-06-11 09:19:00,3854.93,3855.38,3854.42,3855.25,1681
TCS,2024-06-11 09:20:00,3855.70,3856.45,3854.30,3854.95,6642
TCS,2024-06-11 09:21:00,3856.03,3857.12,3855.63,3855.83,5488
TCS,2024-06-11 09:22:00,3855.07,3855.34,3854.68,3854.93,2756
TCS,2024-06-11 09:23:00,3856.08,3857.51,3855.82,3857.18,5839
TCS,2024-06-11 09:24:00,3857.69,3858.57,3857.37,3857.75,6526
TCS,2024-06-11 09:25:00,3857.93,3858.67,3857.89,3858.48,1857
TCS,2024-06-11 09:26:00,3859.24,3860.67,3857.83,3859.07,1729
TCS,2024-06-11 09:27:00,3859.55,3860.49,3858.43,3860.12,4969
TCS,2024-06-11 09:28:00,3859.21,3859.55,3858.48,3859.47,4246
TCS,2024-06-11 09:29:00,3859.52,3860.06,3858.79,3859.43,8511
TCS,2024-06-11 09:30:00,3860.21,3860.89,3858.95,3859.15,3767
TCS,2024-06-11 09:31:00,3859.50,3860.15,3858.68,3859.85,2326
TCS,2024-06-11 09:32:00,3858.77,3859.43,3858.19,3859.06,2934
TCS,2024-06-11 09:33:00,3858.19,3859.09,3856.73,3859.07,3056
TCS,2024-06-11 09:34:00,3858.71,3858.80,3858.65,3858.79,6213
TCS,2024-06-11 09:35:00,3859.09,3859.29,3858.80,3858.96,1278
TCS,2024-06-11 09:36:00,3859.26,3859.51,3858.63,3859.46,6728
TCS,2024-06-11 09:37:00,3859.63,3861.13,3859.17,3859.31,7246
TCS,2024-06-11 09:38:00,3860.54,3861.61,3859.21,3861.49,4145
TCS,2024-06-11 09:39:00,3860.53,3861.61,3859.49,3860.69,6038
TCS,2024-06-11 09:40:00,3861.18,3862.53,3860.00,3861.04,5990
TCS,2024-06-11 09:41:00,3861.91,3862.41,3861.07,3861.59,2403
TCS,2024-06-11 09:42:00,3861.83,3862.11,3861.41,3861.78,6657
TCS,2024-06-11 09:43:00,3860.99,3862.11,3860.34,3860.87,4999
TCS,2024-06-11 09:44:00,3861.79,3862.27,3861.02,3861.03,3910
TCS,2024-06-11 09:45:00,3860.43,3860.57,3859.33,3860.33,7520
TCS,2024-06-11 09:46:00,3860.98,3862.12,3860.94,3861.57,6139
TCS,2024-06-11 09:47:00,3862.68,3863.96,3861.26,3862.75,6818
TCS,2024-06-11 09:48:00,3862.91,3863.05,3861.48,3862.18,3530
TCS,2024-06-11 09:49:00,3863.28,3863.51,3862.66,3863.44,8593
TCS,2024-06-11 09:50:00,3864.08,3865.35,3862.76,3864.73,6715
TCS,2024-06-11 09:51:00,3863.79,3864.48,3863.77,3864.08,2592
TCS,2024-06-11 09:52:00,3864.85,3865.32,3863.96,3864.81,7301
TCS,2024-06-11 09:53:00,3865.90,3866.36,3865.40,3865.80,3078
TCS,2024-06-11 09:54:00,3864.87,3865.34,3864.77,3865.12,7002
TCS,2024-06-11 09:55:00,3864.64,3865.06,3863.50,3863.64,5845
TCS,2024-06-11 09:56:00,3862.79,3863.10,3861.65,3862.97,2278
TCS,2024-06-11 09:57:00,3862.29,3863.27,3861.53,3862.09,3980
TCS,2024-06-11 09:58:00,3861.46,3862.43,3860.52,3862.11,8537
TCS,2024-06-11 09:59:00,3862.53,3862.58,3862.17,3862.42,2240
TCS,2024-06-11 10:00:00,3863.27,3864.01,3861.86,3863.93,2615
TCS,2024-06-11 10:01:00,3864.60,3864.78,3863.39,3864.04,8419
TCS,2024-06-11 10:02:00,3864.06,3864.37,3863.43,3863.99,7165
TCS,2024-06-11 10:03:00,3863.74,3863.82,3862.31,3863.16,5023
TCS,2024-06-11 10:04:00,3863.85,3864.26,3862.74,3863.09,3484
TCS,2024-06-11 10:05:00,3862.30,3862.53,3862.04,3862.40,6003
TCS,2024-06-11 10:06:00,3861.26,3861.97,3860.45,3860.64,4055
TCS,2024-06-11 10:07:00,3860.30,3861.21,3859.94,3860.46,3934
TCS,2024-06-11 10:08:00,3861.46,3861.90,3860.34,3860.58,5782
TCS,2024-06-11 10:09:00,3861.01,3861.82,3860.34,3860.83,7003
TCS,2024-06-11 10:10:00,3860.01,3861.46,3859.55,3861.18,2347
TCS,2024-06-11 10:11:00,3861.08,3862.55,3860.90,3861.37,2542
TCS,2024-06-11 10:12:00,3862.11,3863.20,3861.47,3861.87,6212
TCS,2024-06-11 10:13:00,3862.76,3863.14,3862.73,3863.13,6055
TCS,2024-06-11 10:14:00,3863.06,3863.50,3862.26,3863.09,5914
TCS,2024-06-11 10:15:00,3864.09,3864.68,3863.18,3863.31,3335
TCS,2024-06-11 10:16:00,3863.06,3863.39,3863.00,3863.17,8202
TCS,2024-06-11 10:17:00,3862.50,3863.94,3861.50,3863.69,8250
TCS,2024-06-11 10:18:00,3864.82,3866.02,3864.69,3864.72,6462
TCS,2024-06-11 10:19:00,3864.40,3864.65,3863.99,3864.42,2093
TCS,2024-06-11 10:20:00,3863.94,3864.89,3862.46,3864.33,7896
TCS,2024-06-11 10:21:00,3863.62,3863.62,3862.82,3863.61,2246
TCS,2024-06-11 10:22:00,3864.19,3865.65,3863.38,3865.23,2805
TCS,2024-06-11 10:23:00,3865.82,3865.98,3864.35,3865.63,1889
TCS,2024-06-11 10:24:00,3865.48,3866.21,3865.04,3865.96,2591
TCS,2024-06-11 10:25:00,3867.04,3867.99,3866.27,3866.34,4971
TCS,2024-06-11 10:26:00,3865.88,3867.11,3865.41,3866.86,7535
TCS,2024-06-11 10:27:00,3866.56,3866.71,3866.18,3866.62,5236
TCS,2024-06-11 10:28:00,3867.08,3868.27,3867.07,3867.33,8061
TCS,2024-06-11 10:29:00,3866.47,3866.95,3866.30,3866.87,6828
TCS,2024-06-11 10:30:00,3866.74,3868.15,3865.79,3866.15,1344
TCS,2024-06-11 10:31:00,3865.38,3866.07,3864.41,3865.15,5332
TCS,2024-06-11 10:32:00,3865.89,3866.00,3865.53,3865.76,6467
TCS,2024-06-11 10:33:00,3865.29,3865.91,3864.12,3864.40,4873
TCS,2024-06-11 10:34:00,3864.18,3865.50,3863.69,3865.27,3281
TCS,2024-06-11 10:35:00,3866.43,3867.50,3866.08,3867.12,5109
TCS,2024-06-11 10:36:00,3867.21,3868.36,3866.44,3866.92,2935
TCS,2024-06-11 10:37:00,3866.72,3868.18,3865.39,3866.93,6464
TCS,2024-06-11 10:38:00,3866.71,3868.18,3865.54,3868.14,7303
TCS,2024-06-11 10:39:00,3867.47,3867.81,3867.07,3867.37,3429
TCS,2024-06-11 10:40:00,3868.21,3869.65,3867.11,3868.64,5957
TCS,2024-06-11 10:41:00,3869.39,3870.57,3868.74,3869.88,1210
TCS,2024-06-11 10:42:00,3868.85,3869.96,3867.50,3868.04,4451
TCS,2024-06-11 10:43:00,3867.85,3868.30,3866.59,3867.89,2297
TCS,2024-06-11 10:44:00,3868.09,3869.42,3868.05,3869.28,1995
TCS,2024-06-11 10:45:00,3869.15,3870.58,3869.08,3870.44,6845
TCS,2024-06-11 10:46:00,3870.84,3871.61,3869.98,3871.07,2599
TCS,2024-06-11 10:47:00,3870.59,3870.71,3870.07,3870.71,7928
TCS,2024-06-11 10:48:00,3871.35,3871.98,3870.02,3870.25,2560
TCS,2024-06-11 10:49:00,3871.09,3872.54,3869.67,3870.65,8777
TCS,2024-06-11 10:50:00,3871.04,3872.20,3870.02,3872.01,8175
TCS,2024-06-11 10:51:00,3872.94,3874.11,3872.84,3873.99,7818
TCS,2024-06-11 10:52:00,3872.92,3873.59,3871.69,3872.06,2292
TCS,2024-06-11 10:53:00,3872.72,3872.90,3872.56,3872.71,1283
TCS,2024-06-11 10:54:00,3871.68,3872.64,3870.94,3871.98,3665
TCS,2024-06-11 10:55:00,3871.85,3871.87,3870.39,3871.77,1507
TCS,2024-06-11 10:56:00,3872.66,3873.31,3872.03,3872.76,1465
TCS,2024-06-11 10:57:00,3873.21,3874.25,3872.26,3873.28,5579
TCS,2024-06-11 10:58:00,3872.38,3872.70,3871.38,3872.10,4322
TCS,2024-06-11 10:59:00,3871.27,3872.42,3869.97,3871.17,5353
TCS,2024-06-11 11:00:00,3870.13,3870.48,3870.09,3870.18,2627
TCS,2024-06-11 11:01:00,3870.11,3871.58,3869.78,3870.48,4356
TCS,2024-06-11 11:02:00,3871.29,3872.13,3870.15,3871.40,1068
TCS,2024-06-11 11:03:00,3871.64,3871.89,3871.41,3871.52,3793
TCS,2024-06-11 11:04:00,3871.38,3871.61,3869.93,3870.40,2144
TCS,2024-06-11 11:05:00,3869.73,3871.04,3869.66,3870.72,8112
TCS,2024-06-11 11:06:00,3870.58,3870.60,3869.16,3869.33,8107
TCS,2024-06-11 11:07:00,3869.46,3869.99,3869.07,3869.23,2923
TCS,2024-06-11 11:08:00,3868.52,3869.71,3867.48,3867.75,3188
TCS,2024-06-11 11:09:00,3867.13,3868.37,3866.12,3867.38,8248
TCS,2024-06-11 11:10:00,3867.57,3868.32,3867.18,3867.79,1063
TCS,2024-06-11 11:11:00,3868.81,3869.69,3867.59,3867.88,6441
TCS,2024-06-11 11:12:00,3868.13,3869.16,3866.97,3867.69,7160
TCS,2024-06-11 11:13:00,3867.99,3869.38,3867.87,3868.85,1442
TCS,2024-06-11 11:14:00,3869.84,3870.11,3869.09,3869.44,1502
TCS,2024-06-11 11:15:00,3869.37,3870.78,3869.12,3869.41,7378
TCS,2024-06-11 11:16:00,3869.21,3869.70,3867.81,3868.04,5039
TCS,2024-06-11 11:17:00,3867.29,3868.07,3866.40,3867.84,5993
TCS,2024-06-11 11:18:00,3868.36,3869.29,3867.66,3868.67,6699
TCS,2024-06-11 11:19:00,3868.38,3868.82,3868.11,3868.79,4837
TCS,2024-06-11 11:20:00,3868.72,3869.90,3867.97,3867.98,4799
TCS,2024-06-11 11:21:00,3867.92,3869.36,3867.50,3867.99,5539
TCS,2024-06-11 11:22:00,3868.12,3869.26,3867.63,3867.91,4670
TCS,2024-06-11 11:23:00,3868.54,3868.64,3868.09,3868.35,3347
TCS,2024-06-11 11:24:00,3868.31,3869.49,3867.47,3868.66,2833
TCS,2024-06-11 11:25:00,3867.66,3867.71,3867.24,3867.67,6066
TCS,2024-06-11 11:26:00,3868.85,3869.61,3867.40,3868.75,3792
TCS,2024-06-11 11:27:00,3869.97,3871.13,3869.17,3870.85,7737
TCS,2024-06-11 11:28:00,3869.69,3870.14,3869.06,3869.16,4867
TCS,2024-06-11 11:29:00,3867.98,3868.63,3867.83,3868.16,7810
TCS,2024-06-11 11:30:00,3869.10,3870.33,3868.64,3869.03,4915
TCS,2024-06-11 11:31:00,3869.88,3870.90,3869.81,3870.49,1042
TCS,2024-06-11 11:32:00,3869.32,3870.09,3867.84,3869.13,1072
TCS,2024-06-11 11:33:00,3869.22,3869.95,3868.94,3869.81,6442
TCS,2024-06-11 11:34:00,3869.74,3870.46,3869.49,3869.62,3550
TCS,2024-06-11 11:35:00,3869.22,3869.56,3869.00,3869.19,8289
TCS,2024-06-11 11:36:00,3868.04,3868.74,3867.81,3867.87,3380
TCS,2024-06-11 11:37:00,3868.86,3869.26,3868.28,3869.23,5783
TCS,2024-06-11 11:38:00,3869.76,3871.06,3868.72,3868.93,7409
TCS,2024-06-11 11:39:00,3869.66,3869.83,3868.33,3868.66,5167
TCS,2024-06-11 11:40:00,3869.58,3870.32,3868.49,3870.18,2745
TCS,2024-06-11 11:41:00,3869.23,3870.64,3867.95,3868.42,6670
TCS,2024-06-11 11:42:00,3868.34,3869.63,3867.42,3868.57,5674
TCS,2024-06-11 11:43:00,3867.44,3868.00,3867.21,3867.97,5786
TCS,2024-06-11 11:44:00,3868.72,3869.18,3867.35,3869.07,7277
TCS,2024-06-11 11:45:00,3870.20,3870.52,3869.16,3870.51,2888
TCS,2024-06-11 11:46:00,3870.33,3871.71,3869.29,3871.53,1614
TCS,2024-06-11 11:47:00,3871.27,3871.44,3870.51,3871.31,3432
TCS,2024-06-11 11:48:00,3871.42,3872.51,3870.62,3872.37,7649
TCS,2024-06-11 11:49:00,3873.53,3874.45,3872.90,3872.97,6988
TCS,2024-06-11 11:50:00,3873.72,3874.90,3873.32,3874.68,7259
TCS,2024-06-11 11:51:00,3874.78,3875.21,3874.20,3875.06,2135
TCS,2024-06-11 11:52:00,3875.67,3876.30,3874.53,3875.57,3932
TCS,2024-06-11 11:53:00,3875.15,3875.42,3873.95,3874.73,5365
TCS,2024-06-11 11:54:00,3875.09,3875.38,3873.71,3874.59,3627
TCS,2024-06-11 11:55:00,3875.55,3875.59,3875.03,3875.26,1104
TCS,2024-06-11 11:56:00,3874.82,3876.27,3873.41,3876.02,8771
TCS,2024-06-11 11:57:00,3874.88,3876.18,3873.54,3875.40,5561
TCS,2024-06-11 11:58:00,3874.61,3875.59,3873.16,3875.44,8975
TCS,2024-06-11 11:59:00,3875.21,3875.76,3875.10,3875.60,4615
TCS,2024-06-11 12:00:00,3876.50,3877.80,3875.67,3877.53,3894
TCS,2024-06-11 12:01:00,3876.96,3877.98,3876.10,3877.30,4009
TCS,2024-06-11 12:02:00,3878.04,3878.99,3877.33,3877.77,7900
TCS,2024-06-11 12:03:00,3877.03,3877.96,3875.58,3877.55,3462
TCS,2024-06-11 12:04:00,3878.30,3879.58,3878.09,3878.16,8086
TCS,2024-06-11 12:05:00,3878.12,3878.25,3876.90,3877.33,4162
TCS,2024-06-11 12:06:00,3877.34,3877.43,3876.03,3877.23,4576
TCS,2024-06-11 12:07:00,3876.93,3877.94,3875.45,3876.94,8027
TCS,2024-06-11 12:08:00,3877.53,3877.58,3877.08,3877.41,7822
TCS,2024-06-11 12:09:00,3876.56,3877.51,3875.24,3875.84,1694
TCS,2024-06-11 12:10:00,3875.34,3875.64,3874.03,3874.92,3632
TCS,2024-06-11 12:11:00,3875.03,3876.48,3873.66,3875.11,3018
TCS,2024-06-11 12:12:00,3875.01,3875.54,3874.43,3874.84,1368
TCS,2024-06-11 12:13:00,3875.53,3876.09,3875.13,3875.33,4073
TCS,2024-06-11 12:14:00,3875.06,3875.58,3874.05,3875.49,5367
TCS,2024-06-11 12:15:00,3876.52,3876.90,3875.28,3875.62,3341
TCS,2024-06-11 12:16:00,3876.02,3876.59,3874.91,3876.32,3031
TCS,2024-06-11 12:17:00,3877.36,3877.88,3876.49,3876.99,2287
TCS,2024-06-11 12:18:00,3877.82,3878.11,3876.62,3877.60,7740
TCS,2024-06-11 12:19:00,3878.55,3879.81,3877.83,3878.88,3479
TCS,2024-06-11 12:20:00,3879.34,3879.69,3877.86,3879.50,4198
TCS,2024-06-11 12:21:00,3880.14,3880.60,3878.68,3878.96,6419
TCS,2024-06-11 12:22:00,3878.44,3879.72,3877.91,3878.98,3579
TCS,2024-06-11 12:23:00,3879.95,3880.20,3878.98,3879.86,4278
TCS,2024-06-11 12:24:00,3880.11,3881.31,3879.37,3881.22,2267
TCS,2024-06-11 12:25:00,3881.19,3882.68,3880.91,3881.05,6313
TCS,2024-06-11 12:26:00,3880.77,3881.50,3880.04,3881.20,7492
TCS,2024-06-11 12:27:00,3880.35,3880.67,3880.29,3880.32,8995
TCS,2024-06-11 12:28:00,3881.15,3882.48,3880.19,3881.35,8445
TCS,2024-06-11 12:29:00,3882.51,3883.05,3882.01,3882.82,1209
TCS,2024-06-11 12:30:00,3882.12,3882.82,3881.22,3881.57,1533
TCS,2024-06-11 12:31:00,3881.10,3882.23,3880.92,3881.16,6295
TCS,2024-06-11 12:32:00,3882.41,3883.87,3881.91,3882.79,5734
TCS,2024-06-11 12:33:00,3882.36,3882.71,3881.07,3881.51,5848
TCS,2024-06-11 12:34:00,3881.26,3882.01,3880.48,3880.64,3113
TCS,2024-06-11 12:35:00,3879.83,3880.24,3878.40,3879.47,6649
TCS,2024-06-11 12:36:00,3879.52,3880.13,3879.12,3879.29,3546
TCS,2024-06-11 12:37:00,3880.49,3881.15,3880.30,3880.46,3763
TCS,2024-06-11 12:38:00,3880.84,3881.58,3880.36,3881.19,3802
TCS,2024-06-11 12:39:00,3880.23,3881.25,3880.03,3880.43,6621
TCS,2024-06-11 12:40:00,3880.12,3881.59,3879.77,3879.84,2830
TCS,2024-06-11 12:41:00,3880.46,3881.47,3880.40,3880.67,1119
TCS,2024-06-11 12:42:00,3881.20,3881.84,3880.41,3881.34,7505
TCS,2024-06-11 12:43:00,3882.53,3882.89,3881.32,3882.38,1350
TCS,2024-06-11 12:44:00,3881.68,3883.05,3881.58,3882.26,2991
TCS,2024-06-11 12:45:00,3881.39,3881.58,3880.45,3881.36,6252
TCS,2024-06-11 12:46:00,3882.18,3883.61,3881.57,3883.21,6055
TCS,2024-06-11 12:47:00,3882.70,3884.09,3882.13,3883.97,7749
TCS,2024-06-11 12:48:00,3882.95,3883.22,3881.62,3882.43,8088
TCS,2024-06-11 12:49:00,3883.13,3883.82,3883.06,3883.48,4019
TCS,2024-06-11 12:50:00,3884.67,3884.72,3884.37,3884.45,5162
TCS,2024-06-11 12:51:00,3883.62,3884.85,3882.30,3884.60,8442
TCS,2024-06-11 12:52:00,3884.74,3885.25,3883.99,3884.30,1352
TCS,2024-06-11 12:53:00,3884.46,3885.94,3884.16,3885.43,8627
TCS,2024-06-11 12:54:00,3886.37,3886.55,3885.90,3886.01,7456
TCS,2024-06-11 12:55:00,3885.25,3886.00,3884.16,3884.34,1478
TCS,2024-06-11 12:56:00,3884.43,3884.86,3883.01,3883.90,2342
TCS,2024-06-11 12:57:00,3883.52,3885.01,3883.40,3884.51,3346
TCS,2024-06-11 12:58:00,3884.53,3885.61,3883.99,3885.03,3121
TCS,2024-06-11 12:59:00,3886.27,3887.49,3886.01,3887.38,8555
TCS,2024-06-11 13:00:00,3887.18,3887.75,3887.17,3887.39,7260
TCS,2024-06-11 13:01:00,3888.22,3888.74,3887.01,3887.93,8217
TCS,2024-06-11 13:02:00,3886.86,3887.64,3885.59,3885.85,1638
TCS,2024-06-11 13:03:00,3885.99,3886.82,3884.56,3886.18,7640
TCS,2024-06-11 13:04:00,3887.27,3888.76,3885.80,3886.31,3620
TCS,2024-06-11 13:05:00,3887.53,3888.86,3886.50,3888.01,6268
TCS,2024-06-11 13:06:00,3887.02,3888.21,3885.56,3886.17,3384
TCS,2024-06-11 13:07:00,3886.21,3886.57,3884.83,3884.84,1558
TCS,2024-06-11 13:08:00,3885.77,3886.78,3885.10,3885.51,8832
TCS,2024-06-11 13:09:00,3884.32,3885.72,3884.04,3884.63,8398
TCS,2024-06-11 13:10:00,3885.82,3886.44,3885.43,3885.66,1290
TCS,2024-06-11 13:11:00,3885.49,3886.20,3885.37,3885.41,8815
TCS,2024-06-11 13:12:00,3884.95,3886.16,3883.72,3884.48,3050
TCS,2024-06-11 13:13:00,3884.80,3885.09,3884.16,3884.22,4638
TCS,2024-06-11 13:14:00,3884.68,3885.88,3883.87,3883.92,6426
TCS,2024-06-11 13:15:00,3883.88,3883.94,3883.25,3883.26,4800
TCS,2024-06-11 13:16:00,3883.74,3885.02,3882.51,3884.81,7760
TCS,2024-06-11 13:17:00,3885.82,3885.90,3885.43,3885.44,2978
TCS,2024-06-11 13:18:00,3885.61,3886.47,3885.47,3885.65,2048
TCS,2024-06-11 13:19:00,3885.26,3886.09,3884.95,3885.14,1231
TCS,2024-06-11 13:20:00,3885.05,3885.91,3884.01,3884.17,8965
TCS,2024-06-11 13:21:00,3883.80,3883.96,3883.77,3883.85,7182
TCS,2024-06-11 13:22:00,3884.22,3885.06,3883.50,3884.31,7672
TCS,2024-06-11 13:23:00,3884.28,3885.64,3883.69,3883.70,7257
TCS,2024-06-11 13:24:00,3882.76,3883.20,3882.72,3882.73,5449
TCS,2024-06-11 13:25:00,3883.08,3883.56,3882.94,3883.46,8215
TCS,2024-06-11 13:26:00,3884.44,3885.28,3883.81,3884.65,4550
TCS,2024-06-11 13:27:00,3884.58,3884.76,3884.14,3884.53,8542
TCS,2024-06-11 13:28:00,3885.10,3886.45,3884.95,3885.04,2832
TCS,2024-06-11 13:29:00,3885.85,3886.15,3885.52,3885.67,7042
TCS,2024-06-11 13:30:00,3885.92,3887.00,3885.17,3886.86,8203
TCS,2024-06-11 13:31:00,3887.30,3887.59,3886.95,3887.43,2493
TCS,2024-06-11 13:32:00,3887.58,3888.17,3887.45,3887.65,1743
TCS,2024-06-11 13:33:00,3886.83,3888.14,3885.87,3887.11,6070
TCS,2024-06-11 13:34:00,3887.65,3888.13,3886.28,3886.71,2625
TCS,2024-06-11 13:35:00,3887.77,3888.89,3886.32,3887.07,6672
TCS,2024-06-11 13:36:00,3888.15,3888.20,3887.10,3887.60,2859
TCS,2024-06-11 13:37:00,3888.28,3889.32,3887.92,3888.64,4766
TCS,2024-06-11 13:38:00,3888.47,3889.82,3887.13,3887.62,2721
TCS,2024-06-11 13:39:00,3888.09,3888.41,3887.48,3887.90,5809
TCS,2024-06-11 13:40:00,3887.00,3887.72,3886.61,3887.64,7527
TCS,2024-06-11 13:41:00,3888.87,3889.43,3888.34,3888.63,3043
TCS,2024-06-11 13:42:00,3889.44,3889.57,3888.89,3889.05,2722
TCS,2024-06-11 13:43:00,3888.58,3889.05,3887.74,3887.92,6327
TCS,2024-06-11 13:44:00,3887.48,3888.11,3886.64,3887.48,1988
TCS,2024-06-11 13:45:00,3888.60,3889.69,3887.25,3888.53,1646
TCS,2024-06-11 13:46:00,3887.52,3888.99,3887.27,3888.67,6104
TCS,2024-06-11 13:47:00,3889.65,3891.01,3889.18,3890.57,7378
TCS,2024-06-11 13:48:00,3890.39,3890.46,3889.53,3890.04,5392
TCS,2024-06-11 13:49:00,3889.50,3890.28,3888.97,3889.49,3574
TCS,2024-06-11 13:50:00,3890.61,3892.00,3889.68,3890.37,7160
TCS,2024-06-11 13:51:00,3891.36,3892.67,3890.67,3891.26,6355
TCS,2024-06-11 13:52:00,3890.80,3892.04,3889.30,3891.42,7334
TCS,2024-06-11 13:53:00,3890.34,3891.75,3889.92,3890.64,7278
TCS,2024-06-11 13:54:00,3889.74,3889.87,3889.02,3889.77,4356
TCS,2024-06-11 13:55:00,3888.64,3889.87,3888.21,3889.56,7190
TCS,2024-06-11 13:56:00,3890.55,3891.57,3889.44,3890.72,2847
TCS,2024-06-11 13:57:00,3890.55,3890.75,3890.30,3890.46,5031
TCS,2024-06-11 13:58:00,3889.69,3891.02,3888.30,3888.35,5328
TCS,2024-06-11 13:59:00,3889.31,3889.95,3888.98,3889.37,4150
TCS,2024-06-11 14:00:00,3889.22,3890.52,3888.87,3889.44,3063
TCS,2024-06-11 14:01:00,3888.54,3889.31,3888.51,3889.31,6793
TCS,2024-06-11 14:02:00,3889.78,3890.89,3888.63,3889.00,6904
TCS,2024-06-11 14:03:00,3889.71,3890.44,3889.54,3889.64,4488
TCS,2024-06-11 14:04:00,3890.68,3891.59,3890.43,3890.83,4018
TCS,2024-06-11 14:05:00,3891.88,3892.87,3891.65,3892.63,8164
TCS,2024-06-11 14:06:00,3892.73,3893.82,3892.68,3892.95,1672
TCS,2024-06-11 14:07:00,3893.38,3894.35,3892.53,3892.58,3153
TCS,2024-06-11 14:08:00,3891.78,3893.27,3891.76,3892.05,6163
TCS,2024-06-11 14:09:00,3892.98,3893.77,3891.70,3892.41,7657
TCS,2024-06-11 14:10:00,3891.98,3892.45,3891.34,3891.46,6850
TCS,2024-06-11 14:11:00,3892.36,3892.58,3891.75,3892.36,3189
TCS,2024-06-11 14:12:00,3893.16,3893.44,3891.95,3891.97,2851
TCS,2024-06-11 14:13:00,3892.81,3892.99,3892.51,3892.97,5030
TCS,2024-06-11 14:14:00,3892.99,3893.42,3891.90,3891.92,8425
TCS,2024-06-11 14:15:00,3892.17,3893.14,3891.51,3891.70,3280
TCS,2024-06-11 14:16:00,3892.43,3893.75,3891.75,3892.61,7492
TCS,2024-06-11 14:17:00,3891.74,3893.20,3890.76,3891.90,1786
TCS,2024-06-11 14:18:00,3892.57,3893.88,3891.38,3891.55,5525
TCS,2024-06-11 14:19:00,3891.30,3891.93,3890.57,3891.26,6682
TCS,2024-06-11 14:20:00,3891.79,3892.11,3891.52,3892.03,3200
TCS,2024-06-11 14:21:00,3890.95,3891.95,3889.56,3891.20,6550
TCS,2024-06-11 14:22:00,3890.53,3891.77,3889.95,3890.50,5060
TCS,2024-06-11 14:23:00,3889.61,3891.05,3888.79,3889.77,7129
TCS,2024-06-11 14:24:00,3889.34,3890.38,3887.93,3890.04,4782
TCS,2024-06-11 14:25:00,3891.25,3891.65,3890.05,3890.45,7969
TCS,2024-06-11 14:26:00,3889.71,3890.30,3888.95,3890.01,5595
TCS,2024-06-11 14:27:00,3889.65,3891.02,3889.05,3890.45,6984
TCS,2024-06-11 14:28:00,3890.10,3891.57,3889.40,3890.27,7742
TCS,2024-06-11 14:29:00,3891.25,3891.87,3890.27,3890.69,4491
TCS,2024-06-11 14:30:00,3891.79,3892.70,3891.42,3891.69,7597
TCS,2024-06-11 14:31:00,3892.06,3892.94,3890.80,3891.31,5511
TCS,2024-06-11 14:32:00,3891.90,3893.01,3890.89,3890.91,4034
TCS,2024-06-11 14:33:00,3890.91,3891.66,3890.24,3890.27,7240
TCS,2024-06-11 14:34:00,3889.93,3890.87,3889.25,3889.77,4963
TCS,2024-06-11 14:35:00,3890.77,3890.99,3889.66,3890.78,3514
TCS,2024-06-11 14:36:00,3890.26,3890.80,3889.85,3890.20,6605
TCS,2024-06-11 14:37:00,3889.26,3889.83,3888.71,3889.36,3618
TCS,2024-06-11 14:38:00,3889.94,3890.92,3889.48,3889.89,6854
TCS,2024-06-11 14:39:00,3888.94,3890.09,3887.53,3888.11,6681
TCS,2024-06-11 14:40:00,3888.56,3888.91,3887.71,3888.78,6201
TCS,2024-06-11 14:41:00,3887.85,3887.97,3887.37,3887.38,4635
TCS,2024-06-11 14:42:00,3887.06,3887.85,3886.68,3886.92,5985
TCS,2024-06-11 14:43:00,3887.85,3888.63,3887.71,3888.32,5553
TCS,2024-06-11 14:44:00,3887.51,3887.92,3886.22,3887.11,4824
TCS,2024-06-11 14:45:00,3886.44,3887.28,3885.48,3886.11,2046
TCS,2024-06-11 14:46:00,3885.25,3885.53,3884.20,3884.84,8619
TCS,2024-06-11 14:47:00,3885.33,3886.51,3885.00,3886.17,8929
TCS,2024-06-11 14:48:00,3886.73,3887.21,3886.40,3886.76,4485
TCS,2024-06-11 14:49:00,3887.08,3888.43,3886.24,3887.21,1430
TCS,2024-06-11 14:50:00,3886.32,3886.54,3886.04,3886.08,5492
TCS,2024-06-11 14:51:00,3885.00,3885.91,3884.49,3884.67,6055
TCS,2024-06-11 14:52:00,3885.30,3885.39,3885.00,3885.08,8133
TCS,2024-06-11 14:53:00,3886.14,3887.39,3884.70,3885.02,7880
TCS,2024-06-11 14:54:00,3885.36,3886.00,3883.94,3885.66,3338
TCS,2024-06-11 14:55:00,3884.94,3885.65,3884.47,3885.49,3133
TCS,2024-06-11 14:56:00,3884.76,3886.06,3883.88,3884.74,8923
TCS,2024-06-11 14:57:00,3884.72,3885.41,3883.80,3885.04,8995
TCS,2024-06-11 14:58:00,3886.25,3886.91,3885.09,3886.61,3440
TCS,2024-06-11 14:59:00,3887.28,3887.90,3886.78,3886.91,5988
TCS,2024-06-11 15:00:00,3887.61,3887.78,3887.02,3887.46,3514
TCS,2024-06-11 15:01:00,3888.41,3888.68,3887.91,3888.21,7086
TCS,2024-06-11 15:02:00,3887.42,3887.53,3887.35,3887.45,1306
TCS,2024-06-11 15:03:00,3887.43,3887.79,3886.11,3886.39,5514
TCS,2024-06-11 15:04:00,3885.52,3886.29,3884.89,3885.16,8445
TCS,2024-06-11 15:05:00,3884.53,3885.99,3884.27,3885.39,4772
TCS,2024-06-11 15:06:00,3885.90,3887.25,3885.38,3885.94,7602
TCS,2024-06-11 15:07:00,3886.99,3887.03,3886.55,3886.93,5992
TCS,2024-06-11 15:08:00,3887.74,3888.57,3886.63,3886.65,4946
TCS,2024-06-11 15:09:00,3886.77,3887.82,3886.26,3886.49,6373
TCS,2024-06-11 15:10:00,3887.57,3887.68,3887.15,3887.24,8131
TCS,2024-06-11 15:11:00,3887.70,3889.02,3886.25,3888.07,1611
TCS,2024-06-11 15:12:00,3888.35,3889.41,3887.97,3889.16,4701
TCS,2024-06-11 15:13:00,3888.92,3889.38,3888.02,3889.11,3287
TCS,2024-06-11 15:14:00,3888.01,3889.46,3887.58,3888.24,7409
TCS,2024-06-11 15:15:00,3887.80,3887.94,3886.50,3887.08,6311
TCS,2024-06-11 15:16:00,3886.76,3887.66,3886.44,3886.75,2728
TCS,2024-06-11 15:17:00,3886.87,3887.86,3885.78,3886.97,6571
TCS,2024-06-11 15:18:00,3886.25,3887.05,3885.43,3885.89,5253
TCS,2024-06-11 15:19:00,3885.24,3886.41,3884.00,3885.77,1887
TCS,2024-06-11 15:20:00,3886.75,3886.95,3885.55,3886.45,7342
TCS,2024-06-11 15:21:00,3886.68,3887.73,3885.45,3887.08,5889
TCS,2024-06-11 15:22:00,3886.14,3886.52,3885.11,3886.10,3062
TCS,2024-06-11 15:23:00,3885.17,3886.03,3884.14,3885.12,4069
TCS,2024-06-11 15:24:00,3885.90,3886.27,3885.18,3885.54,5894
TCS,2024-06-11 15:25:00,3885.85,3887.14,3884.86,3886.60,3305
TCS,2024-06-11 15:26:00,3887.49,3887.85,3886.07,3886.21,3019
TCS,2024-06-11 15:27:00,3887.08,3888.03,3886.25,3887.34,7435
TCS,2024-06-11 15:28:00,3886.35,3886.73,3886.03,3886.28,1109
TCS,2024-06-11 15:29:00,3886.15,3887.25,3884.93,3885.72,3520
TCS,2024-06-12 09:15:00,3884.67,3885.97,3883.72,3884.35,4907
TCS,2024-06-12 09:16:00,3883.18,3884.58,3882.66,3884.42,6134
TCS,2024-06-12 09:17:00,3885.51,3886.91,3884.32,3884.57,7661
TCS,2024-06-12 09:18:00,3883.63,3884.78,3882.89,3883.18,5224
TCS,2024-06-12 09:19:00,3882.50,3883.66,3882.01,3883.55,7896
TCS,2024-06-12 09:20:00,3882.44,3883.32,3881.65,3883.31,3028
TCS,2024-06-12 09:21:00,3883.63,3884.89,3882.30,3884.46,3919
TCS,2024-06-12 09:22:00,3883.93,3884.21,3882.66,3883.55,3249
TCS,2024-06-12 09:23:00,3882.46,3883.68,3880.97,3882.41,4795
TCS,2024-06-12 09:24:00,3883.09,3883.56,3882.57,3883.49,3162
TCS,2024-06-12 09:25:00,3883.69,3884.79,3883.41,3884.57,5403
TCS,2024-06-12 09:26:00,3884.15,3885.62,3883.93,3884.23,6704
TCS,2024-06-12 09:27:00,3884.74,3884.77,3883.76,3884.61,5337
TCS,2024-06-12 09:28:00,3883.96,3884.88,3883.61,3884.18,2788
TCS,2024-06-12 09:29:00,3883.22,3883.88,3882.20,3883.64,3752
TCS,2024-06-12 09:30:00,3884.74,3885.19,3883.56,3884.06,8367
TCS,2024-06-12 09:31:00,3885.24,3885.65,3884.89,3885.20,1073
TCS,2024-06-12 09:32:00,3884.45,3885.77,3883.05,3884.98,8519
TCS,2024-06-12 09:33:00,3884.26,3885.44,3883.64,3884.29,6602
TCS,2024-06-12 09:34:00,3884.55,3885.81,3883.58,3884.50,4994
TCS,2024-06-12 09:35:00,3884.61,3886.11,3883.55,3884.98,3118
TCS,2024-06-12 09:36:00,3885.28,3886.34,3884.79,3885.79,8388
TCS,2024-06-12 09:37:00,3886.65,3887.99,3886.57,3887.57,5567
TCS,2024-06-12 09:38:00,3886.43,3887.04,3885.32,3885.73,8726
TCS,2024-06-12 09:39:00,3885.73,3887.15,3885.44,3886.02,8254
TCS,2024-06-12 09:40:00,3886.56,3886.63,3885.36,3885.80,6638
TCS,2024-06-12 09:41:00,3886.27,3887.19,3885.72,3886.75,2621
TCS,2024-06-12 09:42:00,3886.59,3888.05,3886.54,3887.99,3794
TCS,2024-06-12 09:43:00,3887.60,3888.83,3886.49,3888.59,5493
TCS,2024-06-12 09:44:00,3889.77,3890.44,3888.56,3889.47,3654
TCS,2024-06-12 09:45:00,3889.49,3890.14,3888.53,3889.26,8286
TCS,2024-06-12 09:46:00,3888.49,3889.82,3888.43,3889.43,8882
TCS,2024-06-12 09:47:00,3889.49,3890.17,3888.96,3889.98,6414
TCS,2024-06-12 09:48:00,3891.00,3892.39,3890.45,3890.79,4106
TCS,2024-06-12 09:49:00,3890.43,3890.79,3889.45,3889.80,4694
TCS,2024-06-12 09:50:00,3888.87,3889.56,3887.96,3888.55,6814
TCS,2024-06-12 09:51:00,3889.13,3890.14,3887.88,3890.08,4124
TCS,2024-06-12 09:52:00,3889.68,3890.86,3889.53,3889.93,5040
TCS,2024-06-12 09:53:00,3889.17,3890.04,3888.49,3889.74,4845
TCS,2024-06-12 09:54:00,3890.82,3891.38,3890.54,3890.99,2102
TCS,2024-06-12 09:55:00,3890.54,3891.47,3890.18,3890.71,6391
TCS,2024-06-12 09:56:00,3889.51,3890.97,3888.25,3889.98,5577
TCS,2024-06-12 09:57:00,3890.29,3890.30,3890.23,3890.27,4495
TCS,2024-06-12 09:58:00,3890.66,3891.65,3889.27,3889.82,5047
TCS,2024-06-12 09:59:00,3889.05,3889.84,3887.61,3888.03,1445
TCS,2024-06-12 10:00:00,3889.09,3889.78,3888.48,3889.19,1022
TCS,2024-06-12 10:01:00,3889.26,3889.68,3888.45,3888.86,4190
TCS,2024-06-12 10:02:00,3889.51,3889.90,3888.59,3888.79,5413
TCS,2024-06-12 10:03:00,3889.18,3889.91,3887.80,3889.18,4643
TCS,2024-06-12 10:04:00,3889.42,3890.92,3889.28,3890.47,7700
TCS,2024-06-12 10:05:00,3890.83,3891.71,3890.52,3891.23,1407
TCS,2024-06-12 10:06:00,3891.74,3891.91,3890.83,3891.15,7549
TCS,2024-06-12 10:07:00,3890.24,3891.21,3889.82,3891.12,6819
TCS,2024-06-12 10:08:00,3890.54,3891.74,3889.12,3891.65,1323
TCS,2024-06-12 10:09:00,3892.61,3893.70,3891.89,3892.94,3174
TCS,2024-06-12 10:10:00,3893.50,3894.30,3893.18,3893.78,1656
TCS,2024-06-12 10:11:00,3893.65,3894.69,3892.47,3894.42,1975
TCS,2024-06-12 10:12:00,3893.66,3894.39,3892.23,3894.18,6247
TCS,2024-06-12 10:13:00,3893.60,3894.54,3893.60,3894.11,7788
TCS,2024-06-12 10:14:00,3893.61,3893.94,3893.16,3893.35,8884
TCS,2024-06-12 10:15:00,3893.13,3894.21,3892.75,3892.82,8994
TCS,2024-06-12 10:16:00,3891.70,3892.29,3890.87,3891.80,8110
TCS,2024-06-12 10:17:00,3892.98,3893.79,3892.64,3892.78,4848
TCS,2024-06-12 10:18:00,3893.07,3894.31,3892.89,3893.66,8627
TCS,2024-06-12 10:19:00,3893.70,3895.00,3893.60,3893.71,6507
TCS,2024-06-12 10:20:00,3892.78,3893.82,3892.75,3893.74,4944
TCS,2024-06-12 10:21:00,3893.12,3893.93,3892.55,3892.81,8576
TCS,2024-06-12 10:22:00,3893.21,3893.35,3892.78,3893.09,7331
TCS,2024-06-12 10:23:00,3894.01,3894.30,3892.57,3893.97,1905
TCS,2024-06-12 10:24:00,3894.33,3895.81,3893.08,3894.06,3094
TCS,2024-06-12 10:25:00,3895.07,3895.98,3893.67,3894.33,2688
TCS,2024-06-12 10:26:00,3895.19,3895.46,3894.26,3894.91,2740
TCS,2024-06-12 10:27:00,3894.08,3894.71,3892.75,3893.91,7761
TCS,2024-06-12 10:28:00,3894.89,3895.30,3893.85,3894.81,6519
TCS,2024-06-12 10:29:00,3894.95,3895.31,3894.38,3894.81,5944
TCS,2024-06-12 10:30:00,3895.35,3895.96,3894.82,3895.53,1756
TCS,2024-06-12 10:31:00,3896.45,3896.67,3895.69,3896.35,7380
TCS,2024-06-12 10:32:00,3895.29,3896.34,3894.81,3894.92,1357
TCS,2024-06-12 10:33:00,3894.98,3896.23,3894.86,3895.36,5572
TCS,2024-06-12 10:34:00,3894.96,3895.20,3893.78,3894.14,6123
TCS,2024-06-12 10:35:00,3894.36,3894.52,3894.35,3894.46,1017
TCS,2024-06-12 10:36:00,3895.43,3895.58,3894.15,3895.29,7728
TCS,2024-06-12 10:37:00,3894.45,3894.67,3893.22,3893.55,5878
TCS,2024-06-12 10:38:00,3893.40,3893.46,3893.18,3893.30,1377
TCS,2024-06-12 10:39:00,3892.98,3893.48,3892.44,3893.32,8996
TCS,2024-06-12 10:40:00,3893.85,3895.04,3892.45,3893.92,6747
TCS,2024-06-12 10:41:00,3894.37,3895.85,3894.01,3894.01,5194
TCS,2024-06-12 10:42:00,3894.35,3895.40,3893.89,3894.88,6261
TCS,2024-06-12 10:43:00,3895.25,3896.53,3893.77,3894.84,6981
TCS,2024-06-12 10:44:00,3894.67,3896.04,3893.28,3894.65,8671
TCS,2024-06-12 10:45:00,3894.76,3894.85,3893.30,3894.06,7995
TCS,2024-06-12 10:46:00,3893.37,3893.53,3893.06,3893.13,7118
TCS,2024-06-12 10:47:00,3893.15,3893.42,3893.15,3893.36,8507
TCS,2024-06-12 10:48:00,3892.44,3893.84,3891.24,3892.40,4985
TCS,2024-06-12 10:49:00,3891.89,3893.07,3890.56,3891.96,5327
TCS,2024-06-12 10:50:00,3892.52,3893.85,3891.79,3893.02,5814
TCS,2024-06-12 10:51:00,3893.49,3894.88,3892.93,3893.08,3818
TCS,2024-06-12 10:52:00,3893.56,3893.82,3892.89,3893.45,8227
TCS,2024-06-12 10:53:00,3893.91,3894.94,3892.84,3893.19,6097
TCS,2024-06-12 10:54:00,3892.37,3893.17,3891.92,3892.79,4494
TCS,2024-06-12 10:55:00,3891.95,3892.90,3891.22,3892.23,3955
TCS,2024-06-12 10:56:00,3892.34,3893.41,3890.95,3892.69,6059
TCS,2024-06-12 10:57:00,3892.01,3892.53,3890.73,3890.77,7961
TCS,2024-06-12 10:58:00,3890.79,3890.92,3890.36,3890.65,7666
TCS,2024-06-12 10:59:00,3891.23,3892.02,3890.29,3891.39,5482
TCS,2024-06-12 11:00:00,3891.15,3891.33,3890.69,3891.12,5609
TCS,2024-06-12 11:01:00,3892.04,3893.13,3891.47,3892.81,6351
TCS,2024-06-12 11:02:00,3892.70,3893.48,3891.36,3892.93,6516
TCS,2024-06-12 11:03:00,3892.49,3893.44,3891.53,3891.75,6341
TCS,2024-06-12 11:04:00,3892.54,3893.56,3892.39,3893.49,4793
TCS,2024-06-12 11:05:00,3893.28,3894.39,3892.50,3893.71,3820
TCS,2024-06-12 11:06:00,3894.24,3895.10,3893.44,3894.03,7458
TCS,2024-06-12 11:07:00,3893.86,3895.09,3892.98,3893.52,7837
TCS,2024-06-12 11:08:00,3894.01,3895.18,3893.81,3894.37,4856
TCS,2024-06-12 11:09:00,3894.11,3894.19,3894.02,3894.13,8282
TCS,2024-06-12 11:10:00,3894.81,3894.95,3893.40,3894.56,3975
TCS,2024-06-12 11:11:00,3895.29,3895.98,3894.40,3895.20,6375
TCS,2024-06-12 11:12:00,3895.15,3896.07,3894.64,3894.85,4355
TCS,2024-06-12 11:13:00,3894.88,3896.29,3894.04,3894.60,8875
TCS,2024-06-12 11:14:00,3895.50,3896.52,3895.07,3895.15,7153
TCS,2024-06-12 11:15:00,3894.78,3894.96,3894.68,3894.84,2193
TCS,2024-06-12 11:16:00,3895.74,3896.20,3895.15,3895.42,1130
TCS,2024-06-12 11:17:00,3894.33,3894.58,3893.80,3894.25,5688
TCS,2024-06-12 11:18:00,3895.26,3895.99,3894.01,3894.61,2911
TCS,2024-06-12 11:19:00,3895.53,3896.58,3894.64,3894.94,8757
TCS,2024-06-12 11:20:00,3893.81,3893.84,3893.59,3893.64,7832
TCS,2024-06-12 11:21:00,3892.74,3893.90,3891.87,3891.93,6023
TCS,2024-06-12 11:22:00,3893.06,3894.40,3891.71,3892.68,6322
TCS,2024-06-12 11:23:00,3891.80,3892.36,3891.13,3891.63,1688
TCS,2024-06-12 11:24:00,3890.56,3890.91,3890.14,3890.54,3546
TCS,2024-06-12 11:25:00,3891.57,3892.95,3890.32,3892.51,1844
TCS,2024-06-12 11:26:00,3892.16,3893.02,3891.22,3892.55,6156
TCS,2024-06-12 11:27:00,3893.09,3893.23,3892.97,3893.03,6966
TCS,2024-06-12 11:28:00,3894.05,3895.15,3893.15,3894.37,3203
TCS,2024-06-12 11:29:00,3894.02,3895.48,3893.38,3894.79,8833
TCS,2024-06-12 11:30:00,3895.79,3896.48,3894.53,3894.61,7786
TCS,2024-06-12 11:31:00,3895.39,3895.92,3893.90,3893.98,8166
TCS,2024-06-12 11:32:00,3894.47,3895.36,3893.11,3894.76,4927
TCS,2024-06-12 11:33:00,3895.16,3896.21,3893.68,3895.21,2505
TCS,2024-06-12 11:34:00,3894.08,3894.54,3893.03,3893.19,7550
TCS,2024-06-12 11:35:00,3893.92,3893.97,3893.15,3893.20,8284
TCS,2024-06-12 11:36:00,3894.10,3894.59,3893.25,3894.29,8718
TCS,2024-06-12 11:37:00,3894.55,3895.90,3893.21,3894.46,4888
TCS,2024-06-12 11:38:00,3893.76,3894.44,3892.84,3893.82,1838
TCS,2024-06-12 11:39:00,3894.10,3894.17,3892.63,3892.92,1277
TCS,2024-06-12 11:40:00,3892.47,3893.83,3891.84,3892.01,3333
TCS,2024-06-12 11:41:00,3892.07,3892.36,3891.38,3891.84,6199
TCS,2024-06-12 11:42:00,3892.27,3892.69,3891.99,3892.32,2489
TCS,2024-06-12 11:43:00,3893.28,3893.98,3892.06,3892.47,7158
TCS,2024-06-12 11:44:00,3892.57,3892.99,3892.36,3892.45,5581
TCS,2024-06-12 11:45:00,3891.69,3892.82,3890.24,3892.27,6557
TCS,2024-06-12 11:46:00,3893.45,3894.86,3893.06,3893.36,7507
TCS,2024-06-12 11:47:00,3893.50,3894.21,3892.89,3893.29,3361
TCS,2024-06-12 11:48:00,3892.42,3893.16,3892.23,3892.35,6869
TCS,2024-06-12 11:49:00,3892.87,3893.81,3891.49,3892.93,4267
TCS,2024-06-12 11:50:00,3892.45,3892.82,3892.07,3892.52,1096
TCS,2024-06-12 11:51:00,3891.71,3892.81,3890.27,3890.32,7529
TCS,2024-06-12 11:52:00,3889.44,3889.87,3889.24,3889.83,5958
TCS,2024-06-12 11:53:00,3890.86,3892.27,3890.31,3891.10,4491
TCS,2024-06-12 11:54:00,3890.35,3890.90,3889.64,3890.41,5099
TCS,2024-06-12 11:55:00,3889.23,3890.29,3887.99,3889.03,4677
TCS,2024-06-12 11:56:00,3889.86,3889.99,3889.22,3889.89,2514
TCS,2024-06-12 11:57:00,3890.34,3891.05,3890.22,3890.33,8069
TCS,2024-06-12 11:58:00,3891.33,3891.95,3889.95,3890.60,6560
TCS,2024-06-12 11:59:00,3891.04,3891.68,3891.00,3891.42,5794
TCS,2024-06-12 12:00:00,3891.19,3891.41,3889.84,3890.29,4269
TCS,2024-06-12 12:01:00,3890.93,3892.18,3890.48,3891.89,2497
TCS,2024-06-12 12:02:00,3892.62,3893.29,3891.29,3891.75,7242
TCS,2024-06-12 12:03:00,3890.58,3891.80,3889.80,3891.55,2301
TCS,2024-06-12 12:04:00,3890.75,3891.17,3890.08,3890.88,8829
TCS,2024-06-12 12:05:00,3891.75,3892.65,3891.44,3892.14,5911
TCS,2024-06-12 12:06:00,3891.85,3892.43,3891.67,3891.86,8549
TCS,2024-06-12 12:07:00,3892.86,3893.42,3892.02,3892.46,4542
TCS,2024-06-12 12:08:00,3892.03,3892.75,3891.78,3891.92,4278
TCS,2024-06-12 12:09:00,3891.72,3892.15,3890.28,3892.03,2184
TCS,2024-06-12 12:10:00,3893.22,3894.64,3892.78,3894.58,2554
TCS,2024-06-12 12:11:00,3894.05,3895.42,3892.88,3894.61,4786
TCS,2024-06-12 12:12:00,3895.33,3895.89,3893.85,3893.99,7238
TCS,2024-06-12 12:13:00,3894.35,3894.45,3893.00,3894.24,3509
TCS,2024-06-12 12:14:00,3893.36,3894.00,3893.27,3893.78,1944
TCS,2024-06-12 12:15:00,3893.08,3893.45,3891.72,3892.71,4010
TCS,2024-06-12 12:16:00,3893.77,3894.82,3892.72,3893.63,2665
TCS,2024-06-12 12:17:00,3892.79,3893.35,3891.36,3892.07,7873
TCS,2024-06-12 12:18:00,3892.22,3892.33,3891.38,3891.85,3496
TCS,2024-06-12 12:19:00,3891.37,3892.24,3891.13,3891.56,2732
TCS,2024-06-12 12:20:00,3892.10,3892.55,3891.84,3892.39,1701
TCS,2024-06-12 12:21:00,3891.53,3893.01,3890.88,3890.95,8413
TCS,2024-06-12 12:22:00,3890.49,3891.35,3889.74,3891.05,6231
TCS,2024-06-12 12:23:00,3891.27,3892.45,3890.11,3892.14,3295
TCS,2024-06-12 12:24:00,3891.29,3891.71,3890.54,3890.99,3389
TCS,2024-06-12 12:25:00,3892.15,3892.87,3890.92,3891.85,2205
TCS,2024-06-12 12:26:00,3892.08,3892.98,3890.69,3891.44,7987
TCS,2024-06-12 12:27:00,3891.63,3892.57,3891.41,3892.53,7020
TCS,2024-06-12 12:28:00,3892.78,3893.46,3892.53,3892.89,8815
TCS,2024-06-12 12:29:00,3893.77,3893.97,3892.61,3893.50,1540
TCS,2024-06-12 12:30:00,3893.80,3893.99,3893.01,3893.45,5689
TCS,2024-06-12 12:31:00,3893.21,3893.74,3891.73,3892.48,5494
TCS,2024-06-12 12:32:00,3891.41,3891.93,3891.23,3891.25,7133
TCS,2024-06-12 12:33:00,3890.56,3891.62,3889.46,3891.61,6491
TCS,2024-06-12 12:34:00,3891.34,3892.83,3891.22,3891.85,5322
TCS,2024-06-12 12:35:00,3892.85,3893.65,3892.46,3893.38,1369
TCS,2024-06-12 12:36:00,3894.13,3895.18,3893.63,3893.84,1135
TCS,2024-06-12 12:37:00,3893.03,3893.10,3892.09,3892.30,7868
TCS,2024-06-12 12:38:00,3892.10,3892.17,3891.43,3891.51,3414
TCS,2024-06-12 12:39:00,3892.17,3893.23,3891.40,3891.51,5190
TCS,2024-06-12 12:40:00,3892.08,3893.48,3891.85,3893.06,6182
TCS,2024-06-12 12:41:00,3892.78,3893.13,3891.64,3892.18,5567
TCS,2024-06-12 12:42:00,3892.73,3894.13,3891.56,3891.73,4280
TCS,2024-06-12 12:43:00,3891.07,3891.80,3890.23,3891.33,3018
TCS,2024-06-12 12:44:00,3891.09,3891.64,3890.56,3891.07,5840
TCS,2024-06-12 12:45:00,3892.28,3892.96,3891.41,3892.80,1497
TCS,2024-06-12 12:46:00,3892.80,3893.58,3892.27,3893.58,3441
TCS,2024-06-12 12:47:00,3893.07,3893.79,3891.90,3892.24,7589
TCS,2024-06-12 12:48:00,3892.08,3892.15,3891.57,3891.83,6047
TCS,2024-06-12 12:49:00,3891.47,3892.29,3891.04,3891.18,7244
TCS,2024-06-12 12:50:00,3891.11,3892.47,3889.71,3891.71,8657
TCS,2024-06-12 12:51:00,3890.51,3891.54,3889.51,3890.19,6217
TCS,2024-06-12 12:52:00,3889.64,3890.47,3889.29,3889.89,4242
TCS,2024-06-12 12:53:00,3889.21,3889.83,3888.96,3889.50,6439
TCS,2024-06-12 12:54:00,3889.54,3890.33,3889.07,3889.59,1169
TCS,2024-06-12 12:55:00,3890.41,3890.63,3889.98,3890.56,2197
TCS,2024-06-12 12:56:00,3891.11,3891.25,3890.78,3891.22,2118
TCS,2024-06-12 12:57:00,3891.14,3891.77,3890.77,3891.16,8308
TCS,2024-06-12 12:58:00,3892.06,3892.94,3891.39,3892.08,7345
TCS,2024-06-12 12:59:00,3891.15,3891.87,3890.00,3891.25,1783
TCS,2024-06-12 13:00:00,3890.87,3891.96,3889.85,3890.93,3631
TCS,2024-06-12 13:01:00,3891.93,3892.15,3891.91,3892.08,6660
TCS,2024-06-12 13:02:00,3891.42,3891.51,3890.77,3890.88,8463
TCS,2024-06-12 13:03:00,3891.26,3892.40,3890.74,3892.01,4101
TCS,2024-06-12 13:04:00,3892.54,3893.56,3891.17,3892.68,6937
TCS,2024-06-12 13:05:00,3891.82,3892.85,3890.65,3892.30,6162
TCS,2024-06-12 13:06:00,3893.36,3894.48,3892.82,3893.84,6208
TCS,2024-06-12 13:07:00,3893.27,3894.26,3892.14,3893.14,3371
TCS,2024-06-12 13:08:00,3892.10,3893.55,3890.71,3892.58,7452
TCS,2024-06-12 13:09:00,3893.83,3894.15,3892.36,3893.52,5502
TCS,2024-06-12 13:10:00,3892.44,3893.51,3892.20,3893.01,8787
TCS,2024-06-12 13:11:00,3893.36,3893.71,3891.98,3893.10,1401
TCS,2024-06-12 13:12:00,3892.12,3893.26,3891.93,3892.25,7958
TCS,2024-06-12 13:13:00,3892.70,3894.04,3892.10,3893.67,8704
TCS,2024-06-12 13:14:00,3893.52,3893.92,3893.34,3893.44,6837
TCS,2024-06-12 13:15:00,3893.99,3895.27,3893.47,3895.00,3867
TCS,2024-06-12 13:16:00,3896.01,3897.47,3895.06,3897.22,6008
TCS,2024-06-12 13:17:00,3896.31,3896.44,3895.79,3896.07,6235
TCS,2024-06-12 13:18:00,3896.21,3897.25,3895.87,3896.98,3313
TCS,2024-06-12 13:19:00,3896.07,3896.17,3895.92,3896.14,6807
TCS,2024-06-12 13:20:00,3896.55,3897.33,3895.48,3896.54,4489
TCS,2024-06-12 13:21:00,3896.51,3897.87,3896.46,3897.46,1596
TCS,2024-06-12 13:22:00,3897.42,3898.90,3896.86,3898.67,4498
TCS,2024-06-12 13:23:00,3899.51,3899.91,3898.35,3898.53,7142
TCS,2024-06-12 13:24:00,3898.22,3898.55,3897.63,3898.53,2146
TCS,2024-06-12 13:25:00,3897.43,3898.90,3896.38,3898.20,5382
TCS,2024-06-12 13:26:00,3898.35,3899.84,3898.27,3899.46,7722
TCS,2024-06-12 13:27:00,3899.89,3900.72,3899.35,3899.80,8324
TCS,2024-06-12 13:28:00,3900.43,3900.54,3899.63,3900.37,6499
TCS,2024-06-12 13:29:00,3899.54,3899.54,3898.71,3898.75,8147
TCS,2024-06-12 13:30:00,3898.16,3899.39,3897.03,3898.04,7253
TCS,2024-06-12 13:31:00,3899.23,3900.12,3898.66,3898.79,1106
TCS,2024-06-12 13:32:00,3898.43,3899.55,3897.31,3898.86,5851
TCS,2024-06-12 13:33:00,3899.78,3900.90,3899.24,3899.42,8635
TCS,2024-06-12 13:34:00,3899.35,3899.52,3898.06,3898.24,4853
TCS,2024-06-12 13:35:00,3897.70,3898.54,3897.70,3897.97,2516
TCS,2024-06-12 13:36:00,3898.30,3898.32,3897.33,3897.94,5237
TCS,2024-06-12 13:37:00,3898.66,3899.62,3897.65,3899.43,2519
TCS,2024-06-12 13:38:00,3899.78,3900.13,3898.49,3898.73,5586
TCS,2024-06-12 13:39:00,3897.61,3898.12,3897.50,3898.01,5961
TCS,2024-06-12 13:40:00,3898.38,3898.81,3897.44,3897.72,8756
TCS,2024-06-12 13:41:00,3897.47,3897.50,3896.92,3897.07,6786
TCS,2024-06-12 13:42:00,3897.00,3897.68,3896.27,3897.35,7521
TCS,2024-06-12 13:43:00,3898.42,3899.23,3898.37,3899.05,8014
TCS,2024-06-12 13:44:00,3898.40,3899.83,3898.12,3899.45,4306
TCS,2024-06-12 13:45:00,3898.96,3899.19,3898.00,3899.17,5124
TCS,2024-06-12 13:46:00,3900.27,3900.35,3899.95,3900.28,6346
TCS,2024-06-12 13:47:00,3901.09,3901.58,3900.57,3901.45,5984
TCS,2024-06-12 13:48:00,3900.70,3901.45,3900.66,3901.02,8875
TCS,2024-06-12 13:49:00,3901.33,3902.07,3900.30,3901.74,6608
TCS,2024-06-12 13:50:00,3901.25,3901.99,3899.83,3901.78,4254
TCS,2024-06-12 13:51:00,3901.31,3901.89,3900.55,3900.71,6192
TCS,2024-06-12 13:52:00,3901.05,3901.08,3900.95,3901.03,7617
TCS,2024-06-12 13:53:00,3900.00,3900.41,3899.34,3899.79,6156
TCS,2024-06-12 13:54:00,3900.96,3902.34,3900.84,3901.16,3584
TCS,2024-06-12 13:55:00,3902.10,3903.44,3900.80,3900.88,8500
TCS,2024-06-12 13:56:00,3901.82,3902.32,3900.57,3902.09,5701
TCS,2024-06-12 13:57:00,3902.81,3903.62,3902.71,3903.43,1226
TCS,2024-06-12 13:58:00,3902.24,3903.72,3901.85,3902.82,7475
TCS,2024-06-12 13:59:00,3903.67,3905.05,3902.92,3903.00,5808
TCS,2024-06-12 14:00:00,3903.01,3903.50,3903.00,3903.16,6487
TCS,2024-06-12 14:01:00,3903.81,3904.03,3902.84,3902.94,5032
TCS,2024-06-12 14:02:00,3903.13,3903.86,3902.66,3903.04,6058
TCS,2024-06-12 14:03:00,3902.08,3902.75,3900.88,3902.46,5384
TCS,2024-06-12 14:04:00,3903.36,3903.99,3903.31,3903.32,5111
TCS,2024-06-12 14:05:00,3903.74,3904.08,3903.39,3903.73,6468
TCS,2024-06-12 14:06:00,3904.87,3905.02,3903.42,3903.55,1164
TCS,2024-06-12 14:07:00,3904.21,3904.26,3904.19,3904.22,7606
TCS,2024-06-12 14:08:00,3903.83,3905.01,3903.64,3904.77,5902
TCS,2024-06-12 14:09:00,3903.90,3904.19,3902.71,3903.76,6730
TCS,2024-06-12 14:10:00,3904.67,3905.02,3903.89,3904.76,6446
TCS,2024-06-12 14:11:00,3904.21,3905.42,3903.84,3903.87,7224
TCS,2024-06-12 14:12:00,3903.59,3904.03,3902.75,3903.60,8916
TCS,2024-06-12 14:13:00,3903.19,3903.32,3902.00,3902.15,3581
TCS,2024-06-12 14:14:00,3902.45,3902.88,3901.98,3902.25,3689
TCS,2024-06-12 14:15:00,3902.92,3904.29,3902.50,3902.82,8386
TCS,2024-06-12 14:16:00,3901.77,3902.68,3900.60,3900.77,8627
TCS,2024-06-12 14:17:00,3900.29,3900.84,3899.80,3899.92,6385
TCS,2024-06-12 14:18:00,3900.74,3902.21,3900.69,3901.11,5021
TCS,2024-06-12 14:19:00,3900.75,3902.09,3900.53,3901.60,4366
TCS,2024-06-12 14:20:00,3901.88,3902.10,3901.24,3901.25,4119
TCS,2024-06-12 14:21:00,3901.13,3902.62,3900.93,3901.09,6706
TCS,2024-06-12 14:22:00,3899.92,3899.93,3898.66,3899.41,6906
TCS,2024-06-12 14:23:00,3900.40,3901.43,3899.88,3900.37,2162
TCS,2024-06-12 14:24:00,3900.10,3900.41,3899.60,3900.26,8025
TCS,2024-06-12 14:25:00,3900.91,3902.25,3900.23,3902.02,5935
TCS,2024-06-12 14:26:00,3901.77,3902.38,3900.72,3900.79,6576
TCS,2024-06-12 14:27:00,3901.04,3901.58,3899.62,3901.22,7027
TCS,2024-06-12 14:28:00,3900.49,3901.47,3900.45,3900.61,3511
TCS,2024-06-12 14:29:00,3900.57,3901.62,3899.26,3900.62,2798
TCS,2024-06-12 14:30:00,3900.57,3901.41,3900.53,3901.35,3574
TCS,2024-06-12 14:31:00,3900.87,3901.11,3900.36,3900.75,5818
TCS,2024-06-12 14:32:00,3901.42,3902.63,3900.05,3901.09,3775
TCS,2024-06-12 14:33:00,3900.99,3902.44,3900.65,3902.09,4169
TCS,2024-06-12 14:34:00,3902.43,3902.81,3901.27,3902.46,7853
TCS,2024-06-12 14:35:00,3903.56,3905.03,3903.44,3903.63,1162
TCS,2024-06-12 14:36:00,3902.82,3902.88,3901.76,3901.79,3830
TCS,2024-06-12 14:37:00,3900.80,3901.98,3900.23,3901.57,8055
TCS,2024-06-12 14:38:00,3900.55,3901.04,3899.55,3900.47,5610
TCS,2024-06-12 14:39:00,3899.74,3900.64,3898.45,3899.49,2579
TCS,2024-06-12 14:40:00,3899.00,3899.71,3898.83,3899.33,8710
TCS,2024-06-12 14:41:00,3900.34,3901.03,3899.15,3899.96,4284
TCS,2024-06-12 14:42:00,3898.85,3899.27,3898.05,3898.05,2395
TCS,2024-06-12 14:43:00,3897.85,3897.86,3896.83,3897.84,1191
TCS,2024-06-12 14:44:00,3897.76,3899.18,3896.27,3898.17,4909
TCS,2024-06-12 14:45:00,3897.05,3898.49,3895.90,3896.63,6159
TCS,2024-06-12 14:46:00,3896.13,3897.04,3895.54,3895.81,1995
TCS,2024-06-12 14:47:00,3896.40,3897.34,3895.55,3896.72,1186
TCS,2024-06-12 14:48:00,3896.02,3896.70,3894.81,3896.61,8509
TCS,2024-06-12 14:49:00,3897.18,3898.36,3896.86,3897.44,1690
TCS,2024-06-12 14:50:00,3896.40,3896.99,3894.97,3896.43,5255
TCS,2024-06-12 14:51:00,3897.34,3897.54,3896.80,3896.87,6211
TCS,2024-06-12 14:52:00,3895.85,3897.30,3895.72,3896.46,6692
TCS,2024-06-12 14:53:00,3897.57,3898.63,3896.61,3898.59,3027
TCS,2024-06-12 14:54:00,3899.11,3899.74,3897.66,3899.43,2822
TCS,2024-06-12 14:55:00,3900.65,3901.45,3900.46,3900.59,4918
TCS,2024-06-12 14:56:00,3899.82,3899.88,3899.49,3899.64,6603
TCS,2024-06-12 14:57:00,3899.88,3900.77,3899.19,3899.96,3259
TCS,2024-06-12 14:58:00,3900.89,3901.32,3900.82,3901.12,4008
TCS,2024-06-12 14:59:00,3900.23,3900.82,3898.79,3899.63,7978
TCS,2024-06-12 15:00:00,3900.09,3901.18,3899.37,3900.77,7883
TCS,2024-06-12 15:01:00,3901.00,3902.04,3900.17,3900.21,5848
TCS,2024-06-12 15:02:00,3900.40,3901.21,3900.06,3900.84,8000
TCS,2024-06-12 15:03:00,3900.21,3901.61,3899.82,3900.17,8034
TCS,2024-06-12 15:04:00,3900.82,3902.18,3900.41,3901.49,6615
TCS,2024-06-12 15:05:00,3901.32,3902.65,3900.40,3901.17,3913
TCS,2024-06-12 15:06:00,3900.35,3900.65,3899.36,3899.48,5870
TCS,2024-06-12 15:07:00,3898.91,3899.39,3898.33,3898.84,8580
TCS,2024-06-12 15:08:00,3898.14,3899.32,3898.05,3899.28,1840
TCS,2024-06-12 15:09:00,3900.22,3901.03,3899.22,3900.43,4054
TCS,2024-06-12 15:10:00,3900.93,3901.62,3900.28,3901.11,5050
TCS,2024-06-12 15:11:00,3901.56,3901.74,3900.29,3900.88,4387
TCS,2024-06-12 15:12:00,3901.07,3901.66,3900.33,3901.59,6641
TCS,2024-06-12 15:13:00,3902.03,3902.28,3901.85,3902.17,5985
TCS,2024-06-12 15:14:00,3902.70,3902.98,3901.58,3901.60,7897
TCS,2024-06-12 15:15:00,3900.85,3902.09,3899.37,3899.83,2647
TCS,2024-06-12 15:16:00,3900.73,3900.94,3899.66,3899.89,7301
TCS,2024-06-12 15:17:00,3898.78,3898.92,3898.61,3898.72,7459
TCS,2024-06-12 15:18:00,3897.98,3898.57,3897.47,3898.40,5766
TCS,2024-06-12 15:19:00,3899.56,3899.76,3898.51,3898.62,8070
TCS,2024-06-12 15:20:00,3898.18,3898.51,3897.71,3898.40,8245
TCS,2024-06-12 15:21:00,3897.98,3898.07,3896.98,3897.71,6573
TCS,2024-06-12 15:22:00,3896.73,3897.54,3896.60,3897.53,6419
TCS,2024-06-12 15:23:00,3896.60,3896.94,3895.31,3896.72,5990
TCS,2024-06-12 15:24:00,3896.39,3897.18,3895.44,3897.05,2522
TCS,2024-06-12 15:25:00,3896.13,3897.55,3895.72,3897.47,3411
TCS,2024-06-12 15:26:00,3897.13,3897.26,3895.93,3896.68,7235
TCS,2024-06-12 15:27:00,3896.97,3897.76,3896.31,3896.81,8688
TCS,2024-06-12 15:28:00,3897.76,3898.90,3897.56,3898.43,4675
TCS,2024-06-12 15:29:00,3898.01,3899.43,3897.01,3898.13,8566
TCS,2024-06-13 09:15:00,3897.12,3897.97,3896.08,3897.91,7551
TCS,2024-06-13 09:16:00,3898.53,3898.96,3898.37,3898.93,6895
TCS,2024-06-13 09:17:00,3899.01,3899.42,3898.83,3899.19,3089
TCS,2024-06-13 09:18:00,3898.71,3898.77,3898.18,3898.50,3494
TCS,2024-06-13 09:19:00,3897.37,3898.52,3896.35,3898.20,3986
TCS,2024-06-13 09:20:00,3897.34,3898.40,3895.88,3896.46,2444
TCS,2024-06-13 09:21:00,3895.52,3896.60,3894.96,3895.89,6925
TCS,2024-06-13 09:22:00,3895.15,3896.17,3894.39,3894.79,8438
TCS,2024-06-13 09:23:00,3894.32,3895.06,3893.15,3894.85,6764
TCS,2024-06-13 09:24:00,3894.19,3894.62,3893.42,3894.30,2000
TCS,2024-06-13 09:25:00,3895.48,3895.67,3894.34,3895.53,8156
TCS,2024-06-13 09:26:00,3895.78,3896.66,3895.13,3895.63,4070
TCS,2024-06-13 09:27:00,3895.47,3896.13,3895.36,3895.61,8517
TCS,2024-06-13 09:28:00,3895.92,3896.15,3895.34,3896.09,2799
TCS,2024-06-13 09:29:00,3895.61,3895.68,3894.28,3895.00,7121
TCS,2024-06-13 09:30:00,3896.04,3897.53,3894.57,3896.06,7665
TCS,2024-06-13 09:31:00,3896.22,3897.06,3895.77,3896.38,1441
TCS,2024-06-13 09:32:00,3897.06,3898.09,3895.90,3896.62,7627
TCS,2024-06-13 09:33:00,3897.76,3898.76,3896.78,3898.33,5348
TCS,2024-06-13 09:34:00,3898.11,3899.18,3897.23,3898.30,2103
TCS,2024-06-13 09:35:00,3897.36,3898.09,3896.54,3897.19,1071
TCS,2024-06-13 09:36:00,3896.34,3897.81,3895.92,3897.76,4395
TCS,2024-06-13 09:37:00,3897.52,3897.58,3896.48,3896.75,1079
TCS,2024-06-13 09:38:00,3895.88,3897.24,3895.79,3896.68,8784
TCS,2024-06-13 09:39:00,3896.61,3896.90,3895.18,3895.82,7688
TCS,2024-06-13 09:40:00,3895.33,3895.50,3894.87,3895.27,2771
TCS,2024-06-13 09:41:00,3896.02,3896.83,3894.87,3895.69,4497
TCS,2024-06-13 09:42:00,3896.79,3897.59,3895.59,3896.06,8314
TCS,2024-06-13 09:43:00,3897.30,3897.97,3896.65,3896.83,4929
TCS,2024-06-13 09:44:00,3896.24,3896.25,3896.00,3896.21,5013
TCS,2024-06-13 09:45:00,3895.94,3897.41,3894.58,3895.66,3837
TCS,2024-06-13 09:46:00,3896.76,3897.43,3895.31,3896.74,4435
TCS,2024-06-13 09:47:00,3897.39,3898.09,3897.15,3897.70,6271
TCS,2024-06-13 09:48:00,3897.30,3898.40,3896.72,3896.81,4198
TCS,2024-06-13 09:49:00,3896.98,3897.08,3896.74,3896.83,2934
TCS,2024-06-13 09:50:00,3897.98,3898.83,3897.15,3898.11,1190
TCS,2024-06-13 09:51:00,3898.60,3899.37,3898.03,3898.36,3251
TCS,2024-06-13 09:52:00,3898.89,3899.40,3897.41,3898.62,1596
TCS,2024-06-13 09:53:00,3898.07,3899.21,3897.19,3899.05,7751
TCS,2024-06-13 09:54:00,3899.91,3900.99,3898.49,3899.92,1914
TCS,2024-06-13 09:55:00,3900.15,3901.20,3899.99,3901.13,1131
TCS,2024-06-13 09:56:00,3900.10,3901.02,3899.76,3900.50,2947
TCS,2024-06-13 09:57:00,3901.33,3902.76,3900.78,3901.85,7116
TCS,2024-06-13 09:58:00,3901.91,3902.17,3901.09,3901.31,8576
TCS,2024-06-13 09:59:00,3902.15,3902.95,3901.08,3902.38,1422
TCS,2024-06-13 10:00:00,3901.81,3901.99,3901.55,3901.57,8082
TCS,2024-06-13 10:01:00,3902.77,3903.91,3902.48,3902.94,4491
TCS,2024-06-13 10:02:00,3903.66,3904.81,3902.86,3904.78,8560
TCS,2024-06-13 10:03:00,3903.72,3904.22,3902.27,3902.85,2945
TCS,2024-06-13 10:04:00,3903.99,3905.17,3902.98,3903.25,7601
TCS,2024-06-13 10:05:00,3904.39,3905.85,3903.81,3905.44,5081
TCS,2024-06-13 10:06:00,3906.39,3907.03,3905.38,3906.62,2687
TCS,2024-06-13 10:07:00,3907.15,3907.81,3905.82,3906.87,7372
TCS,2024-06-13 10:08:00,3906.50,3907.19,3906.25,3906.25,6415
TCS,2024-06-13 10:09:00,3906.93,3907.07,3906.46,3906.47,4049
TCS,2024-06-13 10:10:00,3905.57,3906.51,3905.47,3905.76,1442
TCS,2024-06-13 10:11:00,3905.22,3906.37,3905.22,3905.85,8094
TCS,2024-06-13 10:12:00,3904.99,3905.99,3904.86,3905.53,1303
TCS,2024-06-13 10:13:00,3904.49,3904.85,3903.71,3903.88,4636
TCS,2024-06-13 10:14:00,3902.80,3903.90,3901.97,3903.35,1793
TCS,2024-06-13 10:15:00,3902.35,3903.38,3901.19,3902.59,6703
TCS,2024-06-13 10:16:00,3902.68,3903.43,3901.60,3902.42,4864
TCS,2024-06-13 10:17:00,3901.62,3902.32,3901.29,3901.65,5349
TCS,2024-06-13 10:18:00,3902.05,3902.77,3901.71,3902.51,2111
TCS,2024-06-13 10:19:00,3903.73,3903.86,3903.50,3903.68,5665
TCS,2024-06-13 10:20:00,3903.85,3903.91,3903.08,3903.49,7454
TCS,2024-06-13 10:21:00,3904.05,3904.28,3903.95,3904.26,8729
TCS,2024-06-13 10:22:00,3904.09,3904.65,3903.37,3903.80,6776
TCS,2024-06-13 10:23:00,3904.07,3904.09,3903.56,3903.68,1251
TCS,2024-06-13 10:24:00,3904.09,3905.34,3902.92,3905.10,8580
TCS,2024-06-13 10:25:00,3905.87,3906.87,3904.40,3904.97,4821
TCS,2024-06-13 10:26:00,3906.00,3906.65,3905.82,3906.23,2265
TCS,2024-06-13 10:27:00,3905.65,3906.75,3905.32,3906.70,7508
TCS,2024-06-13 10:28:00,3907.52,3908.40,3906.20,3908.21,4461
TCS,2024-06-13 10:29:00,3908.76,3909.48,3908.73,3909.36,4254
TCS,2024-06-13 10:30:00,3908.95,3909.56,3907.66,3908.79,1323
TCS,2024-06-13 10:31:00,3909.65,3910.05,3909.08,3909.17,1828
TCS,2024-06-13 10:32:00,3909.88,3910.73,3909.20,3910.36,8414
TCS,2024-06-13 10:33:00,3910.63,3911.43,3910.54,3911.41,2760
TCS,2024-06-13 10:34:00,3910.40,3911.38,3909.82,3909.97,2055
TCS,2024-06-13 10:35:00,3909.76,3909.87,3908.84,3909.24,7538
TCS,2024-06-13 10:36:00,3909.91,3911.23,3909.23,3909.59,1336
TCS,2024-06-13 10:37:00,3908.54,3909.66,3907.68,3908.10,4389
TCS,2024-06-13 10:38:00,3907.59,3908.55,3906.23,3907.28,7306
TCS,2024-06-13 10:39:00,3908.24,3908.67,3907.52,3907.60,6815
TCS,2024-06-13 10:40:00,3908.30,3908.95,3908.17,3908.67,2323
TCS,2024-06-13 10:41:00,3908.38,3908.58,3907.59,3907.65,8985
TCS,2024-06-13 10:42:00,3908.36,3908.40,3907.61,3908.30,5405
TCS,2024-06-13 10:43:00,3907.10,3907.30,3906.37,3906.65,4902
TCS,2024-06-13 10:44:00,3906.20,3906.43,3905.19,3905.34,1962
TCS,2024-06-13 10:45:00,3905.49,3905.55,3904.06,3904.62,2989
TCS,2024-06-13 10:46:00,3904.34,3905.38,3903.21,3904.76,3376
TCS,2024-06-13 10:47:00,3905.71,3906.93,3904.26,3906.08,4544
TCS,2024-06-13 10:48:00,3905.75,3905.96,3905.36,3905.77,8177
TCS,2024-06-13 10:49:00,3905.89,3907.09,3904.72,3905.42,8844
TCS,2024-06-13 10:50:00,3906.02,3906.28,3905.49,3905.63,8656
TCS,2024-06-13 10:51:00,3904.52,3904.80,3903.68,3904.15,5657
TCS,2024-06-13 10:52:00,3902.95,3904.20,3901.80,3902.33,6350
TCS,2024-06-13 10:53:00,3903.53,3904.98,3902.17,3903.70,1847
TCS,2024-06-13 10:54:00,3904.78,3906.14,3904.49,3905.61,7125
TCS,2024-06-13 10:55:00,3904.54,3905.15,3904.19,3904.52,3823
TCS,2024-06-13 10:56:00,3904.58,3905.28,3903.91,3904.13,1079
TCS,2024-06-13 10:57:00,3904.12,3904.23,3903.42,3903.66,3091
TCS,2024-06-13 10:58:00,3903.62,3903.96,3902.66,3903.80,8546
TCS,2024-06-13 10:59:00,3903.63,3904.93,3902.87,3903.50,3585
TCS,2024-06-13 11:00:00,3903.35,3903.56,3902.28,3902.95,8334
TCS,2024-06-13 11:01:00,3902.35,3902.39,3901.32,3901.95,3740
TCS,2024-06-13 11:02:00,3902.94,3903.79,3901.74,3902.98,3473
TCS,2024-06-13 11:03:00,3902.58,3903.07,3902.16,3902.85,1147
TCS,2024-06-13 11:04:00,3903.02,3903.33,3902.73,3902.91,8022
TCS,2024-06-13 11:05:00,3904.09,3905.55,3903.03,3905.00,6094
TCS,2024-06-13 11:06:00,3904.61,3905.06,3904.19,3904.99,4784
TCS,2024-06-13 11:07:00,3904.01,3904.78,3902.66,3903.50,5194
TCS,2024-06-13 11:08:00,3902.58,3903.25,3902.29,3902.34,4628
TCS,2024-06-13 11:09:00,3901.27,3901.63,3900.57,3901.07,8504
TCS,2024-06-13 11:10:00,3900.40,3900.75,3899.22,3900.08,5094
TCS,2024-06-13 11:11:00,3900.83,3901.51,3899.51,3899.77,8108
TCS,2024-06-13 11:12:00,3899.57,3900.33,3898.39,3899.41,2686
TCS,2024-06-13 11:13:00,3900.29,3901.27,3899.35,3899.88,1857
TCS,2024-06-13 11:14:00,3900.06,3901.02,3899.05,3900.54,1705
TCS,2024-06-13 11:15:00,3900.75,3900.79,3899.50,3900.17,6922
TCS,2024-06-13 11:16:00,3899.86,3901.03,3899.84,3900.14,5429
TCS,2024-06-13 11:17:00,3900.19,3900.86,3899.56,3899.75,2576
TCS,2024-06-13 11:18:00,3899.21,3900.62,3898.97,3899.92,2663
TCS,2024-06-13 11:19:00,3899.89,3901.02,3899.04,3899.72,1347
TCS,2024-06-13 11:20:00,3898.91,3899.43,3897.46,3898.63,7693
TCS,2024-06-13 11:21:00,3898.02,3898.76,3898.01,3898.06,3695
TCS,2024-06-13 11:22:00,3898.86,3899.33,3897.65,3898.82,3741
TCS,2024-06-13 11:23:00,3898.33,3898.37,3896.85,3897.02,1804
TCS,2024-06-13 11:24:00,3896.31,3896.42,3896.21,3896.38,5715
TCS,2024-06-13 11:25:00,3897.17,3898.47,3896.47,3896.69,8496
TCS,2024-06-13 11:26:00,3897.26,3898.03,3895.90,3896.03,5841
TCS,2024-06-13 11:27:00,3897.12,3897.96,3896.20,3896.81,5666
TCS,2024-06-13 11:28:00,3895.70,3896.42,3895.45,3896.12,3252
TCS,2024-06-13 11:29:00,3896.66,3897.40,3895.53,3896.52,2686
TCS,2024-06-13 11:30:00,3896.50,3897.04,3895.40,3896.93,5521
TCS,2024-06-13 11:31:00,3897.95,3898.46,3897.66,3897.76,4901
TCS,2024-06-13 11:32:00,3897.16,3897.31,3896.47,3896.99,3895
TCS,2024-06-13 11:33:00,3896.11,3896.48,3894.67,3894.75,5156
TCS,2024-06-13 11:34:00,3894.98,3895.22,3894.00,3894.08,4267
TCS,2024-06-13 11:35:00,3894.26,3895.36,3892.88,3894.22,2133
TCS,2024-06-13 11:36:00,3893.93,3895.08,3893.48,3894.99,7778
TCS,2024-06-13 11:37:00,3895.49,3896.62,3895.49,3895.71,5015
TCS,2024-06-13 11:38:00,3894.85,3895.69,3893.89,3894.86,4994
TCS,2024-06-13 11:39:00,3895.17,3896.66,3895.12,3895.50,1825
TCS,2024-06-13 11:40:00,3895.21,3895.37,3894.97,3895.02,5532
TCS,2024-06-13 11:41:00,3894.61,3895.42,3893.80,3893.93,8464
TCS,2024-06-13 11:42:00,3893.35,3894.83,3892.21,3893.55,4767
TCS,2024-06-13 11:43:00,3892.69,3894.08,3892.42,3892.59,5212
TCS,2024-06-13 11:44:00,3893.35,3894.35,3893.13,3893.15,4075
TCS,2024-06-13 11:45:00,3892.98,3894.30,3892.67,3893.53,1564
TCS,2024-06-13 11:46:00,3892.70,3893.86,3891.65,3893.72,1780
TCS,2024-06-13 11:47:00,3892.72,3892.85,3891.97,3892.50,2598
TCS,2024-06-13 11:48:00,3891.47,3892.14,3890.17,3890.64,7890
TCS,2024-06-13 11:49:00,3890.94,3891.34,3890.89,3890.89,7563
TCS,2024-06-13 11:50:00,3891.91,3893.15,3891.02,3891.33,7495
TCS,2024-06-13 11:51:00,3890.52,3891.96,3889.19,3889.32,2962
TCS,2024-06-13 11:52:00,3890.18,3891.57,3889.02,3889.13,4787
TCS,2024-06-13 11:53:00,3890.12,3891.53,3889.45,3890.99,6493
TCS,2024-06-13 11:54:00,3891.27,3891.57,3890.86,3891.30,4270
TCS,2024-06-13 11:55:00,3892.40,3893.78,3891.23,3892.58,3766
TCS,2024-06-13 11:56:00,3893.48,3894.37,3892.82,3893.29,2705
TCS,2024-06-13 11:57:00,3893.23,3893.92,3892.60,3893.77,5001
TCS,2024-06-13 11:58:00,3893.70,3894.45,3892.61,3893.35,6585
TCS,2024-06-13 11:59:00,3892.89,3894.39,3891.60,3893.83,6589
TCS,2024-06-13 12:00:00,3892.79,3893.48,3891.93,3892.97,7161
TCS,2024-06-13 12:01:00,3893.31,3894.62,3892.74,3894.06,5880
TCS,2024-06-13 12:02:00,3893.69,3893.82,3893.37,3893.81,7537
TCS,2024-06-13 12:03:00,3893.32,3894.73,3893.22,3893.78,1302
TCS,2024-06-13 12:04:00,3893.04,3893.09,3893.03,3893.06,6001
TCS,2024-06-13 12:05:00,3892.23,3892.24,3890.91,3892.02,5091
TCS,2024-06-13 12:06:00,3891.35,3891.50,3890.94,3891.38,4736
TCS,2024-06-13 12:07:00,3890.27,3891.29,3889.82,3890.66,7085
TCS,2024-06-13 12:08:00,3890.31,3891.05,3888.89,3890.31,7348
TCS,2024-06-13 12:09:00,3890.21,3890.99,3890.16,3890.61,6030
TCS,2024-06-13 12:10:00,3890.46,3891.64,3889.32,3890.30,3386
TCS,2024-06-13 12:11:00,3890.03,3890.16,3888.65,3889.08,8847
TCS,2024-06-13 12:12:00,3889.86,3889.96,3889.52,3889.87,5146
TCS,2024-06-13 12:13:00,3890.82,3891.02,3890.38,3890.44,5222
TCS,2024-06-13 12:14:00,3890.47,3891.57,3889.21,3890.43,2435
TCS,2024-06-13 12:15:00,3889.73,3890.52,3889.09,3889.90,3700
TCS,2024-06-13 12:16:00,3890.50,3891.21,3890.14,3890.34,1179
TCS,2024-06-13 12:17:00,3891.47,3891.50,3891.19,3891.48,1908
TCS,2024-06-13 12:18:00,3891.24,3891.57,3891.02,3891.03,6642
TCS,2024-06-13 12:19:00,3891.97,3892.81,3891.95,3892.13,8057
TCS,2024-06-13 12:20:00,3892.85,3893.63,3892.36,3892.76,1294
TCS,2024-06-13 12:21:00,3893.07,3893.86,3891.65,3893.40,8612
TCS,2024-06-13 12:22:00,3894.54,3895.56,3894.10,3894.74,1982
TCS,2024-06-13 12:23:00,3895.52,3895.90,3895.16,3895.63,7720
TCS,2024-06-13 12:24:00,3895.66,3896.19,3894.72,3895.39,3605
TCS,2024-06-13 12:25:00,3894.76,3896.22,3894.26,3895.85,7351
TCS,2024-06-13 12:26:00,3895.79,3897.08,3894.58,3896.74,4837
TCS,2024-06-13 12:27:00,3896.58,3897.90,3896.42,3897.14,1651
TCS,2024-06-13 12:28:00,3896.01,3897.28,3895.52,3896.59,1454
TCS,2024-06-13 12:29:00,3895.48,3895.84,3895.42,3895.62,3592
TCS,2024-06-13 12:30:00,3896.37,3897.74,3896.37,3896.78,5311
TCS,2024-06-13 12:31:00,3897.76,3899.01,3897.23,3898.16,8546
TCS,2024-06-13 12:32:00,3898.93,3899.51,3897.62,3899.47,2192
TCS,2024-06-13 12:33:00,3898.41,3899.06,3898.25,3898.43,5020
TCS,2024-06-13 12:34:00,3899.67,3900.90,3899.37,3899.99,3307
TCS,2024-06-13 12:35:00,3899.41,3900.57,3899.03,3899.68,8690
TCS,2024-06-13 12:36:00,3899.31,3900.40,3898.21,3899.76,8700
TCS,2024-06-13 12:37:00,3900.88,3901.67,3900.70,3901.01,2484
TCS,2024-06-13 12:38:00,3901.68,3902.41,3900.95,3901.61,1805
TCS,2024-06-13 12:39:00,3900.46,3901.68,3899.25,3900.48,4672
TCS,2024-06-13 12:40:00,3899.53,3899.58,3899.35,3899.38,7275
TCS,2024-06-13 12:41:00,3900.08,3901.08,3899.02,3900.00,1251
TCS,2024-06-13 12:42:00,3900.21,3900.61,3899.63,3900.59,5964
TCS,2024-06-13 12:43:00,3899.89,3901.15,3898.90,3898.98,4444
TCS,2024-06-13 12:44:00,3899.09,3899.41,3898.07,3898.74,6474
TCS,2024-06-13 12:45:00,3899.01,3900.38,3898.43,3899.77,1646
TCS,2024-06-13 12:46:00,3899.08,3899.60,3898.99,3899.47,2820
TCS,2024-06-13 12:47:00,3899.65,3901.12,3899.50,3899.72,4179
TCS,2024-06-13 12:48:00,3898.97,3900.07,3897.75,3898.76,7430
TCS,2024-06-13 12:49:00,3898.13,3898.16,3896.83,3897.16,7846
TCS,2024-06-13 12:50:00,3896.86,3898.25,3895.57,3897.58,4245
TCS,2024-06-13 12:51:00,3898.71,3899.18,3897.62,3898.61,1675
TCS,2024-06-13 12:52:00,3899.37,3899.50,3898.89,3899.21,4160
TCS,2024-06-13 12:53:00,3898.73,3899.59,3898.33,3899.21,5863
TCS,2024-06-13 12:54:00,3898.56,3898.68,3898.36,3898.41,4797
TCS,2024-06-13 12:55:00,3898.48,3898.65,3898.26,3898.36,5587
TCS,2024-06-13 12:56:00,3897.22,3898.44,3896.32,3896.87,3352
TCS,2024-06-13 12:57:00,3896.47,3897.58,3895.80,3896.43,7106
TCS,2024-06-13 12:58:00,3896.71,3897.66,3895.42,3897.24,7283
TCS,2024-06-13 12:59:00,3897.26,3898.14,3896.17,3897.41,1630
TCS,2024-06-13 13:00:00,3897.69,3898.23,3897.56,3897.63,8427
TCS,2024-06-13 13:01:00,3898.70,3899.78,3897.74,3899.28,5124
TCS,2024-06-13 13:02:00,3898.88,3899.48,3898.14,3898.96,6817
TCS,2024-06-13 13:03:00,3898.94,3900.34,3898.50,3898.50,7786
TCS,2024-06-13 13:04:00,3898.16,3898.35,3896.70,3897.18,7922
TCS,2024-06-13 13:05:00,3897.85,3897.90,3896.94,3897.01,3110
TCS,2024-06-13 13:06:00,3897.20,3897.61,3896.33,3897.59,5791
TCS,2024-06-13 13:07:00,3898.40,3899.50,3898.36,3899.48,5111
TCS,2024-06-13 13:08:00,3898.50,3899.21,3897.58,3899.19,2412
TCS,2024-06-13 13:09:00,3899.92,3901.20,3899.32,3900.45,5235
TCS,2024-06-13 13:10:00,3899.59,3900.91,3898.60,3900.66,1379
TCS,2024-06-13 13:11:00,3900.37,3901.28,3899.03,3900.24,6050
TCS,2024-06-13 13:12:00,3900.60,3901.05,3899.72,3900.17,8884
TCS,2024-06-13 13:13:00,3900.37,3901.34,3900.31,3900.44,4813
TCS,2024-06-13 13:14:00,3900.32,3901.69,3900.07,3900.31,6748
TCS,2024-06-13 13:15:00,3900.63,3901.59,3900.06,3900.97,4203
TCS,2024-06-13 13:16:00,3900.52,3900.65,3900.44,3900.57,7098
TCS,2024-06-13 13:17:00,3899.52,3900.86,3899.40,3900.05,7007
TCS,2024-06-13 13:18:00,3900.67,3900.99,3899.49,3900.32,1176
TCS,2024-06-13 13:19:00,3899.74,3900.98,3899.41,3900.90,6598
TCS,2024-06-13 13:20:00,3901.78,3902.69,3901.20,3901.77,5421
TCS,2024-06-13 13:21:00,3902.79,3903.00,3901.77,3902.39,7882
TCS,2024-06-13 13:22:00,3901.75,3902.07,3901.69,3902.04,7664
TCS,2024-06-13 13:23:00,3901.45,3901.93,3900.30,3901.17,2191
TCS,2024-06-13 13:24:00,3902.19,3903.42,3901.82,3902.64,4415
TCS,2024-06-13 13:25:00,3902.39,3903.12,3902.03,3902.19,7745
TCS,2024-06-13 13:26:00,3902.39,3902.80,3902.07,3902.44,3536
TCS,2024-06-13 13:27:00,3902.86,3903.27,3901.89,3901.99,8877
TCS,2024-06-13 13:28:00,3901.15,3901.59,3899.93,3900.21,6694
TCS,2024-06-13 13:29:00,3900.53,3901.74,3899.20,3900.45,3721
TCS,2024-06-13 13:30:00,3901.09,3901.51,3900.30,3901.21,4624
TCS,2024-06-13 13:31:00,3901.51,3901.58,3900.34,3900.62,4674
TCS,2024-06-13 13:32:00,3899.43,3900.65,3898.87,3899.73,1250
TCS,2024-06-13 13:33:00,3899.47,3900.95,3899.12,3900.25,4852
TCS,2024-06-13 13:34:00,3899.32,3900.02,3899.07,3899.80,7958
TCS,2024-06-13 13:35:00,3900.13,3900.51,3899.82,3900.27,5510
TCS,2024-06-13 13:36:00,3899.44,3900.84,3898.20,3899.33,8977
TCS,2024-06-13 13:37:00,3898.85,3899.78,3898.76,3899.12,8522
TCS,2024-06-13 13:38:00,3899.29,3900.70,3899.08,3900.09,1641
TCS,2024-06-13 13:39:00,3898.99,3899.76,3898.07,3898.11,6908
TCS,2024-06-13 13:40:00,3898.87,3899.86,3897.90,3899.46,1210
TCS,2024-06-13 13:41:00,3900.71,3902.05,3900.15,3900.19,3960
TCS,2024-06-13 13:42:00,3899.67,3901.16,3898.90,3900.86,7133
TCS,2024-06-13 13:43:00,3900.72,3901.05,3899.60,3900.28,5278
TCS,2024-06-13 13:44:00,3899.11,3899.15,3897.72,3898.30,7829
TCS,2024-06-13 13:45:00,3898.82,3899.65,3897.55,3899.16,7338
TCS,2024-06-13 13:46:00,3898.70,3899.39,3898.65,3898.85,8733
TCS,2024-06-13 13:47:00,3899.48,3899.74,3898.55,3898.62,6529
TCS,2024-06-13 13:48:00,3898.06,3899.52,3897.35,3898.26,3401
TCS,2024-06-13 13:49:00,3897.57,3898.28,3896.73,3897.16,8583
TCS,2024-06-13 13:50:00,3897.38,3897.68,3897.05,3897.17,2524
TCS,2024-06-13 13:51:00,3897.76,3898.55,3896.68,3897.73,7503
TCS,2024-06-13 13:52:00,3898.70,3899.66,3897.94,3899.62,3655
TCS,2024-06-13 13:53:00,3900.45,3900.83,3899.03,3899.22,4705
TCS,2024-06-13 13:54:00,3899.39,3900.88,3898.35,3900.10,3792
TCS,2024-06-13 13:55:00,3899.72,3900.77,3899.39,3899.65,3562
TCS,2024-06-13 13:56:00,3899.20,3900.25,3899.01,3899.22,3102
TCS,2024-06-13 13:57:00,3900.26,3900.33,3899.96,3900.04,5060
TCS,2024-06-13 13:58:00,3899.02,3900.01,3898.84,3899.92,2850
TCS,2024-06-13 13:59:00,3898.98,3899.16,3898.08,3898.18,7234
TCS,2024-06-13 14:00:00,3897.93,3899.36,3896.68,3898.99,5015
TCS,2024-06-13 14:01:00,3898.67,3898.89,3897.97,3898.24,7677
TCS,2024-06-13 14:02:00,3899.32,3899.86,3898.23,3899.33,8739
TCS,2024-06-13 14:03:00,3899.11,3899.29,3899.08,3899.17,4100
TCS,2024-06-13 14:04:00,3898.14,3898.99,3896.76,3896.84,8903
TCS,2024-06-13 14:05:00,3895.91,3895.92,3895.28,3895.72,3655
TCS,2024-06-13 14:06:00,3896.20,3897.16,3895.96,3896.05,7796
TCS,2024-06-13 14:07:00,3895.36,3895.53,3895.10,3895.52,3605
TCS,2024-06-13 14:08:00,3895.22,3896.20,3893.99,3894.45,6171
TCS,2024-06-13 14:09:00,3895.08,3896.03,3894.21,3895.31,1621
TCS,2024-06-13 14:10:00,3894.23,3894.24,3893.90,3894.01,5342
TCS,2024-06-13 14:11:00,3894.01,3894.93,3893.59,3893.91,2294
TCS,2024-06-13 14:12:00,3892.73,3892.94,3891.64,3892.23,3588
TCS,2024-06-13 14:13:00,3893.22,3893.41,3891.75,3892.34,4507
TCS,2024-06-13 14:14:00,3892.52,3892.88,3891.89,3892.33,5104
TCS,2024-06-13 14:15:00,3892.63,3893.57,3892.62,3893.13,1493
TCS,2024-06-13 14:16:00,3893.72,3895.05,3893.24,3893.26,5329
TCS,2024-06-13 14:17:00,3894.07,3894.36,3893.98,3894.09,6555
TCS,2024-06-13 14:18:00,3893.33,3894.40,3893.15,3893.72,6725
TCS,2024-06-13 14:19:00,3892.97,3893.12,3891.53,3891.84,6363
TCS,2024-06-13 14:20:00,3890.74,3891.83,3889.65,3889.95,1645
TCS,2024-06-13 14:21:00,3890.62,3890.77,3890.52,3890.68,8855
TCS,2024-06-13 14:22:00,3890.61,3891.48,3889.32,3890.65,8809
TCS,2024-06-13 14:23:00,3889.95,3890.55,3888.91,3889.48,3130
TCS,2024-06-13 14:24:00,3890.42,3890.71,3889.71,3890.61,1675
TCS,2024-06-13 14:25:00,3890.09,3891.22,3890.07,3890.67,3367
TCS,2024-06-13 14:26:00,3890.65,3891.84,3889.22,3891.10,5038
TCS,2024-06-13 14:27:00,3892.18,3892.39,3891.42,3892.02,1174
TCS,2024-06-13 14:28:00,3892.99,3894.48,3892.45,3893.84,6384
TCS,2024-06-13 14:29:00,3893.17,3893.84,3891.98,3893.77,8350
TCS,2024-06-13 14:30:00,3893.41,3894.41,3893.29,3893.98,5668
TCS,2024-06-13 14:31:00,3893.09,3893.85,3891.70,3892.73,4642
TCS,2024-06-13 14:32:00,3893.72,3894.19,3893.01,3893.86,4041
TCS,2024-06-13 14:33:00,3893.51,3894.55,3892.70,3893.82,4306
TCS,2024-06-13 14:34:00,3894.69,3895.37,3894.45,3895.14,1650
TCS,2024-06-13 14:35:00,3894.84,3895.16,3893.77,3893.80,7827
TCS,2024-06-13 14:36:00,3892.74,3893.91,3891.82,3892.47,1578
TCS,2024-06-13 14:37:00,3892.73,3893.17,3892.50,3892.72,5826
TCS,2024-06-13 14:38:00,3892.29,3893.79,3891.18,3891.84,6908
TCS,2024-06-13 14:39:00,3892.49,3893.06,3892.42,3892.98,2198
TCS,2024-06-13 14:40:00,3892.96,3893.59,3892.45,3893.09,4484
TCS,2024-06-13 14:41:00,3892.91,3893.15,3891.74,3892.78,6143
TCS,2024-06-13 14:42:00,3893.17,3894.47,3892.09,3893.27,2502
TCS,2024-06-13 14:43:00,3893.24,3893.81,3891.76,3893.38,8774
TCS,2024-06-13 14:44:00,3892.67,3893.61,3891.98,3893.59,2785
TCS,2024-06-13 14:45:00,3894.40,3895.74,3893.22,3894.59,5664
TCS,2024-06-13 14:46:00,3895.44,3895.81,3894.81,3895.19,2680
TCS,2024-06-13 14:47:00,3894.19,3894.48,3893.79,3894.16,3549
TCS,2024-06-13 14:48:00,3893.06,3893.37,3892.89,3893.07,2001
TCS,2024-06-13 14:49:00,3891.92,3892.57,3891.02,3891.83,1146
TCS,2024-06-13 14:50:00,3892.48,3892.98,3891.29,3892.65,5492
TCS,2024-06-13 14:51:00,3893.48,3894.74,3892.28,3893.43,2777
TCS,2024-06-13 14:52:00,3892.55,3892.58,3892.14,3892.26,3561
TCS,2024-06-13 14:53:00,3891.40,3892.07,3890.43,3891.49,3552
TCS,2024-06-13 14:54:00,3890.90,3891.07,3890.68,3890.94,2727
TCS,2024-06-13 14:55:00,3889.84,3889.96,3889.54,3889.55,6542
TCS,2024-06-13 14:56:00,3888.75,3889.60,3888.61,3888.83,3477
TCS,2024-06-13 14:57:00,3889.83,3890.12,3888.83,3890.04,6672
TCS,2024-06-13 14:58:00,3890.56,3891.80,3889.46,3891.15,1666
TCS,2024-06-13 14:59:00,3891.16,3891.58,3889.84,3890.66,1800
TCS,2024-06-13 15:00:00,3891.26,3891.96,3890.49,3891.13,7254
TCS,2024-06-13 15:01:00,3891.75,3893.04,3891.75,3892.45,8408
TCS,2024-06-13 15:02:00,3893.41,3894.17,3892.87,3893.43,8752
TCS,2024-06-13 15:03:00,3894.32,3895.05,3894.15,3894.50,1155
TCS,2024-06-13 15:04:00,3894.19,3894.76,3893.42,3894.02,3780
TCS,2024-06-13 15:05:00,3893.00,3894.00,3892.15,3893.13,3479
TCS,2024-06-13 15:06:00,3894.20,3894.77,3892.87,3894.45,8270
TCS,2024-06-13 15:07:00,3895.39,3896.23,3894.89,3895.07,5187
TCS,2024-06-13 15:08:00,3895.03,3896.19,3894.40,3895.92,3453
TCS,2024-06-13 15:09:00,3895.40,3896.86,3894.56,3896.29,2566
TCS,2024-06-13 15:10:00,3897.40,3897.65,3896.85,3897.12,1103
TCS,2024-06-13 15:11:00,3896.38,3897.06,3895.02,3895.82,2677
TCS,2024-06-13 15:12:00,3894.97,3896.05,3894.42,3895.87,1043
TCS,2024-06-13 15:13:00,3895.31,3895.64,3895.14,3895.47,1577
TCS,2024-06-13 15:14:00,3896.40,3897.54,3895.38,3897.14,6341
TCS,2024-06-13 15:15:00,3897.79,3899.26,3897.22,3898.65,5786
TCS,2024-06-13 15:16:00,3899.47,3899.56,3898.68,3898.82,4132
TCS,2024-06-13 15:17:00,3898.31,3898.45,3898.26,3898.29,1436
TCS,2024-06-13 15:18:00,3898.96,3899.78,3897.50,3899.38,5746
TCS,2024-06-13 15:19:00,3898.53,3899.92,3897.26,3898.47,1844
TCS,2024-06-13 15:20:00,3899.69,3901.00,3898.67,3899.77,4799
TCS,2024-06-13 15:21:00,3899.43,3900.81,3898.51,3900.09,7946
TCS,2024-06-13 15:22:00,3899.77,3899.94,3899.16,3899.43,3097
TCS,2024-06-13 15:23:00,3898.67,3898.82,3897.51,3898.32,2493
TCS,2024-06-13 15:24:00,3899.37,3899.85,3898.04,3899.42,5849
TCS,2024-06-13 15:25:00,3900.13,3901.04,3898.64,3900.41,7429
TCS,2024-06-13 15:26:00,3901.47,3902.72,3901.37,3902.03,7918
TCS,2024-06-13 15:27:00,3902.64,3903.41,3901.72,3902.54,3840
TCS,2024-06-13 15:28:00,3902.71,3903.54,3901.55,3901.99,4850
TCS,2024-06-13 15:29:00,3901.74,3902.37,3900.26,3900.89,3346
TCS,2024-06-14 09:15:00,3900.27,3901.56,3900.15,3901.53,6225
TCS,2024-06-14 09:16:00,3901.70,3901.76,3900.28,3901.52,2419
TCS,2024-06-14 09:17:00,3901.16,3901.48,3900.19,3900.31,4696
TCS,2024-06-14 09:18:00,3899.67,3900.48,3898.56,3900.10,3919
TCS,2024-06-14 09:19:00,3900.27,3900.31,3898.80,3900.23,2782
TCS,2024-06-14 09:20:00,3899.74,3900.93,3899.02,3899.59,4393
TCS,2024-06-14 09:21:00,3899.60,3900.57,3899.00,3899.03,5285
TCS,2024-06-14 09:22:00,3899.83,3901.15,3899.16,3899.48,6553
TCS,2024-06-14 09:23:00,3900.70,3901.77,3900.33,3901.04,2045
TCS,2024-06-14 09:24:00,3900.25,3901.67,3898.95,3900.79,1480
TCS,2024-06-14 09:25:00,3900.18,3901.64,3899.30,3900.59,4820
TCS,2024-06-14 09:26:00,3900.79,3901.68,3900.08,3901.43,4832
TCS,2024-06-14 09:27:00,3901.36,3901.59,3900.30,3901.46,7291
TCS,2024-06-14 09:28:00,3901.88,3902.55,3901.86,3902.15,2857
TCS,2024-06-14 09:29:00,3903.10,3904.31,3902.56,3903.68,7736
TCS,2024-06-14 09:30:00,3904.47,3904.95,3903.36,3904.29,5932
TCS,2024-06-14 09:31:00,3904.42,3904.59,3903.99,3904.01,1311
TCS,2024-06-14 09:32:00,3904.48,3905.20,3904.40,3905.16,4599
TCS,2024-06-14 09:33:00,3904.94,3905.54,3904.53,3905.33,5187
TCS,2024-06-14 09:34:00,3904.41,3904.70,3904.14,3904.38,6855
TCS,2024-06-14 09:35:00,3905.37,3906.55,3904.26,3906.10,5277
TCS,2024-06-14 09:36:00,3905.99,3906.67,3904.49,3904.65,3583
TCS,2024-06-14 09:37:00,3904.92,3905.53,3903.53,3905.06,3913
TCS,2024-06-14 09:38:00,3905.51,3905.52,3904.24,3905.27,8311
TCS,2024-06-14 09:39:00,3905.25,3905.47,3904.77,3905.29,8550
TCS,2024-06-14 09:40:00,3906.27,3906.91,3904.92,3905.32,6431
TCS,2024-06-14 09:41:00,3906.31,3907.50,3906.07,3907.15,6537
TCS,2024-06-14 09:42:00,3907.32,3907.87,3906.47,3907.82,6114
TCS,2024-06-14 09:43:00,3907.01,3907.62,3907.00,3907.21,5222
TCS,2024-06-14 09:44:00,3906.40,3906.67,3905.19,3906.64,1168
TCS,2024-06-14 09:45:00,3906.38,3907.40,3905.05,3905.33,7779
TCS,2024-06-14 09:46:00,3906.46,3907.36,3906.30,3907.18,5224
TCS,2024-06-14 09:47:00,3906.80,3907.33,3906.37,3907.13,6184
TCS,2024-06-14 09:48:00,3906.64,3906.71,3905.57,3905.68,6786
TCS,2024-06-14 09:49:00,3905.97,3906.97,3905.51,3906.75,6043
TCS,2024-06-14 09:50:00,3905.56,3906.68,3904.61,3905.67,8881
TCS,2024-06-14 09:51:00,3905.45,3906.86,3904.79,3905.18,4375
TCS,2024-06-14 09:52:00,3905.22,3905.33,3904.11,3904.64,8512
TCS,2024-06-14 09:53:00,3904.58,3905.20,3903.71,3905.17,5862
TCS,2024-06-14 09:54:00,3905.74,3906.70,3904.76,3905.38,5014
TCS,2024-06-14 09:55:00,3906.41,3906.50,3906.01,3906.07,5328
TCS,2024-06-14 09:56:00,3906.36,3906.88,3906.10,3906.25,8266
TCS,2024-06-14 09:57:00,3906.37,3907.27,3904.96,3907.14,8885
TCS,2024-06-14 09:58:00,3907.37,3908.81,3906.19,3907.70,5866
TCS,2024-06-14 09:59:00,3907.72,3908.40,3907.02,3907.74,1771
TCS,2024-06-14 10:00:00,3906.54,3907.94,3906.22,3907.88,5106
TCS,2024-06-14 10:01:00,3907.40,3908.50,3906.74,3906.80,5386
TCS,2024-06-14 10:02:00,3906.36,3906.36,3906.03,3906.17,8508
TCS,2024-06-14 10:03:00,3907.29,3908.76,3905.92,3907.63,4202
TCS,2024-06-14 10:04:00,3906.74,3907.45,3905.76,3906.12,7880
TCS,2024-06-14 10:05:00,3907.09,3907.72,3906.22,3906.44,5248
TCS,2024-06-14 10:06:00,3906.68,3907.54,3906.22,3906.57,8554
TCS,2024-06-14 10:07:00,3905.99,3906.55,3905.17,3905.71,4880
TCS,2024-06-14 10:08:00,3905.90,3907.22,3905.55,3905.96,5418
TCS,2024-06-14 10:09:00,3906.15,3906.25,3906.02,3906.09,1646
TCS,2024-06-14 10:10:00,3906.15,3907.41,3905.85,3907.32,5683
TCS,2024-06-14 10:11:00,3907.12,3907.99,3907.11,3907.60,4449
TCS,2024-06-14 10:12:00,3908.46,3909.11,3907.86,3909.01,6624
TCS,2024-06-14 10:13:00,3907.86,3908.37,3906.94,3908.24,3613
TCS,2024-06-14 10:14:00,3909.38,3910.72,3909.20,3909.92,3519
TCS,2024-06-14 10:15:00,3910.55,3911.55,3909.29,3909.42,7813
TCS,2024-06-14 10:16:00,3909.26,3910.35,3908.16,3909.56,3721
TCS,2024-06-14 10:17:00,3910.42,3910.85,3909.66,3910.56,5385
TCS,2024-06-14 10:18:00,3910.76,3912.04,3910.38,3910.62,4739
TCS,2024-06-14 10:19:00,3910.48,3911.70,3910.42,3911.42,3920
TCS,2024-06-14 10:20:00,3911.59,3912.45,3910.82,3911.86,6903
TCS,2024-06-14 10:21:00,3912.49,3913.61,3911.00,3913.22,1539
TCS,2024-06-14 10:22:00,3914.25,3915.48,3913.67,3914.86,3489
TCS,2024-06-14 10:23:00,3915.90,3916.26,3915.28,3916.23,6521
TCS,2024-06-14 10:24:00,3917.13,3917.34,3916.96,3917.22,2753
TCS,2024-06-14 10:25:00,3918.37,3918.92,3917.79,3918.26,8468
TCS,2024-06-14 10:26:00,3918.53,3919.42,3918.13,3919.09,3786
TCS,2024-06-14 10:27:00,3918.71,3919.79,3918.19,3918.76,4477
TCS,2024-06-14 10:28:00,3919.63,3920.93,3918.99,3920.87,7474
TCS,2024-06-14 10:29:00,3921.90,3922.78,3921.01,3922.27,1505
TCS,2024-06-14 10:30:00,3921.18,3922.45,3921.08,3921.37,2659
TCS,2024-06-14 10:31:00,3921.60,3922.84,3920.82,3921.47,2419
TCS,2024-06-14 10:32:00,3922.06,3923.39,3921.51,3921.93,8681
TCS,2024-06-14 10:33:00,3922.23,3922.74,3921.53,3922.37,3472
TCS,2024-06-14 10:34:00,3921.65,3921.75,3920.61,3921.50,7093
TCS,2024-06-14 10:35:00,3920.78,3921.62,3919.29,3920.47,6426
TCS,2024-06-14 10:36:00,3919.80,3920.80,3919.27,3920.65,1117
TCS,2024-06-14 10:37:00,3920.13,3920.76,3919.89,3920.56,1821
TCS,2024-06-14 10:38:00,3920.39,3921.87,3919.70,3921.11,6206
TCS,2024-06-14 10:39:00,3922.35,3922.77,3921.82,3922.66,6671
TCS,2024-06-14 10:40:00,3922.51,3923.44,3921.49,3921.70,3229
TCS,2024-06-14 10:41:00,3921.39,3922.84,3920.24,3922.31,5695
TCS,2024-06-14 10:42:00,3921.17,3921.81,3920.83,3921.68,8400
TCS,2024-06-14 10:43:00,3920.59,3921.78,3919.82,3921.53,1774
TCS,2024-06-14 10:44:00,3920.39,3921.88,3919.24,3920.91,3263
TCS,2024-06-14 10:45:00,3921.85,3923.02,3921.54,3922.19,4062
TCS,2024-06-14 10:46:00,3922.49,3922.97,3922.03,3922.42,4275
TCS,2024-06-14 10:47:00,3923.34,3924.34,3923.24,3923.63,2270
TCS,2024-06-14 10:48:00,3923.54,3924.39,3922.24,3922.44,7962
TCS,2024-06-14 10:49:00,3923.10,3923.15,3923.07,3923.14,1752
TCS,2024-06-14 10:50:00,3923.80,3925.27,3923.54,3924.92,6660
TCS,2024-06-14 10:51:00,3924.57,3925.83,3923.39,3924.55,5986
TCS,2024-06-14 10:52:00,3924.13,3924.93,3923.06,3923.06,6409
TCS,2024-06-14 10:53:00,3922.03,3922.75,3921.66,3922.09,6009
TCS,2024-06-14 10:54:00,3921.30,3922.67,3920.21,3921.87,1709
TCS,2024-06-14 10:55:00,3922.62,3924.11,3921.93,3922.78,3984
TCS,2024-06-14 10:56:00,3921.96,3922.66,3921.85,3922.10,8559
TCS,2024-06-14 10:57:00,3921.54,3922.42,3920.97,3921.03,6240
TCS,2024-06-14 10:58:00,3922.16,3922.66,3921.39,3921.78,3366
TCS,2024-06-14 10:59:00,3922.17,3922.26,3921.62,3921.79,5803
TCS,2024-06-14 11:00:00,3922.36,3923.05,3922.24,3922.55,8646
TCS,2024-06-14 11:01:00,3922.97,3923.42,3921.96,3922.74,4593
TCS,2024-06-14 11:02:00,3921.67,3921.98,3920.33,3920.40,6617
TCS,2024-06-14 11:03:00,3921.63,3922.73,3920.60,3920.79,5668
TCS,2024-06-14 11:04:00,3921.74,3922.14,3921.53,3922.03,7255
TCS,2024-06-14 11:05:00,3920.96,3921.52,3920.43,3920.85,3060
TCS,2024-06-14 11:06:00,3922.03,3922.27,3921.07,3921.44,4973
TCS,2024-06-14 11:07:00,3921.80,3922.44,3921.34,3922.09,5908
TCS,2024-06-14 11:08:00,3921.68,3922.66,3920.40,3922.26,6185
TCS,2024-06-14 11:09:00,3922.14,3922.45,3920.92,3921.64,5745
TCS,2024-06-14 11:10:00,3920.87,3922.26,3919.72,3921.60,4846
TCS,2024-06-14 11:11:00,3920.68,3921.89,3919.63,3921.76,4022
TCS,2024-06-14 11:12:00,3921.80,3922.42,3920.48,3920.64,8089
TCS,2024-06-14 11:13:00,3920.81,3922.22,3920.02,3920.50,1667
TCS,2024-06-14 11:14:00,3919.68,3920.87,3918.61,3919.12,6752
TCS,2024-06-14 11:15:00,3918.65,3919.38,3917.77,3919.21,1706
TCS,2024-06-14 11:16:00,3919.04,3920.37,3918.26,3918.52,7305
TCS,2024-06-14 11:17:00,3919.28,3920.36,3918.98,3919.18,1192
TCS,2024-06-14 11:18:00,3918.98,3919.80,3918.10,3919.66,4901
TCS,2024-06-14 11:19:00,3919.98,3920.12,3918.93,3919.24,4956
TCS,2024-06-14 11:20:00,3919.34,3919.91,3919.18,3919.30,2628
TCS,2024-06-14 11:21:00,3919.94,3920.84,3919.75,3920.23,2856
TCS,2024-06-14 11:22:00,3921.18,3922.51,3919.89,3922.07,4885
TCS,2024-06-14 11:23:00,3921.21,3921.89,3920.23,3920.97,7803
TCS,2024-06-14 11:24:00,3919.80,3921.10,3918.68,3920.28,2801
TCS,2024-06-14 11:25:00,3919.17,3919.63,3917.75,3917.98,1631
TCS,2024-06-14 11:26:00,3918.51,3919.06,3917.27,3918.84,4106
TCS,2024-06-14 11:27:00,3917.73,3918.45,3916.61,3917.24,6981
TCS,2024-06-14 11:28:00,3916.41,3917.17,3916.17,3916.70,6496
TCS,2024-06-14 11:29:00,3915.69,3916.52,3915.43,3915.99,8280
TCS,2024-06-14 11:30:00,3915.02,3916.13,3914.99,3915.31,4511
TCS,2024-06-14 11:31:00,3915.70,3916.50,3915.09,3915.56,4845
TCS,2024-06-14 11:32:00,3915.45,3915.48,3915.08,3915.19,3057
TCS,2024-06-14 11:33:00,3915.78,3916.89,3915.07,3916.06,1789
TCS,2024-06-14 11:34:00,3916.01,3916.40,3914.99,3916.05,7296
TCS,2024-06-14 11:35:00,3915.84,3916.99,3914.54,3914.70,2233
TCS,2024-06-14 11:36:00,3915.63,3916.11,3914.83,3915.15,1717
TCS,2024-06-14 11:37:00,3915.92,3916.51,3914.49,3915.02,2810
TCS,2024-06-14 11:38:00,3915.60,3915.73,3915.56,3915.60,7250
TCS,2024-06-14 11:39:00,3915.14,3915.31,3914.68,3915.24,6919
TCS,2024-06-14 11:40:00,3915.35,3915.51,3915.17,3915.30,5237
TCS,2024-06-14 11:41:00,3914.86,3915.01,3914.26,3914.64,3866
TCS,2024-06-14 11:42:00,3915.05,3915.56,3914.16,3914.47,8435
TCS,2024-06-14 11:43:00,3913.34,3913.76,3912.70,3913.50,7644
TCS,2024-06-14 11:44:00,3912.63,3912.70,3912.20,3912.46,3577
TCS,2024-06-14 11:45:00,3911.27,3912.30,3911.20,3911.55,3162
TCS,2024-06-14 11:46:00,3911.50,3911.66,3910.26,3911.11,8391
TCS,2024-06-14 11:47:00,3911.29,3911.94,3910.97,3911.69,3687
TCS,2024-06-14 11:48:00,3911.49,3912.44,3910.05,3911.11,1644
TCS,2024-06-14 11:49:00,3911.28,3911.95,3910.17,3911.47,3235
TCS,2024-06-14 11:50:00,3912.48,3912.69,3912.35,3912.67,3851
TCS,2024-06-14 11:51:00,3913.72,3914.15,3913.00,3913.99,4979
TCS,2024-06-14 11:52:00,3913.34,3914.50,3911.99,3914.08,8777
TCS,2024-06-14 11:53:00,3914.06,3914.74,3913.17,3913.51,5542
TCS,2024-06-14 11:54:00,3913.58,3913.81,3912.29,3912.54,2921
TCS,2024-06-14 11:55:00,3911.71,3911.97,3910.58,3911.52,5529
TCS,2024-06-14 11:56:00,3911.71,3912.57,3910.39,3910.65,5477
TCS,2024-06-14 11:57:00,3911.86,3912.56,3910.39,3910.53,3974
TCS,2024-06-14 11:58:00,3909.90,3911.11,3909.62,3909.88,3156
TCS,2024-06-14 11:59:00,3910.04,3910.08,3909.42,3909.90,1123
TCS,2024-06-14 12:00:00,3910.88,3911.85,3910.66,3911.75,4340
TCS,2024-06-14 12:01:00,3911.57,3912.79,3911.08,3912.75,8860
TCS,2024-06-14 12:02:00,3913.69,3914.53,3913.66,3914.01,4755
TCS,2024-06-14 12:03:00,3913.65,3913.97,3912.41,3912.79,1228
TCS,2024-06-14 12:04:00,3914.02,3915.11,3913.35,3913.81,8592
TCS,2024-06-14 12:05:00,3913.30,3914.36,3912.89,3914.29,1167
TCS,2024-06-14 12:06:00,3915.16,3916.27,3914.28,3915.88,7157
TCS,2024-06-14 12:07:00,3916.76,3917.46,3916.52,3916.75,3074
TCS,2024-06-14 12:08:00,3916.06,3916.88,3915.42,3915.88,2003
TCS,2024-06-14 12:09:00,3915.36,3915.86,3914.08,3914.50,8362
TCS,2024-06-14 12:10:00,3914.10,3915.41,3913.80,3913.87,8855
TCS,2024-06-14 12:11:00,3913.25,3913.80,3911.83,3912.82,2533
TCS,2024-06-14 12:12:00,3912.56,3913.30,3911.64,3911.64,8911
TCS,2024-06-14 12:13:00,3912.33,3912.50,3911.15,3911.47,8980
TCS,2024-06-14 12:14:00,3910.32,3911.35,3909.80,3910.61,7395
TCS,2024-06-14 12:15:00,3910.84,3911.30,3910.37,3910.72,4688
TCS,2024-06-14 12:16:00,3910.93,3911.77,3909.79,3911.65,3664
TCS,2024-06-14 12:17:00,3911.03,3912.53,3909.54,3910.83,1026
TCS,2024-06-14 12:18:00,3909.95,3910.45,3908.67,3909.94,2020
TCS,2024-06-14 12:19:00,3910.96,3911.09,3910.15,3910.94,5438
TCS,2024-06-14 12:20:00,3910.92,3912.33,3910.30,3912.09,3511
TCS,2024-06-14 12:21:00,3912.67,3912.92,3911.92,3912.55,1714
TCS,2024-06-14 12:22:00,3912.50,3913.76,3911.18,3913.03,8985
TCS,2024-06-14 12:23:00,3912.03,3912.25,3911.94,3912.15,7052
TCS,2024-06-14 12:24:00,3912.14,3913.49,3910.73,3912.74,4528
TCS,2024-06-14 12:25:00,3912.85,3913.67,3912.50,3912.72,7436
TCS,2024-06-14 12:26:00,3913.61,3915.11,3912.41,3914.62,8567
TCS,2024-06-14 12:27:00,3915.17,3916.35,3914.27,3916.32,6668
TCS,2024-06-14 12:28:00,3916.98,3917.08,3915.98,3916.38,1719
TCS,2024-06-14 12:29:00,3916.87,3916.87,3916.07,3916.47,8146
TCS,2024-06-14 12:30:00,3917.41,3918.80,3916.15,3917.49,5711
TCS,2024-06-14 12:31:00,3918.00,3918.74,3917.70,3917.92,5818
TCS,2024-06-14 12:32:00,3916.98,3918.20,3916.62,3917.23,3722
TCS,2024-06-14 12:33:00,3917.62,3917.92,3916.17,3917.36,8670
TCS,2024-06-14 12:34:00,3917.36,3918.84,3916.72,3917.60,4753
TCS,2024-06-14 12:35:00,3918.48,3919.88,3918.24,3918.88,1304
TCS,2024-06-14 12:36:00,3919.13,3920.57,3918.55,3918.89,6677
TCS,2024-06-14 12:37:00,3919.13,3920.08,3918.17,3918.74,2809
TCS,2024-06-14 12:38:00,3919.83,3920.88,3919.33,3920.08,1666
TCS,2024-06-14 12:39:00,3919.18,3919.92,3918.42,3919.52,3727
TCS,2024-06-14 12:40:00,3918.49,3919.11,3917.96,3918.34,6613
TCS,2024-06-14 12:41:00,3918.72,3920.00,3917.66,3919.83,5513
TCS,2024-06-14 12:42:00,3920.83,3922.24,3919.94,3920.50,2879
TCS,2024-06-14 12:43:00,3920.09,3920.09,3919.60,3920.06,4856
TCS,2024-06-14 12:44:00,3920.28,3920.30,3919.87,3920.14,3278
TCS,2024-06-14 12:45:00,3919.23,3920.43,3918.34,3919.49,8929
TCS,2024-06-14 12:46:00,3918.34,3918.76,3917.11,3917.73,4376
TCS,2024-06-14 12:47:00,3916.92,3918.31,3915.46,3918.08,8469
TCS,2024-06-14 12:48:00,3918.21,3918.86,3917.62,3917.74,4466
TCS,2024-06-14 12:49:00,3917.72,3917.90,3917.48,3917.58,4257
TCS,2024-06-14 12:50:00,3917.75,3918.31,3916.86,3918.14,8404
TCS,2024-06-14 12:51:00,3918.53,3919.46,3918.18,3918.44,6630
TCS,2024-06-14 12:52:00,3917.91,3918.32,3917.67,3918.29,5275
TCS,2024-06-14 12:53:00,3919.31,3920.55,3917.83,3918.48,2646
TCS,2024-06-14 12:54:00,3918.70,3919.26,3917.45,3919.15,8429
TCS,2024-06-14 12:55:00,3917.96,3918.31,3917.50,3918.22,7302
TCS,2024-06-14 12:56:00,3918.87,3919.64,3917.56,3918.31,5216
TCS,2024-06-14 12:57:00,3918.05,3919.00,3917.10,3918.51,4576
TCS,2024-06-14 12:58:00,3918.22,3919.66,3917.55,3917.61,8356
TCS,2024-06-14 12:59:00,3918.06,3918.22,3917.73,3917.87,3951
TCS,2024-06-14 13:00:00,3916.96,3917.19,3916.45,3916.63,5129
TCS,2024-06-14 13:01:00,3916.08,3917.17,3915.27,3916.41,4980
TCS,2024-06-14 13:02:00,3916.07,3916.32,3914.78,3915.54,1667
TCS,2024-06-14 13:03:00,3916.76,3917.78,3916.07,3916.21,6965
TCS,2024-06-14 13:04:00,3916.41,3917.56,3915.44,3917.47,3859
TCS,2024-06-14 13:05:00,3917.13,3917.78,3916.17,3917.02,5492
TCS,2024-06-14 13:06:00,3916.19,3917.02,3915.85,3916.38,8351
TCS,2024-06-14 13:07:00,3916.69,3917.26,3915.54,3915.93,1403
TCS,2024-06-14 13:08:00,3915.15,3915.77,3913.81,3915.10,8472
TCS,2024-06-14 13:09:00,3915.73,3915.84,3914.95,3914.98,7862
TCS,2024-06-14 13:10:00,3914.10,3914.29,3913.05,3913.54,2581
TCS,2024-06-14 13:11:00,3912.93,3914.00,3911.87,3911.93,2296
TCS,2024-06-14 13:12:00,3913.10,3913.89,3911.64,3913.37,5611
TCS,2024-06-14 13:13:00,3914.47,3915.38,3913.26,3914.60,4816
TCS,2024-06-14 13:14:00,3913.40,3913.97,3913.31,3913.63,4904
TCS,2024-06-14 13:15:00,3913.15,3914.23,3912.27,3912.53,1464
TCS,2024-06-14 13:16:00,3912.87,3913.03,3912.21,3912.66,2212
TCS,2024-06-14 13:17:00,3911.66,3911.95,3911.55,3911.77,1590
TCS,2024-06-14 13:18:00,3912.69,3913.59,3911.83,3912.62,3668
TCS,2024-06-14 13:19:00,3912.19,3913.08,3912.08,3912.52,7389
TCS,2024-06-14 13:20:00,3911.87,3913.15,3910.51,3911.00,8227
TCS,2024-06-14 13:21:00,3910.06,3911.06,3909.80,3910.90,7770
TCS,2024-06-14 13:22:00,3911.31,3912.12,3909.96,3911.38,8171
TCS,2024-06-14 13:23:00,3912.39,3912.80,3912.11,3912.57,2682
TCS,2024-06-14 13:24:00,3913.80,3914.68,3913.42,3914.47,7233
TCS,2024-06-14 13:25:00,3915.41,3916.73,3914.23,3914.88,5688
TCS,2024-06-14 13:26:00,3915.48,3916.51,3915.11,3915.30,5475
TCS,2024-06-14 13:27:00,3914.79,3914.85,3914.23,3914.71,5186
TCS,2024-06-14 13:28:00,3914.53,3915.59,3914.23,3915.27,2055
TCS,2024-06-14 13:29:00,3915.71,3915.73,3914.94,3915.24,2352
TCS,2024-06-14 13:30:00,3916.46,3917.41,3916.16,3916.45,7609
TCS,2024-06-14 13:31:00,3915.47,3916.50,3914.09,3915.40,7082
TCS,2024-06-14 13:32:00,3914.49,3914.97,3913.92,3914.27,1330
TCS,2024-06-14 13:33:00,3915.44,3916.43,3914.83,3916.37,6274
TCS,2024-06-14 13:34:00,3916.90,3918.05,3915.67,3916.57,3789
TCS,2024-06-14 13:35:00,3916.91,3917.33,3916.88,3916.94,4680
TCS,2024-06-14 13:36:00,3917.23,3917.43,3917.03,3917.26,5874
TCS,2024-06-14 13:37:00,3917.66,3918.98,3916.74,3916.79,6388
TCS,2024-06-14 13:38:00,3916.30,3916.33,3916.04,3916.23,7119
TCS,2024-06-14 13:39:00,3917.18,3918.44,3916.36,3917.48,4191
TCS,2024-06-14 13:40:00,3917.59,3917.86,3916.59,3916.91,8504
TCS,2024-06-14 13:41:00,3917.60,3918.53,3917.57,3917.84,3108
TCS,2024-06-14 13:42:00,3918.87,3919.74,3917.60,3919.11,5573
TCS,2024-06-14 13:43:00,3918.48,3919.97,3918.15,3919.37,3236
TCS,2024-06-14 13:44:00,3919.39,3919.97,3917.97,3918.59,1219
TCS,2024-06-14 13:45:00,3917.89,3919.20,3917.46,3918.87,7050
TCS,2024-06-14 13:46:00,3917.94,3919.21,3917.32,3917.75,6016
TCS,2024-06-14 13:47:00,3918.20,3918.44,3917.49,3917.95,6446
TCS,2024-06-14 13:48:00,3917.65,3918.99,3916.29,3918.49,6056
TCS,2024-06-14 13:49:00,3918.28,3918.82,3918.11,3918.78,1706
TCS,2024-06-14 13:50:00,3917.90,3919.06,3917.02,3917.13,7430
TCS,2024-06-14 13:51:00,3915.95,3916.91,3915.74,3916.51,7109
TCS,2024-06-14 13:52:00,3917.22,3917.97,3916.99,3917.26,7536
TCS,2024-06-14 13:53:00,3917.24,3917.50,3917.21,3917.39,5311
TCS,2024-06-14 13:54:00,3916.99,3918.16,3915.93,3916.31,8936
TCS,2024-06-14 13:55:00,3916.50,3916.88,3916.18,3916.35,7010
TCS,2024-06-14 13:56:00,3916.61,3917.08,3916.03,3916.93,5322
TCS,2024-06-14 13:57:00,3918.09,3919.02,3917.61,3918.30,6862
TCS,2024-06-14 13:58:00,3919.06,3919.25,3917.72,3918.85,5699
TCS,2024-06-14 13:59:00,3918.93,3920.31,3917.67,3919.08,2691
TCS,2024-06-14 14:00:00,3919.61,3919.90,3918.53,3919.23,6170
TCS,2024-06-14 14:01:00,3919.10,3919.51,3918.28,3919.01,4734
TCS,2024-06-14 14:02:00,3919.98,3921.06,3919.09,3920.64,6737
TCS,2024-06-14 14:03:00,3920.55,3920.97,3920.14,3920.24,8574
TCS,2024-06-14 14:04:00,3920.17,3920.19,3919.04,3920.00,2367
TCS,2024-06-14 14:05:00,3920.46,3921.62,3919.13,3920.86,2044
TCS,2024-06-14 14:06:00,3922.10,3922.65,3921.71,3922.04,3079
TCS,2024-06-14 14:07:00,3922.48,3923.18,3922.20,3923.08,5298
TCS,2024-06-14 14:08:00,3921.91,3922.54,3920.45,3922.15,2999
TCS,2024-06-14 14:09:00,3922.07,3923.15,3921.09,3922.18,6429
TCS,2024-06-14 14:10:00,3922.94,3924.10,3922.62,3923.68,2373
TCS,2024-06-14 14:11:00,3924.16,3924.25,3923.63,3923.80,8612
TCS,2024-06-14 14:12:00,3923.63,3924.08,3923.49,3923.65,4500
TCS,2024-06-14 14:13:00,3923.72,3924.07,3922.25,3922.73,6272
TCS,2024-06-14 14:14:00,3923.28,3923.84,3923.19,3923.25,1285
TCS,2024-06-14 14:15:00,3923.97,3924.91,3923.76,3923.95,3955
TCS,2024-06-14 14:16:00,3924.10,3924.25,3923.07,3923.80,5587
TCS,2024-06-14 14:17:00,3923.94,3925.08,3923.38,3924.03,6254
TCS,2024-06-14 14:18:00,3924.84,3925.30,3923.58,3925.26,5611
TCS,2024-06-14 14:19:00,3926.34,3927.55,3925.26,3926.30,5637
TCS,2024-06-14 14:20:00,3925.71,3925.77,3924.27,3925.73,6602
TCS,2024-06-14 14:21:00,3926.61,3927.51,3925.94,3926.90,4919
TCS,2024-06-14 14:22:00,3928.05,3928.15,3927.89,3928.14,8818
TCS,2024-06-14 14:23:00,3929.23,3930.23,3929.21,3930.08,1171
TCS,2024-06-14 14:24:00,3930.40,3931.81,3929.75,3930.56,1269
TCS,2024-06-14 14:25:00,3931.24,3932.48,3929.86,3930.64,5182
TCS,2024-06-14 14:26:00,3930.36,3931.18,3929.48,3929.75,5416
TCS,2024-06-14 14:27:00,3930.76,3930.78,3929.61,3930.11,3401
TCS,2024-06-14 14:28:00,3929.08,3930.15,3928.11,3929.59,3637
TCS,2024-06-14 14:29:00,3930.17,3931.53,3928.93,3929.10,2308
TCS,2024-06-14 14:30:00,3930.08,3930.83,3929.64,3930.01,3890
TCS,2024-06-14 14:31:00,3929.07,3929.69,3928.52,3928.68,1290
TCS,2024-06-14 14:32:00,3927.77,3928.00,3927.09,3927.45,3407
TCS,2024-06-14 14:33:00,3928.35,3929.08,3928.23,3928.55,2652
TCS,2024-06-14 14:34:00,3927.38,3927.88,3927.00,3927.66,3777
TCS,2024-06-14 14:35:00,3927.34,3927.43,3926.44,3926.56,3771
TCS,2024-06-14 14:36:00,3925.76,3926.97,3925.63,3925.98,7107
TCS,2024-06-14 14:37:00,3926.66,3927.11,3925.66,3925.73,4182
TCS,2024-06-14 14:38:00,3925.77,3926.43,3925.54,3926.19,2980
TCS,2024-06-14 14:39:00,3925.65,3926.78,3925.45,3926.25,7185
TCS,2024-06-14 14:40:00,3926.87,3927.48,3926.23,3926.75,1053
TCS,2024-06-14 14:41:00,3925.97,3926.54,3925.46,3925.76,1044
TCS,2024-06-14 14:42:00,3926.62,3927.68,3925.31,3925.98,6628
TCS,2024-06-14 14:43:00,3926.52,3926.94,3926.08,3926.28,8678
TCS,2024-06-14 14:44:00,3926.52,3926.89,3925.60,3926.42,1512
TCS,2024-06-14 14:45:00,3925.25,3926.26,3924.11,3925.14,8571
TCS,2024-06-14 14:46:00,3925.70,3926.07,3925.26,3925.89,4281
TCS,2024-06-14 14:47:00,3926.27,3926.57,3925.86,3926.21,6033
TCS,2024-06-14 14:48:00,3927.15,3927.44,3925.95,3926.35,8786
TCS,2024-06-14 14:49:00,3926.70,3927.88,3925.76,3925.89,3236
TCS,2024-06-14 14:50:00,3925.23,3926.51,3923.82,3923.94,8525
TCS,2024-06-14 14:51:00,3923.03,3923.04,3922.12,3922.75,4472
TCS,2024-06-14 14:52:00,3921.81,3923.00,3921.19,3921.63,8650
TCS,2024-06-14 14:53:00,3922.08,3923.09,3921.46,3922.93,4711
TCS,2024-06-14 14:54:00,3922.07,3922.89,3920.70,3921.97,7959
TCS,2024-06-14 14:55:00,3923.21,3923.94,3922.69,3923.67,1311
TCS,2024-06-14 14:56:00,3924.12,3924.58,3923.40,3924.30,3162
TCS,2024-06-14 14:57:00,3924.34,3924.70,3924.12,3924.63,6772
TCS,2024-06-14 14:58:00,3925.08,3925.40,3925.06,3925.09,2289
TCS,2024-06-14 14:59:00,3926.26,3926.75,3925.17,3926.24,3606
TCS,2024-06-14 15:00:00,3927.00,3928.19,3925.65,3925.96,4075
TCS,2024-06-14 15:01:00,3925.37,3926.29,3925.17,3925.27,2348
TCS,2024-06-14 15:02:00,3924.94,3926.31,3923.87,3924.74,5443
TCS,2024-06-14 15:03:00,3924.96,3925.87,3923.95,3925.45,3508
TCS,2024-06-14 15:04:00,3925.01,3926.01,3924.96,3925.30,2784
TCS,2024-06-14 15:05:00,3924.77,3925.09,3924.04,3924.14,2857
TCS,2024-06-14 15:06:00,3924.55,3925.39,3924.44,3925.30,1439
TCS,2024-06-14 15:07:00,3926.18,3927.04,3926.11,3926.96,3957
TCS,2024-06-14 15:08:00,3925.97,3926.05,3925.19,3925.24,5797
TCS,2024-06-14 15:09:00,3924.85,3925.45,3924.33,3925.37,3701
TCS,2024-06-14 15:10:00,3926.55,3927.35,3926.51,3927.09,1468
TCS,2024-06-14 15:11:00,3926.08,3927.54,3924.63,3927.12,6747
TCS,2024-06-14 15:12:00,3927.86,3928.29,3926.56,3927.21,7696
TCS,2024-06-14 15:13:00,3926.55,3927.92,3925.83,3927.04,6920
TCS,2024-06-14 15:14:00,3927.52,3928.50,3926.97,3927.69,7261
TCS,2024-06-14 15:15:00,3927.82,3928.90,3926.87,3927.42,6798
TCS,2024-06-14 15:16:00,3927.93,3929.40,3927.36,3927.58,5214
TCS,2024-06-14 15:17:00,3928.77,3928.92,3927.70,3928.77,8461
TCS,2024-06-14 15:18:00,3928.40,3929.33,3927.39,3928.01,5286
TCS,2024-06-14 15:19:00,3928.47,3928.97,3927.77,3927.82,1154
TCS,2024-06-14 15:20:00,3928.20,3928.87,3928.19,3928.37,8985
TCS,2024-06-14 15:21:00,3929.36,3930.17,3928.51,3929.68,3310
TCS,2024-06-14 15:22:00,3928.53,3929.42,3927.82,3928.76,3680
TCS,2024-06-14 15:23:00,3928.01,3929.07,3927.81,3928.97,5611
TCS,2024-06-14 15:24:00,3928.76,3930.00,3928.51,3928.66,2798
TCS,2024-06-14 15:25:00,3928.91,3930.14,3928.70,3929.76,7951
TCS,2024-06-14 15:26:00,3929.58,3930.53,3928.87,3929.23,4373
TCS,2024-06-14 15:27:00,3930.22,3931.48,3929.34,3931.09,7460
TCS,2024-06-14 15:28:00,3931.51,3933.00,3931.40,3932.21,5715
TCS,2024-06-14 15:29:00,3931.58,3931.90,3930.59,3931.65,4716
TCS,2024-06-17 09:15:00,3931.82,3932.61,3930.82,3930.95,2706
TCS,2024-06-17 09:16:00,3930.70,3932.06,3929.33,3931.61,5806
TCS,2024-06-17 09:17:00,3932.28,3933.24,3931.05,3932.79,3345
TCS,2024-06-17 09:18:00,3932.66,3933.75,3931.58,3933.40,3378
TCS,2024-06-17 09:19:00,3934.55,3935.63,3933.55,3933.72,8868
TCS,2024-06-17 09:20:00,3932.55,3933.14,3932.09,3932.75,8806
TCS,2024-06-17 09:21:00,3931.73,3932.78,3930.70,3932.77,5934
TCS,2024-06-17 09:22:00,3933.21,3933.63,3932.45,3933.49,5065
TCS,2024-06-17 09:23:00,3933.96,3934.31,3933.50,3933.78,5605
TCS,2024-06-17 09:24:00,3932.64,3933.99,3932.34,3932.76,1205
TCS,2024-06-17 09:25:00,3932.38,3932.66,3931.43,3931.63,2354
TCS,2024-06-17 09:26:00,3931.50,3932.60,3931.41,3932.57,8205
TCS,2024-06-17 09:27:00,3931.37,3932.19,3930.91,3931.11,2094
TCS,2024-06-17 09:28:00,3931.09,3931.21,3929.82,3929.83,5308
TCS,2024-06-17 09:29:00,3929.51,3929.82,3929.40,3929.52,5038
TCS,2024-06-17 09:30:00,3929.22,3930.70,3928.36,3929.08,4241
TCS,2024-06-17 09:31:00,3927.88,3928.35,3926.67,3928.02,3735
TCS,2024-06-17 09:32:00,3928.28,3929.14,3927.03,3927.75,6690
TCS,2024-06-17 09:33:00,3928.68,3929.76,3928.45,3928.66,3879
TCS,2024-06-17 09:34:00,3928.21,3928.77,3927.87,3928.09,6504
TCS,2024-06-17 09:35:00,3927.41,3927.77,3926.51,3926.54,3117
TCS,2024-06-17 09:36:00,3926.69,3926.69,3926.41,3926.62,1294
TCS,2024-06-17 09:37:00,3927.25,3928.07,3927.22,3928.02,2886
TCS,2024-06-17 09:38:00,3926.91,3927.93,3926.56,3927.50,7879
TCS,2024-06-17 09:39:00,3928.23,3928.71,3927.76,3927.82,2808
TCS,2024-06-17 09:40:00,3927.21,3928.66,3926.31,3928.55,6509
TCS,2024-06-17 09:41:00,3928.97,3929.81,3928.65,3929.58,5781
TCS,2024-06-17 09:42:00,3929.54,3930.77,3928.66,3929.97,7953
TCS,2024-06-17 09:43:00,3930.89,3931.87,3930.08,3930.28,1433
TCS,2024-06-17 09:44:00,3929.24,3929.87,3928.34,3929.45,1240
TCS,2024-06-17 09:45:00,3928.78,3930.22,3928.69,3929.72,4913
TCS,2024-06-17 09:46:00,3929.21,3929.89,3928.87,3929.87,8896
TCS,2024-06-17 09:47:00,3929.99,3931.12,3928.99,3930.22,3636
TCS,2024-06-17 09:48:00,3929.24,3930.24,3927.75,3928.81,6314
TCS,2024-06-17 09:49:00,3928.06,3928.38,3926.68,3926.93,7490
TCS,2024-06-17 09:50:00,3925.89,3927.37,3925.68,3926.47,1385
TCS,2024-06-17 09:51:00,3927.42,3927.53,3926.95,3927.29,7800
TCS,2024-06-17 09:52:00,3927.47,3928.63,3926.30,3927.72,2567
TCS,2024-06-17 09:53:00,3927.42,3928.90,3927.22,3928.73,2525
TCS,2024-06-17 09:54:00,3928.06,3929.40,3927.78,3927.80,3690
TCS,2024-06-17 09:55:00,3928.55,3929.64,3927.09,3928.93,7495
TCS,2024-06-17 09:56:00,3927.96,3928.03,3927.89,3927.94,8529
TCS,2024-06-17 09:57:00,3926.95,3927.64,3926.43,3926.68,6743
TCS,2024-06-17 09:58:00,3926.42,3927.77,3925.20,3926.48,4972
TCS,2024-06-17 09:59:00,3927.46,3928.43,3927.07,3928.41,5847
TCS,2024-06-17 10:00:00,3928.98,3930.15,3928.41,3929.27,2829
TCS,2024-06-17 10:01:00,3928.19,3928.27,3927.11,3927.83,7728
TCS,2024-06-17 10:02:00,3926.64,3927.01,3925.78,3926.63,3033
TCS,2024-06-17 10:03:00,3927.67,3929.00,3926.69,3928.59,7567
TCS,2024-06-17 10:04:00,3928.45,3928.70,3927.59,3927.95,8919
TCS,2024-06-17 10:05:00,3927.77,3928.20,3927.00,3928.07,6291
TCS,2024-06-17 10:06:00,3928.58,3929.52,3927.94,3928.98,6136
TCS,2024-06-17 10:07:00,3929.23,3929.44,3928.97,3929.02,4555
TCS,2024-06-17 10:08:00,3928.15,3928.41,3926.77,3927.74,2284
TCS,2024-06-17 10:09:00,3928.66,3929.87,3928.24,3929.37,3920
TCS,2024-06-17 10:10:00,3930.04,3931.12,3928.90,3930.96,6968
TCS,2024-06-17 10:11:00,3930.25,3930.67,3929.93,3930.30,7970
TCS,2024-06-17 10:12:00,3930.96,3931.00,3930.51,3930.90,6895
TCS,2024-06-17 10:13:00,3931.68,3931.83,3930.66,3931.37,5632
TCS,2024-06-17 10:14:00,3931.71,3931.96,3930.97,3931.71,1374
TCS,2024-06-17 10:15:00,3931.05,3931.46,3930.16,3930.48,6440
TCS,2024-06-17 10:16:00,3930.13,3931.44,3929.39,3930.02,8558
TCS,2024-06-17 10:17:00,3930.67,3931.22,3929.24,3930.00,3262
TCS,2024-06-17 10:18:00,3929.71,3930.46,3928.62,3929.43,5311
TCS,2024-06-17 10:19:00,3928.96,3929.00,3928.91,3928.99,5920
TCS,2024-06-17 10:20:00,3928.18,3928.52,3926.76,3926.82,7431
TCS,2024-06-17 10:21:00,3926.28,3927.02,3925.65,3927.01,4046
TCS,2024-06-17 10:22:00,3927.65,3929.11,3926.59,3927.41,6074
TCS,2024-06-17 10:23:00,3926.79,3926.80,3925.66,3926.76,3625
TCS,2024-06-17 10:24:00,3927.00,3927.40,3925.50,3925.54,1465
TCS,2024-06-17 10:25:00,3925.99,3927.22,3925.98,3926.48,5142
TCS,2024-06-17 10:26:00,3926.89,3927.09,3926.10,3926.19,3923
TCS,2024-06-17 10:27:00,3925.21,3925.78,3925.11,3925.33,1228
TCS,2024-06-17 10:28:00,3925.59,3925.79,3925.52,3925.70,6012
TCS,2024-06-17 10:29:00,3925.88,3927.11,3925.56,3925.82,7761
TCS,2024-06-17 10:30:00,3926.49,3927.21,3926.41,3926.81,1183
TCS,2024-06-17 10:31:00,3927.69,3928.09,3927.02,3927.11,8065
TCS,2024-06-17 10:32:00,3928.33,3929.48,3926.87,3929.09,5632
TCS,2024-06-17 10:33:00,3929.00,3929.83,3927.56,3928.60,1937
TCS,2024-06-17 10:34:00,3928.30,3928.86,3927.76,3928.20,7334
TCS,2024-06-17 10:35:00,3928.89,3929.77,3928.47,3928.98,4053
TCS,2024-06-17 10:36:00,3928.37,3928.57,3927.05,3928.07,5230
TCS,2024-06-17 10:37:00,3927.46,3928.89,3926.15,3927.94,8370
TCS,2024-06-17 10:38:00,3927.26,3928.25,3926.29,3927.01,7350
TCS,2024-06-17 10:39:00,3928.12,3928.94,3927.13,3927.34,4079
TCS,2024-06-17 10:40:00,3926.64,3927.80,3925.66,3927.76,8199
TCS,2024-06-17 10:41:00,3927.27,3928.06,3925.85,3927.56,6694
TCS,2024-06-17 10:42:00,3926.45,3927.43,3925.44,3927.14,5560
TCS,2024-06-17 10:43:00,3927.89,3928.39,3927.76,3927.97,4653
TCS,2024-06-17 10:44:00,3927.63,3928.61,3926.57,3926.80,4922
TCS,2024-06-17 10:45:00,3925.80,3926.68,3925.39,3926.33,4365
TCS,2024-06-17 10:46:00,3927.06,3928.17,3926.23,3926.85,6312
TCS,2024-06-17 10:47:00,3927.60,3927.77,3926.38,3927.00,8282
TCS,2024-06-17 10:48:00,3925.85,3926.85,3925.39,3926.71,2512
TCS,2024-06-17 10:49:00,3927.04,3927.53,3926.61,3927.48,1148
TCS,2024-06-17 10:50:00,3928.53,3929.34,3927.16,3928.81,1046
TCS,2024-06-17 10:51:00,3929.70,3930.96,3928.57,3930.33,2530
TCS,2024-06-17 10:52:00,3930.50,3930.56,3930.17,3930.22,4700
TCS,2024-06-17 10:53:00,3930.32,3930.44,3929.59,3929.59,6063
TCS,2024-06-17 10:54:00,3928.41,3929.75,3927.44,3928.36,3873
TCS,2024-06-17 10:55:00,3929.05,3929.68,3927.98,3928.71,5016
TCS,2024-06-17 10:56:00,3928.10,3929.34,3926.77,3928.40,8342
TCS,2024-06-17 10:57:00,3927.30,3927.50,3926.98,3927.18,3663
TCS,2024-06-17 10:58:00,3927.79,3929.18,3927.48,3928.53,4924
TCS,2024-06-17 10:59:00,3928.49,3929.62,3927.61,3928.23,3565
TCS,2024-06-17 11:00:00,3928.75,3929.62,3927.75,3928.19,1206
TCS,2024-06-17 11:01:00,3927.28,3927.50,3926.52,3927.39,6455
TCS,2024-06-17 11:02:00,3927.82,3927.87,3927.64,3927.66,2505
TCS,2024-06-17 11:03:00,3928.89,3929.64,3928.29,3929.07,7993
TCS,2024-06-17 11:04:00,3928.07,3929.03,3927.59,3927.88,1526
TCS,2024-06-17 11:05:00,3928.99,3930.06,3928.17,3929.09,3556
TCS,2024-06-17 11:06:00,3930.29,3931.73,3929.47,3930.39,7748
TCS,2024-06-17 11:07:00,3929.65,3930.49,3928.78,3929.11,6736
TCS,2024-06-17 11:08:00,3928.55,3930.02,3927.27,3929.99,8832
TCS,2024-06-17 11:09:00,3930.20,3931.67,3928.93,3930.23,1484
TCS,2024-06-17 11:10:00,3929.65,3930.10,3929.16,3929.95,6200
TCS,2024-06-17 11:11:00,3929.50,3930.24,3928.65,3929.01,8175
TCS,2024-06-17 11:12:00,3928.42,3929.86,3927.46,3928.94,3270
TCS,2024-06-17 11:13:00,3930.07,3930.30,3929.94,3930.18,1936
TCS,2024-06-17 11:14:00,3929.98,3930.58,3929.94,3930.25,4900
TCS,2024-06-17 11:15:00,3930.31,3930.53,3929.39,3930.35,8902
TCS,2024-06-17 11:16:00,3929.68,3930.02,3929.42,3929.43,6867
TCS,2024-06-17 11:17:00,3928.82,3929.78,3927.52,3927.89,7995
TCS,2024-06-17 11:18:00,3927.22,3928.30,3926.73,3927.61,1696
TCS,2024-06-17 11:19:00,3928.50,3929.88,3928.33,3929.02,6602
TCS,2024-06-17 11:20:00,3930.12,3930.47,3929.09,3930.33,6177
TCS,2024-06-17 11:21:00,3931.46,3932.83,3929.97,3930.26,6064
TCS,2024-06-17 11:22:00,3930.58,3930.66,3930.13,3930.31,2910
TCS,2024-06-17 11:23:00,3929.82,3930.12,3928.81,3929.34,2891
TCS,2024-06-17 11:24:00,3928.56,3929.87,3928.50,3928.56,7309
TCS,2024-06-17 11:25:00,3929.20,3930.64,3927.73,3929.12,2788
TCS,2024-06-17 11:26:00,3928.19,3928.83,3927.23,3927.23,4598
TCS,2024-06-17 11:27:00,3926.65,3927.31,3926.38,3927.25,6546
TCS,2024-06-17 11:28:00,3926.50,3927.93,3926.43,3927.09,6781
TCS,2024-06-17 11:29:00,3927.30,3928.65,3926.45,3928.18,8901
TCS,2024-06-17 11:30:00,3927.62,3928.20,3926.13,3927.01,5929
TCS,2024-06-17 11:31:00,3926.63,3927.48,3926.05,3927.07,7257
TCS,2024-06-17 11:32:00,3926.76,3928.17,3926.21,3926.66,3024
TCS,2024-06-17 11:33:00,3927.15,3927.36,3925.80,3926.59,2922
TCS,2024-06-17 11:34:00,3926.05,3926.42,3925.31,3925.37,5390
TCS,2024-06-17 11:35:00,3926.39,3926.49,3925.42,3925.68,2023
TCS,2024-06-17 11:36:00,3924.90,3926.15,3924.58,3925.12,5945
TCS,2024-06-17 11:37:00,3926.05,3926.45,3925.22,3926.33,8378
TCS,2024-06-17 11:38:00,3925.94,3926.22,3925.65,3925.78,6165
TCS,2024-06-17 11:39:00,3925.29,3925.45,3924.30,3924.45,6002
TCS,2024-06-17 11:40:00,3925.08,3925.57,3923.99,3925.49,6350
TCS,2024-06-17 11:41:00,3925.67,3926.78,3925.14,3926.47,1249
TCS,2024-06-17 11:42:00,3925.98,3927.26,3925.27,3927.10,7990
TCS,2024-06-17 11:43:00,3928.17,3928.28,3927.63,3927.83,2333
TCS,2024-06-17 11:44:00,3926.99,3927.80,3926.27,3927.34,6797
TCS,2024-06-17 11:45:00,3926.39,3927.55,3925.61,3926.66,4353
TCS,2024-06-17 11:46:00,3926.55,3927.61,3925.92,3925.92,5821
TCS,2024-06-17 11:47:00,3925.42,3926.76,3924.20,3926.56,3628
TCS,2024-06-17 11:48:00,3925.90,3926.51,3924.78,3925.83,4277
TCS,2024-06-17 11:49:00,3925.02,3925.23,3923.54,3924.50,8226
TCS,2024-06-17 11:50:00,3924.27,3925.39,3923.44,3924.30,5838
TCS,2024-06-17 11:51:00,3923.77,3924.21,3923.68,3924.15,8733
TCS,2024-06-17 11:52:00,3924.60,3924.94,3924.17,3924.89,6680
TCS,2024-06-17 11:53:00,3925.86,3926.98,3924.87,3925.22,8794
TCS,2024-06-17 11:54:00,3924.56,3925.52,3924.36,3924.39,6426
TCS,2024-06-17 11:55:00,3924.90,3926.25,3924.81,3926.05,5520
TCS,2024-06-17 11:56:00,3926.45,3926.64,3925.31,3926.04,8618
TCS,2024-06-17 11:57:00,3926.58,3927.73,3925.93,3926.50,4335
TCS,2024-06-17 11:58:00,3926.43,3927.10,3925.91,3926.79,8632
TCS,2024-06-17 11:59:00,3927.06,3927.32,3926.61,3926.91,4719
TCS,2024-06-17 12:00:00,3927.21,3927.59,3926.37,3927.22,2022
TCS,2024-06-17 12:01:00,3928.38,3929.27,3928.15,3928.16,8266
TCS,2024-06-17 12:02:00,3929.23,3930.65,3927.83,3930.17,2308
TCS,2024-06-17 12:03:00,3930.37,3931.84,3929.21,3931.12,2701
TCS,2024-06-17 12:04:00,3930.85,3931.42,3930.24,3930.48,7634
TCS,2024-06-17 12:05:00,3931.27,3932.16,3930.06,3931.45,3513
TCS,2024-06-17 12:06:00,3932.59,3932.74,3931.80,3932.39,8479
TCS,2024-06-17 12:07:00,3933.41,3934.09,3932.71,3933.34,2181
TCS,2024-06-17 12:08:00,3933.13,3934.03,3932.73,3932.94,1218
TCS,2024-06-17 12:09:00,3931.93,3933.15,3931.37,3931.88,2402
TCS,2024-06-17 12:10:00,3931.79,3932.39,3930.95,3931.29,1334
TCS,2024-06-17 12:11:00,3931.70,3932.54,3931.00,3931.77,2154
TCS,2024-06-17 12:12:00,3930.86,3931.49,3930.12,3931.47,6080
TCS,2024-06-17 12:13:00,3930.77,3932.00,3929.50,3931.48,8890
TCS,2024-06-17 12:14:00,3932.68,3934.10,3931.67,3932.66,7997
TCS,2024-06-17 12:15:00,3932.38,3932.59,3930.94,3931.13,8962
TCS,2024-06-17 12:16:00,3930.61,3931.65,3929.25,3931.16,5186
TCS,2024-06-17 12:17:00,3931.55,3931.72,3931.35,3931.42,3788
TCS,2024-06-17 12:18:00,3931.87,3932.49,3930.96,3931.66,5805
TCS,2024-06-17 12:19:00,3930.90,3931.16,3930.34,3930.69,7240
TCS,2024-06-17 12:20:00,3930.30,3931.50,3930.18,3930.84,5785
TCS,2024-06-17 12:21:00,3930.42,3930.63,3929.63,3929.98,3355
TCS,2024-06-17 12:22:00,3931.18,3931.29,3930.84,3931.09,2962
TCS,2024-06-17 12:23:00,3931.61,3932.84,3930.37,3932.06,5197
TCS,2024-06-17 12:24:00,3933.10,3933.17,3931.93,3932.95,5146
TCS,2024-06-17 12:25:00,3932.00,3932.60,3930.67,3932.48,6601
TCS,2024-06-17 12:26:00,3932.89,3933.90,3931.83,3933.37,8198
TCS,2024-06-17 12:27:00,3933.52,3934.85,3933.28,3934.09,1644
TCS,2024-06-17 12:28:00,3933.78,3934.47,3932.69,3933.37,4708
TCS,2024-06-17 12:29:00,3934.21,3934.23,3933.05,3933.40,3950
TCS,2024-06-17 12:30:00,3933.76,3934.36,3933.00,3933.67,6257
TCS,2024-06-17 12:31:00,3934.29,3935.39,3933.98,3935.10,2245
TCS,2024-06-17 12:32:00,3935.86,3936.83,3934.61,3934.75,5812
TCS,2024-06-17 12:33:00,3934.24,3934.90,3933.44,3934.68,2686
TCS,2024-06-17 12:34:00,3935.57,3936.40,3934.23,3935.24,5020
TCS,2024-06-17 12:35:00,3935.27,3935.80,3934.39,3934.90,3928
TCS,2024-06-17 12:36:00,3934.15,3935.62,3933.34,3935.04,8854
TCS,2024-06-17 12:37:00,3936.29,3936.53,3935.65,3936.01,4854
TCS,2024-06-17 12:38:00,3935.72,3936.98,3934.53,3936.27,5556
TCS,2024-06-17 12:39:00,3937.45,3938.42,3936.40,3937.07,5622
TCS,2024-06-17 12:40:00,3937.52,3938.30,3937.43,3937.76,2185
TCS,2024-06-17 12:41:00,3937.93,3938.80,3937.53,3938.43,2691
TCS,2024-06-17 12:42:00,3938.89,3940.01,3937.64,3938.48,1581
TCS,2024-06-17 12:43:00,3937.38,3937.48,3936.63,3936.71,5423
TCS,2024-06-17 12:44:00,3937.53,3938.94,3937.36,3937.61,4401
TCS,2024-06-17 12:45:00,3938.13,3938.22,3937.32,3938.16,2671
TCS,2024-06-17 12:46:00,3937.04,3937.81,3935.98,3936.54,3876
TCS,2024-06-17 12:47:00,3937.05,3937.36,3936.37,3937.25,1498
TCS,2024-06-17 12:48:00,3937.86,3938.48,3936.56,3937.58,6609
TCS,2024-06-17 12:49:00,3937.43,3938.40,3937.35,3938.19,7876
TCS,2024-06-17 12:50:00,3937.93,3938.63,3936.93,3937.38,5799
TCS,2024-06-17 12:51:00,3936.34,3937.34,3935.83,3937.29,1072
TCS,2024-06-17 12:52:00,3937.51,3937.90,3936.35,3936.76,6350
TCS,2024-06-17 12:53:00,3937.16,3937.56,3936.02,3936.13,3260
TCS,2024-06-17 12:54:00,3936.73,3937.94,3936.67,3936.76,5172
TCS,2024-06-17 12:55:00,3936.81,3937.67,3935.77,3937.52,4625
TCS,2024-06-17 12:56:00,3937.61,3938.45,3937.46,3938.12,1227
TCS,2024-06-17 12:57:00,3938.26,3939.22,3937.60,3938.17,2443
TCS,2024-06-17 12:58:00,3938.72,3939.62,3938.00,3939.10,6321
TCS,2024-06-17 12:59:00,3939.63,3939.85,3938.27,3938.78,6225
TCS,2024-06-17 13:00:00,3938.65,3939.50,3937.32,3938.26,4376
TCS,2024-06-17 13:01:00,3937.60,3937.80,3936.65,3937.22,3381
TCS,2024-06-17 13:02:00,3937.71,3938.52,3937.31,3938.37,7059
TCS,2024-06-17 13:03:00,3937.98,3938.07,3937.69,3937.74,1195
TCS,2024-06-17 13:04:00,3937.96,3938.78,3937.06,3938.23,3584
TCS,2024-06-17 13:05:00,3937.37,3938.37,3936.72,3937.84,5366
TCS,2024-06-17 13:06:00,3936.96,3937.84,3936.70,3937.10,3830
TCS,2024-06-17 13:07:00,3936.66,3936.92,3936.40,3936.83,6379
TCS,2024-06-17 13:08:00,3936.26,3937.75,3935.56,3935.63,8853
TCS,2024-06-17 13:09:00,3936.37,3936.73,3935.95,3936.02,4267
TCS,2024-06-17 13:10:00,3936.55,3937.93,3935.15,3937.87,5584
TCS,2024-06-17 13:11:00,3938.99,3939.76,3938.15,3938.58,5809
TCS,2024-06-17 13:12:00,3938.93,3939.03,3938.51,3938.72,7171
TCS,2024-06-17 13:13:00,3938.05,3939.46,3937.40,3938.55,8216
TCS,2024-06-17 13:14:00,3939.21,3939.63,3938.12,3939.43,6646
TCS,2024-06-17 13:15:00,3940.49,3941.08,3939.69,3939.76,1371
TCS,2024-06-17 13:16:00,3939.46,3940.16,3938.20,3939.37,8331
TCS,2024-06-17 13:17:00,3938.80,3939.63,3938.42,3938.96,3102
TCS,2024-06-17 13:18:00,3938.30,3939.50,3937.28,3938.71,2410
TCS,2024-06-17 13:19:00,3938.89,3939.54,3938.06,3938.16,8623
TCS,2024-06-17 13:20:00,3937.43,3938.85,3936.99,3938.74,2640
TCS,2024-06-17 13:21:00,3939.59,3941.02,3939.50,3939.70,4146
TCS,2024-06-17 13:22:00,3939.99,3940.71,3939.55,3940.30,2265
TCS,2024-06-17 13:23:00,3940.15,3941.52,3939.36,3939.86,6398
TCS,2024-06-17 13:24:00,3940.86,3942.33,3940.53,3942.17,1086
TCS,2024-06-17 13:25:00,3942.75,3943.08,3941.40,3941.55,2331
TCS,2024-06-17 13:26:00,3940.82,3942.05,3939.67,3940.49,4103
TCS,2024-06-17 13:27:00,3940.80,3941.82,3940.77,3941.49,6663
TCS,2024-06-17 13:28:00,3941.50,3942.16,3940.84,3941.35,3921
TCS,2024-06-17 13:29:00,3941.72,3943.10,3941.28,3942.11,7827
TCS,2024-06-17 13:30:00,3942.02,3942.08,3941.30,3941.66,3688
TCS,2024-06-17 13:31:00,3940.89,3941.05,3940.27,3940.45,1039
TCS,2024-06-17 13:32:00,3939.37,3939.66,3938.71,3939.26,4606
TCS,2024-06-17 13:33:00,3938.96,3939.09,3938.86,3939.04,8367
TCS,2024-06-17 13:34:00,3940.00,3940.33,3939.72,3940.16,8719
TCS,2024-06-17 13:35:00,3939.62,3940.36,3939.38,3939.68,2514
TCS,2024-06-17 13:36:00,3939.93,3940.94,3939.03,3940.31,2663
TCS,2024-06-17 13:37:00,3941.55,3942.68,3940.68,3942.57,6573
TCS,2024-06-17 13:38:00,3942.95,3943.64,3942.27,3943.55,8237
TCS,2024-06-17 13:39:00,3943.49,3944.79,3942.58,3944.73,2806
TCS,2024-06-17 13:40:00,3945.02,3945.73,3944.89,3945.52,1378
TCS,2024-06-17 13:41:00,3946.24,3946.28,3945.45,3945.77,6234
TCS,2024-06-17 13:42:00,3945.98,3946.00,3945.62,3945.98,2090
TCS,2024-06-17 13:43:00,3945.96,3946.92,3944.92,3946.21,2005
TCS,2024-06-17 13:44:00,3946.85,3947.55,3946.42,3947.32,4706
TCS,2024-06-17 13:45:00,3947.42,3947.61,3946.93,3947.12,8516
TCS,2024-06-17 13:46:00,3946.02,3947.32,3945.40,3945.62,7296
TCS,2024-06-17 13:47:00,3945.72,3947.15,3945.02,3945.04,1923
TCS,2024-06-17 13:48:00,3944.97,3946.37,3944.37,3946.31,6388
TCS,2024-06-17 13:49:00,3945.15,3945.53,3943.78,3944.78,4438
TCS,2024-06-17 13:50:00,3945.17,3946.27,3944.17,3945.02,4830
TCS,2024-06-17 13:51:00,3946.27,3946.28,3945.32,3945.72,4242
TCS,2024-06-17 13:52:00,3944.97,3946.09,3943.68,3945.82,8716
TCS,2024-06-17 13:53:00,3946.03,3946.17,3945.26,3945.79,5059
TCS,2024-06-17 13:54:00,3946.58,3947.09,3945.30,3946.22,2606
TCS,2024-06-17 13:55:00,3945.42,3945.95,3944.70,3945.74,5716
TCS,2024-06-17 13:56:00,3944.76,3945.29,3944.37,3945.14,6670
TCS,2024-06-17 13:57:00,3944.18,3944.18,3943.00,3943.63,3265
TCS,2024-06-17 13:58:00,3944.77,3946.08,3943.94,3945.64,5542
TCS,2024-06-17 13:59:00,3945.49,3946.09,3944.62,3944.97,7880
TCS,2024-06-17 14:00:00,3945.50,3946.74,3944.61,3944.92,3055
TCS,2024-06-17 14:01:00,3944.93,3945.11,3943.78,3944.89,4183
TCS,2024-06-17 14:02:00,3945.24,3945.98,3944.70,3945.48,5939
TCS,2024-06-17 14:03:00,3944.37,3945.33,3943.52,3944.87,6219
TCS,2024-06-17 14:04:00,3945.79,3945.86,3944.70,3945.01,8143
TCS,2024-06-17 14:05:00,3944.67,3944.99,3944.54,3944.73,3905
TCS,2024-06-17 14:06:00,3945.21,3946.58,3944.98,3945.34,2785
TCS,2024-06-17 14:07:00,3945.21,3945.36,3944.49,3944.69,6006
TCS,2024-06-17 14:08:00,3945.43,3945.86,3944.45,3944.80,6650
TCS,2024-06-17 14:09:00,3945.41,3945.68,3944.08,3944.63,7687
TCS,2024-06-17 14:10:00,3945.17,3946.62,3945.13,3946.32,2335
TCS,2024-06-17 14:11:00,3946.99,3948.18,3946.27,3946.80,1181
TCS,2024-06-17 14:12:00,3947.54,3948.17,3946.98,3947.81,4158
TCS,2024-06-17 14:13:00,3949.01,3950.36,3948.29,3949.84,1804
TCS,2024-06-17 14:14:00,3948.94,3949.59,3948.35,3948.83,3643
TCS,2024-06-17 14:15:00,3949.33,3949.39,3947.89,3949.18,3973
TCS,2024-06-17 14:16:00,3949.56,3949.61,3948.19,3949.05,2865
TCS,2024-06-17 14:17:00,3948.16,3949.13,3947.20,3948.75,7863
TCS,2024-06-17 14:18:00,3948.72,3949.52,3947.45,3947.97,5500
TCS,2024-06-17 14:19:00,3946.93,3947.78,3945.58,3945.95,8563
TCS,2024-06-17 14:20:00,3946.11,3947.22,3945.28,3945.34,6242
TCS,2024-06-17 14:21:00,3945.64,3946.62,3945.08,3945.86,2772
TCS,2024-06-17 14:22:00,3944.71,3945.78,3944.01,3944.13,3787
TCS,2024-06-17 14:23:00,3943.65,3944.06,3942.39,3943.74,8314
TCS,2024-06-17 14:24:00,3943.62,3943.62,3943.62,3943.62,7112
TCS,2024-06-17 14:25:00,3942.97,3944.07,3942.84,3942.90,5276
TCS,2024-06-17 14:26:00,3942.94,3942.98,3942.41,3942.98,4796
TCS,2024-06-17 14:27:00,3943.36,3944.65,3942.86,3943.49,4806
TCS,2024-06-17 14:28:00,3944.47,3944.54,3944.23,3944.35,7258
TCS,2024-06-17 14:29:00,3944.31,3945.44,3943.77,3944.38,7915
TCS,2024-06-17 14:30:00,3944.37,3944.46,3943.30,3943.79,2185
TCS,2024-06-17 14:31:00,3944.14,3944.82,3943.69,3944.19,6016
TCS,2024-06-17 14:32:00,3943.70,3944.55,3942.83,3944.30,3733
TCS,2024-06-17 14:33:00,3943.33,3944.77,3942.73,3943.98,7554
TCS,2024-06-17 14:34:00,3944.43,3944.46,3943.19,3943.88,4085
TCS,2024-06-17 14:35:00,3944.93,3945.98,3944.03,3945.42,7316
TCS,2024-06-17 14:36:00,3945.79,3946.29,3945.07,3946.15,7750
TCS,2024-06-17 14:37:00,3947.07,3948.56,3945.59,3947.58,4067
TCS,2024-06-17 14:38:00,3948.52,3948.56,3947.44,3948.09,6884
TCS,2024-06-17 14:39:00,3949.04,3950.49,3947.99,3949.87,6631
TCS,2024-06-17 14:40:00,3949.26,3950.60,3948.76,3949.09,2560
TCS,2024-06-17 14:41:00,3948.69,3949.93,3948.28,3949.02,8304
TCS,2024-06-17 14:42:00,3949.32,3950.25,3948.34,3949.45,1205
TCS,2024-06-17 14:43:00,3950.11,3951.18,3949.57,3950.47,8972
TCS,2024-06-17 14:44:00,3950.42,3951.30,3949.60,3951.22,6750
TCS,2024-06-17 14:45:00,3951.95,3952.37,3951.70,3951.90,3014
TCS,2024-06-17 14:46:00,3952.23,3952.72,3951.76,3952.01,3064
TCS,2024-06-17 14:47:00,3951.07,3952.03,3950.68,3951.66,4551
TCS,2024-06-17 14:48:00,3950.75,3952.13,3949.27,3950.98,8965
TCS,2024-06-17 14:49:00,3950.31,3951.59,3948.97,3949.06,4026
TCS,2024-06-17 14:50:00,3949.79,3950.20,3949.50,3949.81,5137
TCS,2024-06-17 14:51:00,3950.70,3950.88,3949.36,3949.97,4929
TCS,2024-06-17 14:52:00,3951.05,3952.42,3950.20,3951.95,8587
TCS,2024-06-17 14:53:00,3950.98,3952.27,3950.37,3951.00,2292
TCS,2024-06-17 14:54:00,3949.85,3951.23,3948.48,3949.24,2742
TCS,2024-06-17 14:55:00,3948.99,3950.06,3948.29,3948.52,8639
TCS,2024-06-17 14:56:00,3947.48,3948.75,3946.16,3947.96,7933
TCS,2024-06-17 14:57:00,3948.53,3949.93,3947.52,3949.60,7754
TCS,2024-06-17 14:58:00,3949.68,3949.90,3949.24,3949.83,4206
TCS,2024-06-17 14:59:00,3950.58,3951.06,3949.33,3949.72,1643
TCS,2024-06-17 15:00:00,3948.69,3949.11,3947.61,3948.12,1197
TCS,2024-06-17 15:01:00,3947.77,3949.06,3947.65,3947.71,6686
TCS,2024-06-17 15:02:00,3948.78,3949.12,3948.56,3948.90,5954
TCS,2024-06-17 15:03:00,3949.40,3950.02,3948.86,3949.52,5417
TCS,2024-06-17 15:04:00,3948.58,3948.91,3948.41,3948.85,8238
TCS,2024-06-17 15:05:00,3948.85,3949.02,3948.47,3948.86,8324
TCS,2024-06-17 15:06:00,3949.09,3949.46,3948.91,3949.10,7399
TCS,2024-06-17 15:07:00,3950.33,3950.39,3950.24,3950.30,1262
TCS,2024-06-17 15:08:00,3950.31,3951.49,3949.61,3950.53,5246
TCS,2024-06-17 15:09:00,3950.35,3950.50,3950.13,3950.48,4783
TCS,2024-06-17 15:10:00,3951.43,3952.35,3950.30,3951.01,3002
TCS,2024-06-17 15:11:00,3951.56,3951.59,3951.46,3951.47,8297
TCS,2024-06-17 15:12:00,3950.49,3951.67,3949.46,3951.39,4273
TCS,2024-06-17 15:13:00,3950.29,3951.20,3949.33,3950.74,8192
TCS,2024-06-17 15:14:00,3950.28,3950.44,3949.97,3950.44,1815
TCS,2024-06-17 15:15:00,3949.57,3950.57,3948.08,3948.58,7437
TCS,2024-06-17 15:16:00,3947.45,3948.38,3947.28,3947.34,2226
TCS,2024-06-17 15:17:00,3946.65,3947.51,3945.21,3945.36,2593
TCS,2024-06-17 15:18:00,3945.03,3945.16,3945.01,3945.13,3187
TCS,2024-06-17 15:19:00,3943.94,3944.65,3943.22,3944.23,5728
TCS,2024-06-17 15:20:00,3945.09,3945.86,3945.00,3945.65,7645
TCS,2024-06-17 15:21:00,3945.23,3946.04,3945.23,3945.24,6555
TCS,2024-06-17 15:22:00,3944.04,3944.22,3943.35,3944.13,7918
TCS,2024-06-17 15:23:00,3944.86,3945.73,3943.76,3943.83,5773
TCS,2024-06-17 15:24:00,3944.21,3944.98,3943.68,3944.21,7244
TCS,2024-06-17 15:25:00,3944.39,3945.69,3943.61,3943.93,3931
TCS,2024-06-17 15:26:00,3944.02,3945.31,3943.23,3943.34,5818
TCS,2024-06-17 15:27:00,3943.61,3943.62,3942.75,3943.43,3026
TCS,2024-06-17 15:28:00,3942.94,3943.92,3941.49,3943.29,3909
TCS,2024-06-17 15:29:00,3943.10,3943.64,3942.87,3942.94,6480
TCS,2024-06-18 09:15:00,3942.98,3943.19,3941.93,3942.15,6340
TCS,2024-06-18 09:16:00,3941.71,3942.90,3940.90,3941.36,4636
TCS,2024-06-18 09:17:00,3941.16,3941.88,3939.94,3941.48,5320
TCS,2024-06-18 09:18:00,3940.41,3941.07,3939.29,3940.67,2114
TCS,2024-06-18 09:19:00,3939.79,3941.13,3939.78,3940.54,6741
TCS,2024-06-18 09:20:00,3939.67,3939.71,3939.14,3939.67,4724
TCS,2024-06-18 09:21:00,3939.48,3939.82,3939.27,3939.76,2635
TCS,2024-06-18 09:22:00,3940.32,3940.91,3939.46,3940.69,6214
TCS,2024-06-18 09:23:00,3941.57,3941.87,3941.55,3941.87,8608
TCS,2024-06-18 09:24:00,3942.99,3943.84,3942.72,3943.36,6024
TCS,2024-06-18 09:25:00,3943.42,3944.00,3943.15,3943.97,4301
TCS,2024-06-18 09:26:00,3943.35,3943.56,3942.94,3943.14,4416
TCS,2024-06-18 09:27:00,3943.80,3944.97,3942.55,3942.59,4317
TCS,2024-06-18 09:28:00,3942.45,3942.76,3941.26,3941.50,2736
TCS,2024-06-18 09:29:00,3941.94,3942.93,3941.56,3941.89,5000
TCS,2024-06-18 09:30:00,3940.86,3942.17,3939.42,3941.91,7544
TCS,2024-06-18 09:31:00,3942.67,3942.92,3941.76,3942.80,6397
TCS,2024-06-18 09:32:00,3943.07,3943.87,3941.92,3942.87,3154
TCS,2024-06-18 09:33:00,3944.09,3944.27,3943.47,3943.95,1763
TCS,2024-06-18 09:34:00,3944.14,3944.72,3943.62,3944.17,7904
TCS,2024-06-18 09:35:00,3943.91,3944.51,3943.60,3944.28,6637
TCS,2024-06-18 09:36:00,3943.31,3943.52,3942.85,3942.85,8320
TCS,2024-06-18 09:37:00,3942.92,3943.03,3942.14,3942.66,7882
TCS,2024-06-18 09:38:00,3941.58,3942.05,3940.64,3941.34,4974
TCS,2024-06-18 09:39:00,3941.18,3942.55,3940.04,3940.30,1307
TCS,2024-06-18 09:40:00,3940.00,3940.74,3939.29,3939.45,8020
TCS,2024-06-18 09:41:00,3938.49,3939.43,3938.17,3938.96,4095
TCS,2024-06-18 09:42:00,3938.45,3939.73,3937.72,3939.70,7216
TCS,2024-06-18 09:43:00,3940.77,3940.86,3940.01,3940.23,4458
TCS,2024-06-18 09:44:00,3939.93,3940.60,3939.55,3940.30,2034
TCS,2024-06-18 09:45:00,3940.57,3941.34,3939.20,3939.84,3256
TCS,2024-06-18 09:46:00,3939.17,3940.06,3937.83,3939.90,7282
TCS,2024-06-18 09:47:00,3940.11,3941.58,3939.14,3940.58,8424
TCS,2024-06-18 09:48:00,3939.95,3941.28,3938.98,3941.04,1750
TCS,2024-06-18 09:49:00,3941.87,3942.92,3941.40,3942.58,5446
TCS,2024-06-18 09:50:00,3941.80,3941.92,3941.01,3941.63,1744
TCS,2024-06-18 09:51:00,3942.83,3943.75,3941.97,3942.28,7213
TCS,2024-06-18 09:52:00,3941.54,3942.08,3940.84,3941.10,6736
TCS,2024-06-18 09:53:00,3941.33,3941.72,3941.22,3941.47,4610
TCS,2024-06-18 09:54:00,3940.40,3941.70,3939.20,3940.29,2991
TCS,2024-06-18 09:55:00,3941.49,3942.61,3940.09,3940.55,5213
TCS,2024-06-18 09:56:00,3940.50,3940.65,3939.05,3940.28,1391
TCS,2024-06-18 09:57:00,3940.80,3941.39,3939.59,3939.76,6244
TCS,2024-06-18 09:58:00,3938.80,3938.89,3938.28,3938.86,7018
TCS,2024-06-18 09:59:00,3939.77,3940.63,3939.15,3939.80,5618
TCS,2024-06-18 10:00:00,3939.46,3940.60,3938.58,3940.01,3193
TCS,2024-06-18 10:01:00,3939.07,3940.29,3938.44,3939.58,7481
TCS,2024-06-18 10:02:00,3938.46,3939.25,3938.30,3938.96,2431
TCS,2024-06-18 10:03:00,3939.31,3940.66,3938.36,3939.43,3672
TCS,2024-06-18 10:04:00,3940.36,3941.32,3939.86,3941.16,4604
TCS,2024-06-18 10:05:00,3940.51,3941.47,3939.63,3939.65,7185
TCS,2024-06-18 10:06:00,3939.32,3940.61,3939.09,3939.39,6532
TCS,2024-06-18 10:07:00,3939.11,3940.09,3938.31,3939.28,1096
TCS,2024-06-18 10:08:00,3940.44,3940.46,3939.81,3940.24,2122
TCS,2024-06-18 10:09:00,3939.87,3940.41,3939.87,3940.03,1464
TCS,2024-06-18 10:10:00,3940.12,3940.29,3939.19,3939.66,4706
TCS,2024-06-18 10:11:00,3940.01,3940.01,3939.98,3940.00,2879
TCS,2024-06-18 10:12:00,3938.94,3939.19,3938.29,3938.51,1644
TCS,2024-06-18 10:13:00,3937.66,3938.64,3937.01,3938.23,6509
TCS,2024-06-18 10:14:00,3937.31,3938.75,3936.81,3938.09,6263
TCS,2024-06-18 10:15:00,3938.49,3938.84,3937.75,3938.31,7993
TCS,2024-06-18 10:16:00,3939.46,3940.45,3938.32,3939.96,4544
TCS,2024-06-18 10:17:00,3940.34,3940.43,3938.94,3939.15,5684
TCS,2024-06-18 10:18:00,3938.88,3939.53,3937.64,3938.39,4664
TCS,2024-06-18 10:19:00,3939.62,3940.64,3939.43,3940.10,6767
TCS,2024-06-18 10:20:00,3940.40,3940.83,3939.23,3939.84,2216
TCS,2024-06-18 10:21:00,3940.73,3941.27,3940.09,3940.31,3780
TCS,2024-06-18 10:22:00,3939.59,3940.17,3939.27,3940.09,5089
TCS,2024-06-18 10:23:00,3941.10,3942.11,3940.24,3941.16,1111
TCS,2024-06-18 10:24:00,3942.23,3943.10,3941.36,3941.62,4681
TCS,2024-06-18 10:25:00,3941.71,3941.95,3940.26,3940.68,7436
TCS,2024-06-18 10:26:00,3941.63,3942.38,3940.20,3942.10,3722
TCS,2024-06-18 10:27:00,3942.34,3942.99,3942.28,3942.93,8476
TCS,2024-06-18 10:28:00,3943.96,3944.99,3942.83,3944.52,1639
TCS,2024-06-18 10:29:00,3943.96,3944.57,3943.85,3944.44,3288
TCS,2024-06-18 10:30:00,3944.00,3944.31,3942.78,3943.49,7228
TCS,2024-06-18 10:31:00,3944.50,3945.57,3943.65,3945.37,6313
TCS,2024-06-18 10:32:00,3946.26,3947.25,3945.57,3945.61,6885
TCS,2024-06-18 10:33:00,3946.63,3947.70,3945.91,3946.91,1602
TCS,2024-06-18 10:34:00,3945.79,3946.21,3945.77,3946.21,5409
TCS,2024-06-18 10:35:00,3945.04,3945.10,3944.25,3944.60,1088
TCS,2024-06-18 10:36:00,3943.63,3943.81,3942.42,3942.85,3633
TCS,2024-06-18 10:37:00,3942.60,3943.42,3941.56,3942.12,6953
TCS,2024-06-18 10:38:00,3942.41,3943.41,3942.01,3942.19,2047
TCS,2024-06-18 10:39:00,3942.27,3943.46,3941.45,3941.67,2180
TCS,2024-06-18 10:40:00,3942.29,3943.54,3941.69,3941.95,3894
TCS,2024-06-18 10:41:00,3942.71,3944.08,3942.17,3942.73,2699
TCS,2024-06-18 10:42:00,3941.93,3943.08,3941.84,3942.20,1791
TCS,2024-06-18 10:43:00,3942.17,3943.37,3940.72,3941.78,7373
TCS,2024-06-18 10:44:00,3942.29,3943.27,3942.10,3942.12,3487
TCS,2024-06-18 10:45:00,3942.88,3943.79,3941.89,3942.57,8343
TCS,2024-06-18 10:46:00,3943.41,3944.29,3943.03,3944.12,2934
TCS,2024-06-18 10:47:00,3943.21,3943.25,3942.45,3942.52,3470
TCS,2024-06-18 10:48:00,3941.93,3942.15,3940.65,3942.13,6497
TCS,2024-06-18 10:49:00,3943.00,3943.69,3941.91,3942.78,3204
TCS,2024-06-18 10:50:00,3943.09,3943.45,3942.19,3943.23,1797
TCS,2024-06-18 10:51:00,3942.74,3944.16,3941.28,3941.29,4826
TCS,2024-06-18 10:52:00,3941.70,3943.07,3941.45,3942.47,4731
TCS,2024-06-18 10:53:00,3943.65,3943.97,3943.46,3943.70,7081
TCS,2024-06-18 10:54:00,3944.87,3945.22,3943.99,3944.60,1899
TCS,2024-06-18 10:55:00,3944.51,3945.92,3944.27,3945.00,4917
TCS,2024-06-18 10:56:00,3944.64,3944.82,3943.28,3944.64,3913
TCS,2024-06-18 10:57:00,3945.69,3945.69,3944.54,3945.20,8832
TCS,2024-06-18 10:58:00,3945.37,3946.24,3944.63,3944.81,6025
TCS,2024-06-18 10:59:00,3944.53,3945.38,3944.20,3944.93,5332
TCS,2024-06-18 11:00:00,3944.63,3945.57,3944.38,3944.41,1517
TCS,2024-06-18 11:01:00,3945.25,3945.61,3943.84,3945.13,2689
TCS,2024-06-18 11:02:00,3944.94,3945.43,3944.80,3945.12,8970
TCS,2024-06-18 11:03:00,3944.43,3944.75,3943.62,3944.02,2691
TCS,2024-06-18 11:04:00,3944.26,3945.35,3944.19,3944.51,1980
TCS,2024-06-18 11:05:00,3943.49,3943.82,3943.07,3943.66,3905
TCS,2024-06-18 11:06:00,3943.11,3944.28,3942.35,3944.04,3658
TCS,2024-06-18 11:07:00,3943.02,3943.55,3942.96,3943.35,3177
TCS,2024-06-18 11:08:00,3942.93,3943.61,3942.72,3943.44,5916
TCS,2024-06-18 11:09:00,3943.62,3944.45,3943.60,3944.37,2070
TCS,2024-06-18 11:10:00,3945.43,3946.68,3945.03,3945.77,7420
TCS,2024-06-18 11:11:00,3945.49,3946.65,3944.75,3946.16,6757
TCS,2024-06-18 11:12:00,3946.84,3947.28,3946.29,3946.96,5487
TCS,2024-06-18 11:13:00,3947.25,3947.81,3945.86,3946.56,6621
TCS,2024-06-18 11:14:00,3945.77,3946.91,3945.28,3946.33,7767
TCS,2024-06-18 11:15:00,3946.36,3947.57,3945.21,3946.25,8132
TCS,2024-06-18 11:16:00,3946.68,3947.44,3945.36,3946.28,6676
TCS,2024-06-18 11:17:00,3947.32,3948.11,3946.97,3948.00,8923
TCS,2024-06-18 11:18:00,3948.29,3949.04,3947.39,3948.34,2318
TCS,2024-06-18 11:19:00,3948.16,3948.30,3947.61,3947.66,7656
TCS,2024-06-18 11:20:00,3948.14,3948.78,3947.28,3948.75,3143
TCS,2024-06-18 11:21:00,3949.15,3949.35,3949.14,3949.25,7942
TCS,2024-06-18 11:22:00,3950.07,3951.24,3948.84,3949.84,1378
TCS,2024-06-18 11:23:00,3950.38,3950.71,3949.46,3950.71,7176
TCS,2024-06-18 11:24:00,3951.20,3952.09,3950.71,3951.52,1095
TCS,2024-06-18 11:25:00,3950.46,3951.41,3949.46,3951.24,1796
TCS,2024-06-18 11:26:00,3952.13,3952.36,3951.71,3952.06,6624
TCS,2024-06-18 11:27:00,3951.66,3951.68,3951.62,3951.65,2316
TCS,2024-06-18 11:28:00,3950.98,3951.70,3950.02,3950.16,2108
TCS,2024-06-18 11:29:00,3950.92,3951.23,3950.80,3951.22,8897
TCS,2024-06-18 11:30:00,3951.63,3952.71,3951.19,3952.49,6583
TCS,2024-06-18 11:31:00,3952.24,3953.01,3950.92,3951.06,5816
TCS,2024-06-18 11:32:00,3951.69,3952.94,3951.03,3952.34,3897
TCS,2024-06-18 11:33:00,3952.58,3952.77,3951.49,3952.11,3980
TCS,2024-06-18 11:34:00,3951.66,3952.14,3951.47,3951.76,3023
TCS,2024-06-18 11:35:00,3951.67,3951.75,3951.29,3951.32,1790
TCS,2024-06-18 11:36:00,3950.48,3951.38,3949.53,3950.77,7583
TCS,2024-06-18 11:37:00,3950.48,3951.58,3950.46,3950.73,2285
TCS,2024-06-18 11:38:00,3951.60,3952.58,3950.65,3952.01,6935
TCS,2024-06-18 11:39:00,3950.83,3950.97,3950.06,3950.24,4991
TCS,2024-06-18 11:40:00,3950.31,3950.57,3948.87,3949.73,2597
TCS,2024-06-18 11:41:00,3948.54,3948.85,3947.71,3947.82,4704
TCS,2024-06-18 11:42:00,3947.53,3948.97,3946.10,3947.71,8859
TCS,2024-06-18 11:43:00,3947.28,3948.08,3947.12,3947.74,4709
TCS,2024-06-18 11:44:00,3948.59,3949.32,3947.15,3948.51,1788
TCS,2024-06-18 11:45:00,3947.60,3948.78,3947.11,3947.46,1475
TCS,2024-06-18 11:46:00,3946.79,3947.65,3945.50,3945.51,1008
TCS,2024-06-18 11:47:00,3946.29,3947.75,3945.69,3946.06,1269
TCS,2024-06-18 11:48:00,3946.49,3947.31,3945.05,3947.18,8435
TCS,2024-06-18 11:49:00,3947.75,3948.60,3946.86,3948.02,4343
TCS,2024-06-18 11:50:00,3947.90,3948.78,3947.59,3947.64,8936
TCS,2024-06-18 11:51:00,3947.55,3948.69,3946.63,3946.74,5125
TCS,2024-06-18 11:52:00,3947.78,3949.15,3947.26,3949.07,6380
TCS,2024-06-18 11:53:00,3948.68,3949.90,3947.40,3947.99,6213
TCS,2024-06-18 11:54:00,3948.56,3949.84,3948.27,3949.22,1397
TCS,2024-06-18 11:55:00,3950.42,3950.46,3950.39,3950.43,2480
TCS,2024-06-18 11:56:00,3949.39,3950.32,3948.22,3950.10,6559
TCS,2024-06-18 11:57:00,3949.20,3950.50,3948.16,3950.11,8617
TCS,2024-06-18 11:58:00,3951.17,3951.58,3950.22,3950.83,6135
TCS,2024-06-18 11:59:00,3950.47,3951.43,3950.24,3950.70,6517
TCS,2024-06-18 12:00:00,3950.59,3951.03,3950.00,3950.99,7166
TCS,2024-06-18 12:01:00,3952.11,3953.42,3950.84,3950.85,8723
TCS,2024-06-18 12:02:00,3950.47,3950.96,3950.27,3950.68,8552
TCS,2024-06-18 12:03:00,3950.49,3951.33,3950.05,3951.30,3691
TCS,2024-06-18 12:04:00,3952.38,3952.90,3952.01,3952.59,4077
TCS,2024-06-18 12:05:00,3952.95,3953.46,3951.72,3952.65,5326
TCS,2024-06-18 12:06:00,3953.55,3954.82,3952.56,3953.20,4132
TCS,2024-06-18 12:07:00,3953.75,3954.34,3953.42,3953.55,1855
TCS,2024-06-18 12:08:00,3953.86,3955.05,3953.76,3954.40,5587
TCS,2024-06-18 12:09:00,3954.21,3954.94,3953.76,3954.33,1150
TCS,2024-06-18 12:10:00,3955.47,3955.74,3954.17,3955.51,8494
TCS,2024-06-18 12:11:00,3956.64,3957.09,3955.23,3955.56,6031
TCS,2024-06-18 12:12:00,3954.73,3955.49,3953.51,3953.76,8718
TCS,2024-06-18 12:13:00,3952.91,3953.29,3951.92,3953.23,6065
TCS,2024-06-18 12:14:00,3952.13,3952.36,3951.54,3952.22,6425
TCS,2024-06-18 12:15:00,3952.56,3953.28,3951.60,3952.24,5912
TCS,2024-06-18 12:16:00,3953.45,3953.53,3953.30,3953.41,4304
TCS,2024-06-18 12:17:00,3954.46,3955.94,3954.12,3954.63,7500
TCS,2024-06-18 12:18:00,3955.75,3956.17,3954.95,3954.97,4570
TCS,2024-06-18 12:19:00,3955.88,3956.32,3955.51,3955.61,3173
TCS,2024-06-18 12:20:00,3954.86,3956.19,3953.63,3955.48,6493
TCS,2024-06-18 12:21:00,3955.12,3956.24,3954.76,3955.10,6460
TCS,2024-06-18 12:22:00,3955.56,3956.84,3954.84,3956.72,1592
TCS,2024-06-18 12:23:00,3957.61,3958.30,3957.11,3957.15,5203
TCS,2024-06-18 12:24:00,3957.79,3958.89,3957.45,3957.93,8416
TCS,2024-06-18 12:25:00,3958.50,3959.60,3957.71,3959.20,4976
TCS,2024-06-18 12:26:00,3960.23,3961.65,3959.44,3960.42,2896
TCS,2024-06-18 12:27:00,3960.35,3961.34,3959.28,3959.33,6233
TCS,2024-06-18 12:28:00,3960.57,3960.97,3959.53,3960.01,5172
TCS,2024-06-18 12:29:00,3959.78,3960.20,3958.43,3959.86,6396
TCS,2024-06-18 12:30:00,3960.56,3960.92,3960.18,3960.57,4378
TCS,2024-06-18 12:31:00,3960.90,3961.22,3960.65,3960.87,8658
TCS,2024-06-18 12:32:00,3960.64,3961.10,3959.66,3960.07,2264
TCS,2024-06-18 12:33:00,3959.09,3959.54,3958.56,3959.17,4564
TCS,2024-06-18 12:34:00,3958.36,3959.24,3957.11,3957.75,8825
TCS,2024-06-18 12:35:00,3956.85,3957.49,3955.60,3956.08,7400
TCS,2024-06-18 12:36:00,3956.14,3957.53,3955.36,3956.51,5394
TCS,2024-06-18 12:37:00,3957.65,3957.70,3957.33,3957.41,2448
TCS,2024-06-18 12:38:00,3956.37,3957.63,3955.41,3956.53,5911
TCS,2024-06-18 12:39:00,3956.29,3956.42,3955.47,3956.25,1602
TCS,2024-06-18 12:40:00,3957.21,3958.16,3956.00,3957.32,7696
TCS,2024-06-18 12:41:00,3958.53,3959.05,3958.20,3958.53,3688
TCS,2024-06-18 12:42:00,3958.53,3959.43,3957.36,3958.33,4542
TCS,2024-06-18 12:43:00,3958.86,3958.98,3957.60,3958.78,4254
TCS,2024-06-18 12:44:00,3959.00,3959.29,3958.71,3959.05,5080
TCS,2024-06-18 12:45:00,3959.84,3960.15,3959.48,3960.06,2639
TCS,2024-06-18 12:46:00,3960.55,3961.04,3959.66,3960.11,4370
TCS,2024-06-18 12:47:00,3960.04,3961.37,3959.31,3961.31,7245
TCS,2024-06-18 12:48:00,3961.31,3961.62,3959.91,3961.55,8740
TCS,2024-06-18 12:49:00,3961.79,3963.29,3960.55,3962.03,7627
TCS,2024-06-18 12:50:00,3962.50,3963.12,3961.60,3962.20,7594
TCS,2024-06-18 12:51:00,3963.37,3963.74,3962.51,3963.20,5572
TCS,2024-06-18 12:52:00,3964.00,3965.37,3963.26,3964.69,2239
TCS,2024-06-18 12:53:00,3964.75,3966.15,3963.95,3964.87,8363
TCS,2024-06-18 12:54:00,3964.82,3965.20,3963.56,3963.66,8173
TCS,2024-06-18 12:55:00,3963.96,3965.12,3962.71,3963.71,8231
TCS,2024-06-18 12:56:00,3964.63,3965.03,3963.95,3964.97,8896
TCS,2024-06-18 12:57:00,3965.55,3967.05,3964.95,3966.88,3545
TCS,2024-06-18 12:58:00,3968.08,3969.43,3966.93,3967.30,1142
TCS,2024-06-18 12:59:00,3967.71,3967.99,3966.62,3966.79,2681
TCS,2024-06-18 13:00:00,3967.09,3968.13,3967.05,3967.86,2767
TCS,2024-06-18 13:01:00,3966.84,3966.85,3966.23,3966.38,3964
TCS,2024-06-18 13:02:00,3966.63,3967.12,3966.53,3966.90,8603
TCS,2024-06-18 13:03:00,3966.62,3967.78,3965.62,3967.58,1227
TCS,2024-06-18 13:04:00,3967.68,3968.85,3967.37,3968.10,2235
TCS,2024-06-18 13:05:00,3969.07,3970.42,3967.86,3968.18,2786
TCS,2024-06-18 13:06:00,3968.90,3969.43,3968.23,3968.29,2543
TCS,2024-06-18 13:07:00,3967.24,3968.45,3966.93,3968.43,5833
TCS,2024-06-18 13:08:00,3967.96,3968.94,3967.18,3968.88,2063
TCS,2024-06-18 13:09:00,3970.04,3970.43,3969.93,3970.13,1217
TCS,2024-06-18 13:10:00,3970.03,3971.19,3969.75,3969.80,2254
TCS,2024-06-18 13:11:00,3969.39,3969.91,3968.13,3969.64,4305
TCS,2024-06-18 13:12:00,3969.68,3969.82,3969.33,3969.44,5633
TCS,2024-06-18 13:13:00,3969.04,3969.59,3967.92,3968.74,6270
TCS,2024-06-18 13:14:00,3969.25,3970.14,3968.09,3968.64,2496
TCS,2024-06-18 13:15:00,3967.89,3968.70,3967.30,3967.99,2721
TCS,2024-06-18 13:16:00,3967.99,3968.85,3967.63,3968.71,3047
TCS,2024-06-18 13:17:00,3968.26,3968.47,3967.15,3967.58,1673
TCS,2024-06-18 13:18:00,3966.55,3967.59,3966.46,3966.48,8659
TCS,2024-06-18 13:19:00,3967.48,3968.91,3967.32,3968.53,1501
TCS,2024-06-18 13:20:00,3967.95,3968.48,3967.26,3967.74,3730
TCS,2024-06-18 13:21:00,3967.47,3968.87,3966.09,3966.38,4563
TCS,2024-06-18 13:22:00,3966.97,3968.47,3966.16,3967.40,6326
TCS,2024-06-18 13:23:00,3968.60,3968.70,3967.57,3968.29,6874
TCS,2024-06-18 13:24:00,3968.12,3968.34,3967.95,3968.01,2132
TCS,2024-06-18 13:25:00,3967.06,3967.94,3966.69,3967.64,2288
TCS,2024-06-18 13:26:00,3966.52,3967.68,3965.81,3966.47,8378
TCS,2024-06-18 13:27:00,3966.39,3967.22,3965.16,3966.33,4494
TCS,2024-06-18 13:28:00,3967.27,3967.34,3966.87,3967.16,7032
TCS,2024-06-18 13:29:00,3966.39,3967.70,3965.25,3967.15,5262
TCS,2024-06-18 13:30:00,3967.30,3968.09,3966.55,3967.24,6350
TCS,2024-06-18 13:31:00,3966.82,3968.12,3966.66,3966.74,4715
TCS,2024-06-18 13:32:00,3967.57,3968.80,3967.31,3968.60,4124
TCS,2024-06-18 13:33:00,3967.84,3968.35,3967.09,3968.30,4626
TCS,2024-06-18 13:34:00,3967.65,3968.42,3966.96,3967.38,1629
TCS,2024-06-18 13:35:00,3966.63,3966.79,3966.36,3966.71,4068
TCS,2024-06-18 13:36:00,3966.77,3967.79,3966.50,3967.70,6748
TCS,2024-06-18 13:37:00,3966.68,3968.16,3965.96,3967.21,8809
TCS,2024-06-18 13:38:00,3967.71,3968.37,3967.00,3967.04,7773
TCS,2024-06-18 13:39:00,3967.01,3968.48,3965.57,3966.83,4360
TCS,2024-06-18 13:40:00,3966.09,3967.37,3965.06,3965.82,5438
TCS,2024-06-18 13:41:00,3965.56,3966.81,3964.08,3965.86,5595
TCS,2024-06-18 13:42:00,3965.99,3967.39,3964.85,3965.30,2121
TCS,2024-06-18 13:43:00,3965.90,3965.91,3965.67,3965.83,3528
TCS,2024-06-18 13:44:00,3966.14,3966.19,3965.73,3966.16,3066
TCS,2024-06-18 13:45:00,3965.06,3965.31,3964.91,3965.21,3674
TCS,2024-06-18 13:46:00,3965.06,3965.14,3963.61,3965.04,8150
TCS,2024-06-18 13:47:00,3965.50,3966.33,3965.22,3965.69,5949
TCS,2024-06-18 13:48:00,3965.53,3966.29,3965.31,3965.91,6989
TCS,2024-06-18 13:49:00,3965.08,3965.25,3963.91,3964.68,8344
TCS,2024-06-18 13:50:00,3965.49,3966.55,3965.33,3966.14,6242
TCS,2024-06-18 13:51:00,3966.03,3966.90,3965.33,3966.35,5803
TCS,2024-06-18 13:52:00,3966.75,3967.54,3965.28,3965.89,3672
TCS,2024-06-18 13:53:00,3966.61,3966.79,3966.36,3966.49,4894
TCS,2024-06-18 13:54:00,3965.35,3966.67,3964.12,3965.43,3016
TCS,2024-06-18 13:55:00,3965.68,3967.14,3964.37,3966.36,1155
TCS,2024-06-18 13:56:00,3967.54,3968.66,3967.51,3967.66,4706
TCS,2024-06-18 13:57:00,3966.58,3966.85,3965.34,3966.05,5387
TCS,2024-06-18 13:58:00,3966.38,3967.60,3966.12,3966.43,1649
TCS,2024-06-18 13:59:00,3966.57,3967.82,3965.68,3966.80,1154
TCS,2024-06-18 14:00:00,3966.85,3967.11,3965.56,3965.92,6853
TCS,2024-06-18 14:01:00,3966.30,3966.77,3964.95,3966.05,5503
TCS,2024-06-18 14:02:00,3965.85,3966.69,3965.43,3966.09,5643
TCS,2024-06-18 14:03:00,3966.75,3967.21,3966.59,3967.11,4083
TCS,2024-06-18 14:04:00,3967.38,3967.38,3966.44,3966.51,3952
TCS,2024-06-18 14:05:00,3965.82,3965.91,3964.98,3965.86,5416
TCS,2024-06-18 14:06:00,3965.75,3966.38,3965.40,3965.66,2035
TCS,2024-06-18 14:07:00,3966.13,3966.97,3965.39,3966.41,3132
TCS,2024-06-18 14:08:00,3966.68,3967.13,3966.42,3966.79,3547
TCS,2024-06-18 14:09:00,3965.91,3967.38,3964.69,3966.66,7103
TCS,2024-06-18 14:10:00,3965.87,3967.17,3964.44,3964.82,7468
TCS,2024-06-18 14:11:00,3964.38,3965.53,3964.20,3965.29,4405
TCS,2024-06-18 14:12:00,3965.27,3966.19,3964.72,3965.25,6527
TCS,2024-06-18 14:13:00,3966.26,3966.58,3966.08,3966.24,4179
TCS,2024-06-18 14:14:00,3966.70,3967.03,3966.57,3966.59,3367
TCS,2024-06-18 14:15:00,3967.67,3968.90,3966.58,3967.62,2205
TCS,2024-06-18 14:16:00,3966.78,3967.78,3965.86,3966.42,1214
TCS,2024-06-18 14:17:00,3966.84,3968.14,3965.87,3966.55,5729
TCS,2024-06-18 14:18:00,3966.72,3967.58,3965.75,3965.99,4967
TCS,2024-06-18 14:19:00,3965.71,3965.78,3964.96,3965.14,1870
TCS,2024-06-18 14:20:00,3964.10,3964.44,3962.97,3963.77,5377
TCS,2024-06-18 14:21:00,3963.25,3963.84,3962.44,3963.73,2510
TCS,2024-06-18 14:22:00,3964.91,3965.47,3964.20,3964.34,5370
TCS,2024-06-18 14:23:00,3963.72,3965.01,3962.95,3963.76,2828
TCS,2024-06-18 14:24:00,3964.10,3964.72,3963.89,3964.55,7365
TCS,2024-06-18 14:25:00,3964.95,3966.45,3964.89,3965.28,8245
TCS,2024-06-18 14:26:00,3965.77,3967.24,3965.66,3967.09,4178
TCS,2024-06-18 14:27:00,3967.99,3968.72,3967.22,3967.88,4445
TCS,2024-06-18 14:28:00,3967.46,3968.21,3966.03,3966.66,1217
TCS,2024-06-18 14:29:00,3965.79,3966.68,3965.10,3965.81,3537
TCS,2024-06-18 14:30:00,3965.85,3966.77,3964.97,3966.74,3138
TCS,2024-06-18 14:31:00,3966.88,3968.37,3966.43,3967.44,4283
TCS,2024-06-18 14:32:00,3967.96,3968.55,3967.55,3967.87,5126
TCS,2024-06-18 14:33:00,3967.15,3967.28,3966.50,3967.24,8787
TCS,2024-06-18 14:34:00,3967.96,3968.96,3967.96,3968.42,3998
TCS,2024-06-18 14:35:00,3968.60,3968.60,3967.12,3968.59,5798
TCS,2024-06-18 14:36:00,3967.42,3967.82,3966.34,3966.67,4734
TCS,2024-06-18 14:37:00,3965.89,3965.94,3964.47,3965.58,1478
TCS,2024-06-18 14:38:00,3965.29,3966.01,3964.13,3965.44,2215
TCS,2024-06-18 14:39:00,3966.39,3967.05,3965.56,3966.35,1449
TCS,2024-06-18 14:40:00,3966.20,3967.67,3965.17,3967.46,8707
TCS,2024-06-18 14:41:00,3967.43,3968.65,3967.09,3967.96,3941
TCS,2024-06-18 14:42:00,3967.38,3968.83,3967.38,3967.99,5881
TCS,2024-06-18 14:43:00,3967.31,3968.49,3966.17,3968.27,7509
TCS,2024-06-18 14:44:00,3968.94,3969.39,3968.37,3968.47,8858
TCS,2024-06-18 14:45:00,3969.55,3970.20,3968.14,3968.56,4249
TCS,2024-06-18 14:46:00,3968.91,3970.19,3968.57,3969.63,7335
TCS,2024-06-18 14:47:00,3970.35,3971.23,3969.37,3969.65,8730
TCS,2024-06-18 14:48:00,3970.07,3971.18,3969.11,3969.65,1474
TCS,2024-06-18 14:49:00,3969.28,3969.62,3969.12,3969.34,4031
TCS,2024-06-18 14:50:00,3970.15,3970.88,3969.68,3970.32,8231
TCS,2024-06-18 14:51:00,3971.13,3971.48,3970.79,3971.31,8630
TCS,2024-06-18 14:52:00,3971.89,3973.36,3970.68,3972.32,6503
TCS,2024-06-18 14:53:00,3972.39,3972.93,3971.09,3972.66,2461
TCS,2024-06-18 14:54:00,3973.17,3973.78,3973.13,3973.18,8204
TCS,2024-06-18 14:55:00,3973.96,3975.41,3972.97,3975.35,1764
TCS,2024-06-18 14:56:00,3975.19,3975.78,3974.82,3975.13,4404
TCS,2024-06-18 14:57:00,3975.88,3976.33,3975.73,3976.21,3782
TCS,2024-06-18 14:58:00,3975.11,3975.50,3974.35,3974.85,7502
TCS,2024-06-18 14:59:00,3975.38,3976.37,3974.84,3975.97,3790
TCS,2024-06-18 15:00:00,3976.31,3976.46,3974.83,3975.47,2520
TCS,2024-06-18 15:01:00,3976.35,3977.19,3975.67,3977.06,6573
TCS,2024-06-18 15:02:00,3976.30,3977.66,3975.11,3975.71,8433
TCS,2024-06-18 15:03:00,3975.53,3976.47,3975.03,3976.42,4276
TCS,2024-06-18 15:04:00,3977.30,3978.12,3976.31,3978.00,7669
TCS,2024-06-18 15:05:00,3978.89,3980.30,3978.13,3980.00,3174
TCS,2024-06-18 15:06:00,3980.75,3981.15,3980.39,3980.50,2188
TCS,2024-06-18 15:07:00,3980.34,3981.22,3979.27,3979.36,4047
TCS,2024-06-18 15:08:00,3978.39,3979.35,3977.25,3978.34,3204
TCS,2024-06-18 15:09:00,3978.99,3979.49,3978.39,3978.54,7339
TCS,2024-06-18 15:10:00,3979.48,3980.63,3978.89,3980.50,8306
TCS,2024-06-18 15:11:00,3979.79,3980.63,3978.44,3980.01,1580
TCS,2024-06-18 15:12:00,3980.76,3981.62,3979.58,3980.05,3064
TCS,2024-06-18 15:13:00,3981.30,3982.07,3980.01,3981.99,7326
TCS,2024-06-18 15:14:00,3983.16,3984.13,3982.22,3982.76,7073
TCS,2024-06-18 15:15:00,3981.74,3982.48,3981.04,3982.48,5277
TCS,2024-06-18 15:16:00,3983.40,3983.80,3982.89,3983.24,4005
TCS,2024-06-18 15:17:00,3984.32,3984.63,3983.96,3984.31,5606
TCS,2024-06-18 15:18:00,3985.40,3986.16,3983.91,3984.42,3696
TCS,2024-06-18 15:19:00,3984.67,3984.95,3983.28,3984.02,3747
TCS,2024-06-18 15:20:00,3982.99,3983.72,3982.23,3983.32,2372
TCS,2024-06-18 15:21:00,3982.86,3983.17,3981.63,3982.98,5509
TCS,2024-06-18 15:22:00,3982.89,3984.26,3981.40,3983.53,5935
TCS,2024-06-18 15:23:00,3983.63,3983.75,3983.55,3983.61,1560
TCS,2024-06-18 15:24:00,3982.54,3982.81,3981.40,3982.71,1928
TCS,2024-06-18 15:25:00,3983.31,3983.35,3982.41,3982.94,3296
TCS,2024-06-18 15:26:00,3983.54,3984.46,3982.09,3982.28,4423
TCS,2024-06-18 15:27:00,3982.41,3982.59,3982.00,3982.00,1559
TCS,2024-06-18 15:28:00,3981.23,3982.08,3980.86,3982.05,6709
TCS,2024-06-18 15:29:00,3981.51,3981.90,3980.31,3981.22,7245
TCS,2024-06-19 09:15:00,3981.81,3982.57,3981.19,3981.45,2894
TCS,2024-06-19 09:16:00,3980.81,3981.80,3980.69,3981.51,6024
TCS,2024-06-19 09:17:00,3980.67,3981.96,3980.12,3980.81,8906
TCS,2024-06-19 09:18:00,3980.65,3981.55,3979.85,3980.36,5479
TCS,2024-06-19 09:19:00,3980.32,3981.29,3980.16,3980.49,5324
TCS,2024-06-19 09:20:00,3979.93,3980.04,3978.87,3979.93,4592
TCS,2024-06-19 09:21:00,3980.82,3981.83,3979.89,3980.11,6395
TCS,2024-06-19 09:22:00,3979.23,3980.11,3978.89,3979.61,2886
TCS,2024-06-19 09:23:00,3980.60,3981.90,3980.17,3980.47,6927
TCS,2024-06-19 09:24:00,3981.39,3981.55,3981.21,3981.55,2316
TCS,2024-06-19 09:25:00,3981.89,3983.33,3981.74,3982.69,1681
TCS,2024-06-19 09:26:00,3982.57,3982.63,3982.24,3982.53,3222
TCS,2024-06-19 09:27:00,3983.21,3983.80,3983.01,3983.72,6279
TCS,2024-06-19 09:28:00,3983.12,3983.44,3983.00,3983.32,5020
TCS,2024-06-19 09:29:00,3982.70,3983.41,3981.62,3982.46,4554
TCS,2024-06-19 09:30:00,3981.85,3982.24,3981.26,3981.38,5712
TCS,2024-06-19 09:31:00,3981.88,3982.76,3981.87,3982.19,1002
TCS,2024-06-19 09:32:00,3981.92,3982.38,3980.73,3981.46,3253
TCS,2024-06-19 09:33:00,3981.88,3983.06,3980.99,3982.52,7405
TCS,2024-06-19 09:34:00,3982.63,3982.94,3981.68,3981.77,1193
TCS,2024-06-19 09:35:00,3981.50,3982.80,3980.11,3980.75,5077
TCS,2024-06-19 09:36:00,3979.96,3981.06,3979.92,3980.01,5129
TCS,2024-06-19 09:37:00,3980.90,3981.26,3979.61,3981.21,1642
TCS,2024-06-19 09:38:00,3982.14,3982.86,3981.46,3982.60,3800
TCS,2024-06-19 09:39:00,3983.85,3984.74,3983.44,3984.20,6803
TCS,2024-06-19 09:40:00,3984.81,3986.22,3983.55,3984.83,5933
TCS,2024-06-19 09:41:00,3985.23,3985.99,3984.80,3985.85,1136
TCS,2024-06-19 09:42:00,3984.96,3985.15,3983.69,3984.25,1664
TCS,2024-06-19 09:43:00,3984.92,3985.14,3984.63,3984.83,4510
TCS,2024-06-19 09:44:00,3983.82,3984.13,3983.66,3983.72,6833
TCS,2024-06-19 09:45:00,3984.08,3985.01,3983.74,3984.07,8568
TCS,2024-06-19 09:46:00,3983.15,3983.38,3982.55,3982.69,1690
TCS,2024-06-19 09:47:00,3981.80,3982.07,3980.76,3981.51,6738
TCS,2024-06-19 09:48:00,3980.96,3982.34,3980.07,3981.26,6313
TCS,2024-06-19 09:49:00,3980.94,3981.42,3980.80,3980.95,6050
TCS,2024-06-19 09:50:00,3982.06,3982.25,3980.97,3980.99,4834
TCS,2024-06-19 09:51:00,3979.89,3979.93,3978.88,3979.75,5535
TCS,2024-06-19 09:52:00,3980.52,3981.16,3979.19,3979.62,2999
TCS,2024-06-19 09:53:00,3979.33,3980.18,3978.10,3979.84,4235
TCS,2024-06-19 09:54:00,3981.02,3982.42,3979.80,3980.55,1033
TCS,2024-06-19 09:55:00,3981.07,3982.16,3980.01,3980.55,7998
TCS,2024-06-19 09:56:00,3981.23,3982.72,3980.99,3981.92,5198
TCS,2024-06-19 09:57:00,3981.55,3982.81,3980.76,3982.06,8100
TCS,2024-06-19 09:58:00,3982.57,3984.01,3982.48,3983.14,4725
TCS,2024-06-19 09:59:00,3983.19,3984.07,3983.07,3983.65,3887
TCS,2024-06-19 10:00:00,3983.92,3984.60,3983.20,3984.52,4064
TCS,2024-06-19 10:01:00,3985.37,3985.63,3984.76,3984.96,1573
TCS,2024-06-19 10:02:00,3986.20,3986.50,3985.83,3985.97,2964
TCS,2024-06-19 10:03:00,3985.85,3987.14,3985.37,3986.92,6826
TCS,2024-06-19 10:04:00,3985.85,3986.21,3985.08,3985.46,1070
TCS,2024-06-19 10:05:00,3985.97,3986.23,3984.88,3985.03,8549
TCS,2024-06-19 10:06:00,3984.25,3985.34,3983.29,3984.19,8443
TCS,2024-06-19 10:07:00,3985.32,3986.05,3984.65,3985.37,1888
TCS,2024-06-19 10:08:00,3984.58,3985.63,3984.56,3985.22,4904
TCS,2024-06-19 10:09:00,3984.33,3984.77,3983.29,3983.55,5521
TCS,2024-06-19 10:10:00,3982.48,3983.01,3982.22,3982.56,6519
TCS,2024-06-19 10:11:00,3981.63,3982.75,3980.33,3980.66,6342
TCS,2024-06-19 10:12:00,3979.90,3980.74,3978.60,3978.82,4715
TCS,2024-06-19 10:13:00,3979.93,3981.08,3979.77,3980.05,4053
TCS,2024-06-19 10:14:00,3979.05,3979.98,3977.92,3979.43,3125
TCS,2024-06-19 10:15:00,3978.99,3979.58,3978.74,3978.94,3034
TCS,2024-06-19 10:16:00,3978.99,3979.90,3978.24,3978.56,3150
TCS,2024-06-19 10:17:00,3978.14,3978.19,3977.02,3977.89,7524
TCS,2024-06-19 10:18:00,3979.02,3980.25,3978.20,3979.52,1037
TCS,2024-06-19 10:19:00,3980.74,3981.80,3980.16,3981.22,5266
TCS,2024-06-19 10:20:00,3981.69,3982.83,3980.55,3981.20,4490
TCS,2024-06-19 10:21:00,3980.95,3982.08,3979.93,3980.48,6639
TCS,2024-06-19 10:22:00,3981.10,3981.80,3979.77,3979.91,3517
TCS,2024-06-19 10:23:00,3979.98,3981.21,3978.93,3980.97,2365
TCS,2024-06-19 10:24:00,3980.52,3981.28,3979.48,3979.81,8182
TCS,2024-06-19 10:25:00,3980.62,3981.54,3980.11,3980.19,3502
TCS,2024-06-19 10:26:00,3981.40,3982.32,3980.64,3981.54,4204
TCS,2024-06-19 10:27:00,3980.44,3981.13,3980.15,3980.73,8291
TCS,2024-06-19 10:28:00,3979.66,3981.15,3978.20,3979.01,7127
TCS,2024-06-19 10:29:00,3978.04,3978.49,3977.76,3977.84,2079
TCS,2024-06-19 10:30:00,3977.79,3978.71,3976.82,3976.89,5204
TCS,2024-06-19 10:31:00,3976.73,3978.09,3976.11,3977.88,2688
TCS,2024-06-19 10:32:00,3977.17,3978.34,3976.79,3977.52,5590
TCS,2024-06-19 10:33:00,3978.59,3979.57,3978.44,3979.07,6177
TCS,2024-06-19 10:34:00,3979.77,3980.75,3978.70,3980.52,6731
TCS,2024-06-19 10:35:00,3980.66,3981.28,3980.05,3980.41,4519
TCS,2024-06-19 10:36:00,3980.13,3981.32,3979.76,3981.03,6704
TCS,2024-06-19 10:37:00,3982.10,3983.54,3981.26,3982.03,3916
TCS,2024-06-19 10:38:00,3982.78,3983.49,3981.43,3981.51,1644
TCS,2024-06-19 10:39:00,3980.75,3981.70,3980.53,3981.31,3221
TCS,2024-06-19 10:40:00,3981.76,3983.24,3981.07,3982.76,4313
TCS,2024-06-19 10:41:00,3981.66,3982.68,3981.31,3982.27,2487
TCS,2024-06-19 10:42:00,3981.18,3982.34,3979.86,3982.18,3924
TCS,2024-06-19 10:43:00,3983.12,3983.51,3981.85,3982.82,1434
TCS,2024-06-19 10:44:00,3982.39,3983.04,3981.35,3982.14,3962
TCS,2024-06-19 10:45:00,3982.83,3982.88,3981.79,3982.38,7913
TCS,2024-06-19 10:46:00,3982.43,3983.80,3981.86,3983.14,5201
TCS,2024-06-19 10:47:00,3983.50,3984.83,3982.36,3983.55,6932
TCS,2024-06-19 10:48:00,3982.65,3984.06,3982.51,3982.58,4017
TCS,2024-06-19 10:49:00,3982.21,3982.72,3980.75,3981.59,8579
TCS,2024-06-19 10:50:00,3982.11,3983.15,3981.22,3981.87,1564
TCS,2024-06-19 10:51:00,3981.35,3982.34,3979.86,3980.35,6135
TCS,2024-06-19 10:52:00,3980.47,3981.48,3979.94,3980.23,5813
TCS,2024-06-19 10:53:00,3980.01,3980.59,3978.86,3979.38,5949
TCS,2024-06-19 10:54:00,3978.45,3979.43,3977.86,3978.54,8317
TCS,2024-06-19 10:55:00,3977.88,3979.20,3976.69,3977.33,7407
TCS,2024-06-19 10:56:00,3978.55,3979.73,3978.43,3978.85,1757
TCS,2024-06-19 10:57:00,3977.96,3978.34,3977.61,3978.01,3706
TCS,2024-06-19 10:58:00,3979.14,3980.20,3978.36,3979.96,1625
TCS,2024-06-19 10:59:00,3980.46,3981.96,3980.15,3980.27,2018
TCS,2024-06-19 11:00:00,3980.73,3981.55,3980.16,3981.20,8738
TCS,2024-06-19 11:01:00,3980.69,3981.68,3979.45,3981.21,3081
TCS,2024-06-19 11:02:00,3982.05,3982.55,3981.23,3981.76,1612
TCS,2024-06-19 11:03:00,3982.48,3982.57,3982.25,3982.50,6234
TCS,2024-06-19 11:04:00,3983.63,3984.33,3983.03,3983.09,6623
TCS,2024-06-19 11:05:00,3982.22,3982.22,3981.33,3981.66,7149
TCS,2024-06-19 11:06:00,3981.58,3981.62,3981.54,3981.58,1892
TCS,2024-06-19 11:07:00,3982.24,3982.25,3980.80,3982.19,2716
TCS,2024-06-19 11:08:00,3981.89,3982.42,3980.80,3981.77,8181
TCS,2024-06-19 11:09:00,3982.59,3983.67,3981.40,3981.61,8128
TCS,2024-06-19 11:10:00,3982.44,3983.50,3982.09,3982.21,3694
TCS,2024-06-19 11:11:00,3981.21,3982.60,3980.54,3980.84,8596
TCS,2024-06-19 11:12:00,3980.70,3980.83,3979.22,3979.60,1918
TCS,2024-06-19 11:13:00,3980.76,3981.54,3979.99,3981.01,4880
TCS,2024-06-19 11:14:00,3981.62,3981.94,3981.17,3981.82,2158
TCS,2024-06-19 11:15:00,3982.59,3982.66,3981.25,3981.97,3284
TCS,2024-06-19 11:16:00,3981.19,3982.45,3981.08,3981.59,6055
TCS,2024-06-19 11:17:00,3980.53,3981.39,3979.95,3980.45,4197
TCS,2024-06-19 11:18:00,3980.97,3982.06,3979.75,3980.77,7261
TCS,2024-06-19 11:19:00,3981.99,3983.09,3981.93,3982.20,7955
TCS,2024-06-19 11:20:00,3981.36,3982.85,3980.83,3982.74,8887
TCS,2024-06-19 11:21:00,3982.71,3983.70,3981.97,3982.84,6123
TCS,2024-06-19 11:22:00,3982.36,3983.05,3981.34,3982.55,8490
TCS,2024-06-19 11:23:00,3983.15,3984.49,3982.80,3984.06,7755
TCS,2024-06-19 11:24:00,3983.60,3984.68,3983.58,3984.03,4928
TCS,2024-06-19 11:25:00,3984.84,3985.56,3984.12,3985.28,7499
TCS,2024-06-19 11:26:00,3985.00,3985.09,3984.69,3985.02,6846
TCS,2024-06-19 11:27:00,3985.89,3987.25,3985.20,3986.77,3995
TCS,2024-06-19 11:28:00,3986.71,3987.21,3986.00,3986.15,5676
TCS,2024-06-19 11:29:00,3987.10,3988.12,3985.74,3987.49,1507
TCS,2024-06-19 11:30:00,3987.86,3988.54,3987.31,3987.73,8591
TCS,2024-06-19 11:31:00,3987.31,3987.78,3987.27,3987.41,3706
TCS,2024-06-19 11:32:00,3987.81,3989.26,3986.79,3988.14,5232
TCS,2024-06-19 11:33:00,3986.95,3987.04,3986.84,3986.89,3574
TCS,2024-06-19 11:34:00,3986.20,3986.49,3986.16,3986.35,6584
TCS,2024-06-19 11:35:00,3985.29,3985.70,3985.27,3985.54,8703
TCS,2024-06-19 11:36:00,3984.67,3985.82,3983.29,3984.03,5840
TCS,2024-06-19 11:37:00,3983.81,3984.38,3983.72,3983.79,1111
TCS,2024-06-19 11:38:00,3982.97,3983.35,3982.72,3983.05,6049
TCS,2024-06-19 11:39:00,3982.35,3982.62,3981.55,3982.46,4641
TCS,2024-06-19 11:40:00,3983.54,3984.07,3983.34,3983.66,3527
TCS,2024-06-19 11:41:00,3983.32,3984.70,3982.92,3982.92,4729
TCS,2024-06-19 11:42:00,3983.59,3984.57,3983.46,3983.55,8341
TCS,2024-06-19 11:43:00,3984.77,3986.10,3984.48,3984.97,3139
TCS,2024-06-19 11:44:00,3985.79,3986.34,3984.69,3985.85,3368
TCS,2024-06-19 11:45:00,3986.86,3986.97,3985.53,3986.20,6749
TCS,2024-06-19 11:46:00,3986.21,3987.24,3985.44,3985.92,8409
TCS,2024-06-19 11:47:00,3986.32,3986.99,3985.67,3986.77,3455
TCS,2024-06-19 11:48:00,3985.58,3985.63,3984.15,3984.86,5066
TCS,2024-06-19 11:49:00,3986.04,3987.24,3984.59,3985.79,8256
TCS,2024-06-19 11:50:00,3984.85,3985.40,3983.57,3985.24,8221
TCS,2024-06-19 11:51:00,3984.94,3986.42,3984.67,3986.13,8185
TCS,2024-06-19 11:52:00,3986.69,3986.96,3985.94,3986.09,1209
TCS,2024-06-19 11:53:00,3987.30,3988.79,3986.03,3986.53,3842
TCS,2024-06-19 11:54:00,3987.39,3988.14,3986.28,3986.81,4972
TCS,2024-06-19 11:55:00,3986.68,3987.62,3985.94,3987.59,1401
TCS,2024-06-19 11:56:00,3988.06,3988.17,3986.57,3987.40,5438
TCS,2024-06-19 11:57:00,3986.79,3987.60,3985.55,3985.91,3274
TCS,2024-06-19 11:58:00,3986.59,3986.79,3986.24,3986.72,2446
TCS,2024-06-19 11:59:00,3986.69,3987.05,3985.43,3986.44,8300
TCS,2024-06-19 12:00:00,3986.74,3987.05,3985.54,3986.72,8752
TCS,2024-06-19 12:01:00,3987.54,3988.41,3986.91,3986.96,4361
TCS,2024-06-19 12:02:00,3987.14,3987.22,3986.81,3986.84,1214
TCS,2024-06-19 12:03:00,3987.55,3988.39,3986.25,3988.21,2465
TCS,2024-06-19 12:04:00,3989.34,3990.50,3988.71,3989.87,2287
TCS,2024-06-19 12:05:00,3990.82,3991.70,3989.94,3991.68,4842
TCS,2024-06-19 12:06:00,3991.13,3991.50,3990.17,3990.64,3401
TCS,2024-06-19 12:07:00,3990.75,3991.50,3990.51,3990.65,2417
TCS,2024-06-19 12:08:00,3989.79,3991.16,3989.66,3989.71,6807
TCS,2024-06-19 12:09:00,3990.05,3990.14,3989.62,3990.12,4205
TCS,2024-06-19 12:10:00,3989.46,3990.61,3989.24,3989.95,4852
TCS,2024-06-19 12:11:00,3990.74,3992.16,3989.99,3990.29,3379
TCS,2024-06-19 12:12:00,3991.31,3991.36,3990.85,3991.29,5181
TCS,2024-06-19 12:13:00,3990.72,3991.11,3990.20,3990.93,3854
TCS,2024-06-19 12:14:00,3991.00,3991.79,3990.62,3990.89,4966
TCS,2024-06-19 12:15:00,3992.00,3993.35,3990.76,3990.80,7462
TCS,2024-06-19 12:16:00,3991.50,3992.50,3990.90,3992.43,7120
TCS,2024-06-19 12:17:00,3992.08,3993.46,3991.24,3993.45,5766
TCS,2024-06-19 12:18:00,3994.02,3995.32,3994.00,3994.86,4737
TCS,2024-06-19 12:19:00,3993.69,3994.22,3992.85,3992.94,8510
TCS,2024-06-19 12:20:00,3993.94,3994.83,3992.83,3993.60,8126
TCS,2024-06-19 12:21:00,3993.51,3994.72,3993.22,3994.61,6078
TCS,2024-06-19 12:22:00,3994.48,3994.85,3993.55,3993.80,7322
TCS,2024-06-19 12:23:00,3992.82,3992.93,3991.96,3992.14,3669
TCS,2024-06-19 12:24:00,3993.07,3993.68,3992.19,3993.10,8133
TCS,2024-06-19 12:25:00,3993.13,3994.23,3992.36,3992.46,2456
TCS,2024-06-19 12:26:00,3992.70,3992.86,3992.14,3992.29,2937
TCS,2024-06-19 12:27:00,3991.98,3992.87,3991.08,3991.59,6104
TCS,2024-06-19 12:28:00,3991.98,3992.93,3990.72,3992.08,4205
TCS,2024-06-19 12:29:00,3991.14,3992.54,3990.67,3990.82,8482
TCS,2024-06-19 12:30:00,3991.90,3993.06,3991.17,3991.87,2338
TCS,2024-06-19 12:31:00,3991.44,3991.82,3990.96,3991.20,8721
TCS,2024-06-19 12:32:00,3992.16,3993.28,3991.76,3992.24,6380
TCS,2024-06-19 12:33:00,3992.16,3992.33,3991.74,3991.92,4385
TCS,2024-06-19 12:34:00,3991.89,3992.02,3991.53,3991.91,5969
TCS,2024-06-19 12:35:00,3992.11,3993.43,3991.77,3992.76,4859
TCS,2024-06-19 12:36:00,3991.96,3993.21,3991.53,3992.26,4120
TCS,2024-06-19 12:37:00,3991.48,3992.14,3991.11,3991.38,5258
TCS,2024-06-19 12:38:00,3991.46,3992.74,3990.48,3990.57,4675
TCS,2024-06-19 12:39:00,3990.24,3990.80,3989.97,3990.23,6464
TCS,2024-06-19 12:40:00,3991.28,3992.71,3990.17,3991.48,2036
TCS,2024-06-19 12:41:00,3991.22,3991.61,3991.22,3991.26,7052
TCS,2024-06-19 12:42:00,3990.70,3991.98,3989.98,3990.96,4042
TCS,2024-06-19 12:43:00,3991.69,3992.21,3991.02,3991.43,8680
TCS,2024-06-19 12:44:00,3990.83,3991.39,3990.81,3990.84,7786
TCS,2024-06-19 12:45:00,3990.85,3991.62,3989.58,3990.19,7476
TCS,2024-06-19 12:46:00,3991.39,3991.51,3991.04,3991.12,4113
TCS,2024-06-19 12:47:00,3991.88,3992.80,3991.78,3991.88,1621
TCS,2024-06-19 12:48:00,3991.30,3991.79,3990.03,3990.61,5879
TCS,2024-06-19 12:49:00,3990.72,3991.52,3989.70,3990.37,7347
TCS,2024-06-19 12:50:00,3989.89,3991.04,3988.48,3988.62,7200
TCS,2024-06-19 12:51:00,3989.51,3990.17,3989.23,3989.81,4151
TCS,2024-06-19 12:52:00,3988.90,3990.13,3987.79,3988.40,6782
TCS,2024-06-19 12:53:00,3989.24,3990.17,3989.07,3989.91,5251
TCS,2024-06-19 12:54:00,3990.99,3991.84,3989.73,3989.96,8119
TCS,2024-06-19 12:55:00,3989.84,3991.17,3988.80,3990.69,5469
TCS,2024-06-19 12:56:00,3990.40,3991.20,3990.05,3990.93,7567
TCS,2024-06-19 12:57:00,3991.15,3991.52,3990.77,3991.33,2250
TCS,2024-06-19 12:58:00,3991.82,3992.24,3990.36,3990.88,1121
TCS,2024-06-19 12:59:00,3990.17,3991.56,3988.75,3990.94,8183
TCS,2024-06-19 13:00:00,3990.87,3990.95,3989.82,3990.46,8391
TCS,2024-06-19 13:01:00,3989.45,3990.35,3988.43,3989.58,8085
TCS,2024-06-19 13:02:00,3988.53,3989.87,3987.84,3989.76,3335
TCS,2024-06-19 13:03:00,3990.90,3990.96,3990.01,3990.20,7682
TCS,2024-06-19 13:04:00,3989.42,3989.83,3989.09,3989.38,8483
TCS,2024-06-19 13:05:00,3988.60,3990.08,3987.31,3989.63,6861
TCS,2024-06-19 13:06:00,3990.73,3991.76,3989.38,3991.12,4365
TCS,2024-06-19 13:07:00,3991.62,3992.21,3991.25,3991.82,4947
TCS,2024-06-19 13:08:00,3991.45,3992.92,3990.85,3991.67,3234
TCS,2024-06-19 13:09:00,3991.26,3991.27,3991.13,3991.22,6064
TCS,2024-06-19 13:10:00,3992.22,3992.37,3990.83,3991.50,2195
TCS,2024-06-19 13:11:00,3992.43,3993.25,3991.43,3992.23,2942
TCS,2024-06-19 13:12:00,3991.43,3992.08,3991.27,3991.45,8573
TCS,2024-06-19 13:13:00,3991.41,3992.64,3989.95,3989.95,6897
TCS,2024-06-19 13:14:00,3989.93,3990.76,3988.97,3989.58,3162
TCS,2024-06-19 13:15:00,3990.14,3991.33,3990.06,3990.64,4856
TCS,2024-06-19 13:16:00,3990.48,3991.49,3988.98,3989.65,7315
TCS,2024-06-19 13:17:00,3990.56,3990.75,3989.58,3990.10,2601
TCS,2024-06-19 13:18:00,3989.74,3990.31,3988.61,3989.12,1906
TCS,2024-06-19 13:19:00,3989.94,3989.96,3989.57,3989.61,7629
TCS,2024-06-19 13:20:00,3990.34,3991.17,3988.84,3991.01,6264
TCS,2024-06-19 13:21:00,3990.69,3990.92,3990.35,3990.85,2582
TCS,2024-06-19 13:22:00,3990.44,3991.18,3990.18,3990.75,5721
TCS,2024-06-19 13:23:00,3990.25,3990.81,3989.52,3989.60,7394
TCS,2024-06-19 13:24:00,3988.42,3989.44,3987.87,3989.21,8442
TCS,2024-06-19 13:25:00,3988.63,3990.03,3988.29,3989.21,6020
TCS,2024-06-19 13:26:00,3988.37,3988.39,3987.10,3987.75,5572
TCS,2024-06-19 13:27:00,3988.33,3988.80,3987.87,3987.87,4132
TCS,2024-06-19 13:28:00,3988.28,3988.69,3987.27,3987.36,7922
TCS,2024-06-19 13:29:00,3986.90,3987.56,3985.98,3987.04,1527
TCS,2024-06-19 13:30:00,3986.22,3986.33,3985.62,3986.11,3526
TCS,2024-06-19 13:31:00,3987.09,3988.04,3986.34,3987.74,6811
TCS,2024-06-19 13:32:00,3988.01,3989.08,3987.71,3988.77,4808
TCS,2024-06-19 13:33:00,3988.32,3989.07,3988.08,3988.17,6106
TCS,2024-06-19 13:34:00,3987.22,3987.91,3986.76,3987.14,2137
TCS,2024-06-19 13:35:00,3987.78,3988.90,3986.65,3987.89,1238
TCS,2024-06-19 13:36:00,3988.30,3989.67,3987.01,3987.53,2700
TCS,2024-06-19 13:37:00,3987.13,3987.27,3986.30,3986.47,6205
TCS,2024-06-19 13:38:00,3985.75,3986.78,3984.41,3985.04,6390
TCS,2024-06-19 13:39:00,3985.27,3985.97,3984.95,3985.91,7708
TCS,2024-06-19 13:40:00,3985.12,3985.56,3984.47,3984.99,5621
TCS,2024-06-19 13:41:00,3984.29,3985.22,3983.36,3983.50,8278
TCS,2024-06-19 13:42:00,3982.90,3984.07,3982.62,3984.01,6506
TCS,2024-06-19 13:43:00,3983.38,3984.61,3982.82,3984.45,7926
TCS,2024-06-19 13:44:00,3984.60,3985.73,3984.17,3984.80,7679
TCS,2024-06-19 13:45:00,3985.82,3986.09,3985.55,3985.88,3788
TCS,2024-06-19 13:46:00,3985.31,3985.95,3984.78,3985.26,8941
TCS,2024-06-19 13:47:00,3984.83,3985.64,3984.23,3985.19,2821
TCS,2024-06-19 13:48:00,3984.39,3984.78,3983.15,3984.15,1837
TCS,2024-06-19 13:49:00,3984.92,3985.53,3984.19,3985.40,1546
TCS,2024-06-19 13:50:00,3986.03,3986.56,3984.64,3984.69,4387
TCS,2024-06-19 13:51:00,3984.72,3985.62,3983.45,3984.56,2122
TCS,2024-06-19 13:52:00,3984.40,3985.41,3983.71,3984.73,2536
TCS,2024-06-19 13:53:00,3984.61,3985.11,3983.87,3983.95,5375
TCS,2024-06-19 13:54:00,3982.81,3983.61,3982.17,3982.97,3955
TCS,2024-06-19 13:55:00,3982.85,3982.96,3982.28,3982.71,2521
TCS,2024-06-19 13:56:00,3982.10,3982.38,3981.40,3981.80,3599
TCS,2024-06-19 13:57:00,3982.93,3983.18,3982.47,3982.79,2822
TCS,2024-06-19 13:58:00,3981.71,3982.90,3981.17,3981.68,5791
TCS,2024-06-19 13:59:00,3982.51,3983.74,3982.00,3982.38,5768
TCS,2024-06-19 14:00:00,3981.74,3982.39,3980.40,3980.75,1143
TCS,2024-06-19 14:01:00,3980.66,3981.01,3979.18,3979.59,2823
TCS,2024-06-19 14:02:00,3978.57,3978.84,3978.11,3978.53,4466
TCS,2024-06-19 14:03:00,3978.56,3978.62,3977.59,3978.10,2717
TCS,2024-06-19 14:04:00,3977.47,3978.55,3976.33,3977.44,2315
TCS,2024-06-19 14:05:00,3976.34,3976.59,3976.04,3976.38,2655
TCS,2024-06-19 14:06:00,3976.61,3977.92,3976.16,3977.43,1408
TCS,2024-06-19 14:07:00,3976.25,3976.42,3975.36,3975.91,8537
TCS,2024-06-19 14:08:00,3976.76,3977.19,3976.37,3977.02,8433
TCS,2024-06-19 14:09:00,3977.28,3978.73,3976.74,3977.33,5067
TCS,2024-06-19 14:10:00,3977.19,3977.71,3977.13,3977.70,1789
TCS,2024-06-19 14:11:00,3977.46,3977.77,3976.34,3976.86,3479
TCS,2024-06-19 14:12:00,3977.44,3977.94,3976.94,3976.94,1951
TCS,2024-06-19 14:13:00,3976.88,3976.91,3976.04,3976.23,7569
TCS,2024-06-19 14:14:00,3976.74,3978.15,3975.66,3977.85,1864
TCS,2024-06-19 14:15:00,3977.96,3978.23,3977.69,3978.04,6154
TCS,2024-06-19 14:16:00,3977.88,3978.26,3977.62,3978.14,5767
TCS,2024-06-19 14:17:00,3977.20,3977.83,3976.07,3977.36,6708
TCS,2024-06-19 14:18:00,3977.14,3977.95,3976.37,3977.75,3923
TCS,2024-06-19 14:19:00,3976.76,3977.64,3975.30,3977.56,4594
TCS,2024-06-19 14:20:00,3977.61,3978.59,3976.56,3978.33,3562
TCS,2024-06-19 14:21:00,3978.08,3978.60,3977.03,3978.24,1008
TCS,2024-06-19 14:22:00,3977.08,3978.54,3976.10,3977.88,7028
TCS,2024-06-19 14:23:00,3978.55,3978.73,3978.36,3978.55,2862
TCS,2024-06-19 14:24:00,3977.91,3979.39,3977.64,3978.79,5697
TCS,2024-06-19 14:25:00,3979.92,3980.11,3978.50,3979.68,3511
TCS,2024-06-19 14:26:00,3979.62,3981.03,3979.07,3979.97,5939
TCS,2024-06-19 14:27:00,3980.51,3981.66,3980.00,3981.44,1605
TCS,2024-06-19 14:28:00,3982.65,3983.70,3982.10,3982.29,5079
TCS,2024-06-19 14:29:00,3982.97,3984.18,3982.05,3982.46,7656
TCS,2024-06-19 14:30:00,3982.04,3982.50,3981.08,3981.65,6645
TCS,2024-06-19 14:31:00,3981.59,3982.59,3981.10,3981.35,4823
TCS,2024-06-19 14:32:00,3982.15,3982.92,3981.35,3982.18,2419
TCS,2024-06-19 14:33:00,3983.01,3984.03,3981.67,3983.29,5688
TCS,2024-06-19 14:34:00,3983.51,3984.49,3982.20,3984.19,1765
TCS,2024-06-19 14:35:00,3983.50,3984.94,3982.51,3984.41,7258
TCS,2024-06-19 14:36:00,3983.93,3985.17,3983.68,3983.76,7509
TCS,2024-06-19 14:37:00,3983.96,3984.52,3982.73,3983.29,1871
TCS,2024-06-19 14:38:00,3982.40,3982.76,3981.37,3982.30,2532
TCS,2024-06-19 14:39:00,3982.71,3983.86,3982.67,3983.59,5866
TCS,2024-06-19 14:40:00,3984.28,3984.78,3982.84,3983.06,7461
TCS,2024-06-19 14:41:00,3983.09,3983.13,3982.14,3982.18,8823
TCS,2024-06-19 14:42:00,3982.32,3982.67,3981.42,3982.34,4354
TCS,2024-06-19 14:43:00,3983.17,3984.34,3982.45,3983.98,7052
TCS,2024-06-19 14:44:00,3984.83,3985.71,3983.96,3984.14,4690
TCS,2024-06-19 14:45:00,3984.39,3985.75,3983.59,3984.07,1224
TCS,2024-06-19 14:46:00,3984.12,3984.33,3982.86,3983.10,5703
TCS,2024-06-19 14:47:00,3984.19,3984.92,3982.89,3984.15,4325
TCS,2024-06-19 14:48:00,3982.98,3984.41,3981.84,3984.29,2607
TCS,2024-06-19 14:49:00,3984.78,3985.75,3984.78,3985.19,1321
TCS,2024-06-19 14:50:00,3985.34,3986.78,3985.25,3985.64,7624
TCS,2024-06-19 14:51:00,3986.68,3987.67,3985.56,3987.32,4568
TCS,2024-06-19 14:52:00,3987.37,3988.70,3985.88,3987.48,7958
TCS,2024-06-19 14:53:00,3987.65,3988.44,3987.35,3987.55,1835
TCS,2024-06-19 14:54:00,3987.15,3987.54,3986.58,3987.38,4123
TCS,2024-06-19 14:55:00,3987.65,3987.79,3987.49,3987.79,7310
TCS,2024-06-19 14:56:00,3988.40,3989.07,3986.98,3987.59,4060
TCS,2024-06-19 14:57:00,3988.53,3989.12,3988.17,3988.67,8956
TCS,2024-06-19 14:58:00,3987.77,3988.77,3986.43,3986.62,8794
TCS,2024-06-19 14:59:00,3985.67,3986.13,3984.53,3985.65,1793
TCS,2024-06-19 15:00:00,3984.55,3985.16,3983.60,3984.96,2407
TCS,2024-06-19 15:01:00,3985.16,3986.05,3984.84,3985.68,5607
TCS,2024-06-19 15:02:00,3985.60,3985.96,3984.54,3985.27,2488
TCS,2024-06-19 15:03:00,3985.70,3986.32,3984.89,3985.86,2312
TCS,2024-06-19 15:04:00,3985.62,3986.36,3984.15,3984.78,7681
TCS,2024-06-19 15:05:00,3983.99,3984.87,3983.78,3984.57,4429
TCS,2024-06-19 15:06:00,3983.51,3984.99,3982.36,3984.76,4046
TCS,2024-06-19 15:07:00,3984.27,3985.29,3983.70,3984.72,5206
TCS,2024-06-19 15:08:00,3985.70,3985.94,3985.45,3985.87,3268
TCS,2024-06-19 15:09:00,3985.30,3986.31,3983.99,3984.89,7339
TCS,2024-06-19 15:10:00,3986.09,3987.22,3984.90,3985.33,6674
TCS,2024-06-19 15:11:00,3986.13,3986.27,3985.54,3986.06,6607
TCS,2024-06-19 15:12:00,3985.57,3987.01,3985.44,3986.07,2713
TCS,2024-06-19 15:13:00,3984.96,3986.33,3984.02,3985.98,1707
TCS,2024-06-19 15:14:00,3987.09,3987.18,3986.71,3987.06,8619
TCS,2024-06-19 15:15:00,3987.89,3989.35,3987.37,3988.95,7813
TCS,2024-06-19 15:16:00,3988.53,3988.62,3987.89,3988.51,5317
TCS,2024-06-19 15:17:00,3988.75,3990.12,3988.37,3988.98,5887
TCS,2024-06-19 15:18:00,3989.53,3990.00,3988.41,3989.84,7590
TCS,2024-06-19 15:19:00,3988.79,3989.08,3987.98,3988.24,3872
TCS,2024-06-19 15:20:00,3989.30,3990.08,3988.62,3989.28,7041
TCS,2024-06-19 15:21:00,3988.82,3989.08,3987.96,3988.85,2425
TCS,2024-06-19 15:22:00,3988.03,3988.93,3986.59,3987.30,7571
TCS,2024-06-19 15:23:00,3987.19,3988.25,3987.11,3987.61,3742
TCS,2024-06-19 15:24:00,3987.11,3988.29,3986.93,3987.29,6754
TCS,2024-06-19 15:25:00,3986.68,3987.95,3985.27,3986.19,8971
TCS,2024-06-19 15:26:00,3985.47,3986.18,3984.90,3985.41,7668
TCS,2024-06-19 15:27:00,3984.31,3985.30,3983.63,3984.40,4791
TCS,2024-06-19 15:28:00,3983.81,3985.13,3982.46,3983.95,1743
TCS,2024-06-19 15:29:00,3983.65,3984.24,3982.47,3983.43,4291
